[2026-09-06 23:13:33] 🟡 BTC  | 观望 WAIT      | V4 硬闸 | $80,190.60 | R:R 0.0:1 | 止损 0.00% | TP1 0.00% TP2 0.00% | 闸门: 15min 数据不可用 | 
[2026-09-06 23:13:40] 🟡 ETH  | 观望 WAIT      | V4 硬闸 | $2,510.84 | R:R 0.0:1 | 止损 0.00% | TP1 0.00% TP2 0.00% | 闸门: 15min 数据不可用 | 
[2026-09-06 23:54:38] 🟡 BTC  | 观望 WAIT      | V4 硬闸 | $80,456.50 | R:R 0.0:1 | 止损 0.00% | TP1 0.00% TP2 0.00% | 闸门: 15min 数据不可用 | 
[2026-09-06 23:54:45] 🟡 ETH  | 观望 WAIT      | V4 硬闸 | $2,517.35 | R:R 0.0:1 | 止损 0.00% | TP1 0.00% TP2 0.00% | 闸门: 15min 数据不可用 | 
[2026-09-07 00:09:43] 🟡 BTC  | 观望 WAIT      | V4 硬闸 | $80,402.30 | R:R 0.0:1 | 止损 0.00% | TP1 0.00% TP2 0.00% | 闸门: 15min 数据不可用 | 
[2026-09-07 00:09:50] 🟡 ETH  | 观望 WAIT      | V4 硬闸 | $2,515.55 | R:R 0.0:1 | 止损 0.00% | TP1 0.00% TP2 0.00% | 闸门: 15min 数据不可用 | 
[2026-09-07 00:45:30] 🟡 BTC  | 观望 WAIT      | V4 硬闸 | $80,162.90 | R:R 0.0:1 | 止损 0.00% | TP1 0.00% TP2 0.00% | 闸门: 15min 数据不可用 | 
[2026-09-07 00:45:37] 🟡 ETH  | 观望 WAIT      | V4 硬闸 | $2,515.96 | R:R 0.0:1 | 止损 0.00% | TP1 0.00% TP2 0.00% | 闸门: 15min 数据不可用 | 
[2026-09-07 00:54:21] 🟡 BTC  | 观望 WAIT      | V4 硬闸 | $80,135.50 | R:R 0.0:1 | 止损 0.00% | TP1 0.00% TP2 0.00% | 闸门: 15min 数据不可用 | 
[2026-09-07 00:54:28] 🟡 ETH  | 观望 WAIT      | V4 硬闸 | $2,512.76 | R:R 0.0:1 | 止损 0.00% | TP1 0.00% TP2 0.00% | 闸门: 15min 数据不可用 | 
[2026-09-07 01:04:30] 🟡 BTC  | 观望 WAIT      | V4 硬闸 | $80,200.30 | R:R 0.0:1 | 止损 0.00% | TP1 0.00% TP2 0.00% | 闸门: 15min 数据不可用 | 
[2026-09-07 01:04:37] 🟡 ETH  | 观望 WAIT      | V4 硬闸 | $2,514.97 | R:R 0.0:1 | 止损 0.00% | TP1 0.00% TP2 0.00% | 闸门: 15min 数据不可用 | 
[2026-09-07 01:25:20] 🟡 BTC  | 观望 WAIT      | V4 硬闸 | $79,897.00 | R:R 0.0:1 | 止损 0.00% | TP1 0.00% TP2 0.00% | 闸门: 15min 数据不可用 | 
[2026-09-07 01:25:27] 🟡 ETH  | 观望 WAIT      | V4 硬闸 | $2,503.03 | R:R 0.0:1 | 止损 0.00% | TP1 0.00% TP2 0.00% | 闸门: 15min 数据不可用 | 
[2026-09-07 02:54:41] 🟡 BTC  | 观望 WAIT      | V4 硬闸 | $80,112.60 | R:R 0.0:1 | 止损 0.00% | TP1 0.00% TP2 0.00% | 闸门: 15min 数据不可用 | 
[2026-09-07 02:54:49] 🟡 ETH  | 观望 WAIT      | V4 硬闸 | $2,517.11 | R:R 0.0:1 | 止损 0.00% | TP1 0.00% TP2 0.00% | 闸门: 15min 数据不可用 | 
[2026-09-07 04:43:14] 🟡 BTC  | 观望 WAIT      | V4 硬闸 | $79,619.70 | R:R 0.0:1 | 止损 0.00% | TP1 0.00% TP2 0.00% | 闸门: 15min 数据不可用 | 
[2026-09-07 04:43:21] 🟡 ETH  | 观望 WAIT      | V4 硬闸 | $2,495.01 | R:R 0.0:1 | 止损 0.00% | TP1 0.00% TP2 0.00% | 闸门: 15min 数据不可用 | 
[2026-09-07 05:14:42] 🟡 BTC  | 观望 WAIT      | V4 硬闸 | $79,756.50 | R:R 0.0:1 | 止损 0.00% | TP1 0.00% TP2 0.00% | 闸门: 15min 数据不可用 | 
[2026-09-07 05:14:50] 🟡 ETH  | 观望 WAIT      | V4 硬闸 | $2,503.01 | R:R 0.0:1 | 止损 0.00% | TP1 0.00% TP2 0.00% | 闸门: 15min 数据不可用 | 
[2026-09-07 05:40:53] 🟡 BTC  | 观望 WAIT      | V4 硬闸 | $79,839.10 | R:R 0.0:1 | 止损 0.00% | TP1 0.00% TP2 0.00% | 闸门: 15min 数据不可用 | 
[2026-09-07 05:40:59] 🟡 ETH  | 观望 WAIT      | V4 硬闸 | $2,509.60 | R:R 0.0:1 | 止损 0.00% | TP1 0.00% TP2 0.00% | 闸门: 15min 数据不可用 | 
[2026-09-07 06:02:25] 🟡 BTC  | 观望 WAIT      | V4 硬闸 | $79,751.50 | R:R 0.0:1 | 止损 0.00% | TP1 0.00% TP2 0.00% | 闸门: 15min 数据不可用 | 
[2026-09-07 06:02:33] 🟡 ETH  | 观望 WAIT      | V4 硬闸 | $2,504.33 | R:R 0.0:1 | 止损 0.00% | TP1 0.00% TP2 0.00% | 闸门: 15min 数据不可用 | 
[2026-09-07 06:13:34] 🟡 BTC  | 观望 WAIT      | V4 硬闸 | $79,792.60 | R:R 0.0:1 | 止损 0.00% | TP1 0.00% TP2 0.00% | 闸门: 15min 数据不可用 | 
[2026-09-07 06:13:41] 🟡 ETH  | 观望 WAIT      | V4 硬闸 | $2,509.37 | R:R 0.0:1 | 止损 0.00% | TP1 0.00% TP2 0.00% | 闸门: 15min 数据不可用 | 
[2026-09-07 07:42:27] 🟡 BTC  | 观望 WAIT      | V4 硬闸 | $79,134.90 | R:R 0.0:1 | 止损 0.00% | TP1 0.00% TP2 0.00% | 闸门: 15min 数据不可用 | 
[2026-09-07 07:42:34] 🟡 ETH  | 观望 WAIT      | V4 硬闸 | $2,480.07 | R:R 0.0:1 | 止损 0.00% | TP1 0.00% TP2 0.00% | 闸门: 15min 数据不可用 | 
[2026-09-07 09:46:25] 🟡 BTC  | 观望 WAIT      | V4 硬闸 | $79,388.50 | R:R 0.0:1 | 止损 0.00% | TP1 0.00% TP2 0.00% | 闸门: 15min 数据不可用 | 
[2026-09-07 09:46:32] 🟡 ETH  | 观望 WAIT      | V4 硬闸 | $2,491.01 | R:R 0.0:1 | 止损 0.00% | TP1 0.00% TP2 0.00% | 闸门: 15min 数据不可用 | 
[2026-09-07 10:17:58] 🟡 BTC  | 观望 WAIT      | V4 硬闸 | $79,390.30 | R:R 0.0:1 | 止损 0.00% | TP1 0.00% TP2 0.00% | 闸门: 15min 数据不可用 | 
[2026-09-07 10:18:06] 🟡 ETH  | 观望 WAIT      | V4 硬闸 | $2,488.63 | R:R 0.0:1 | 止损 0.00% | TP1 0.00% TP2 0.00% | 闸门: 15min 数据不可用 | 
[2026-09-07 10:29:53] 🟡 BTC  | 观望 WAIT      | V4 硬闸 | $79,415.70 | R:R 0.0:1 | 止损 0.00% | TP1 0.00% TP2 0.00% | 闸门: 15min 数据不可用 | 
[2026-09-07 10:30:00] 🟡 ETH  | 观望 WAIT      | V4 硬闸 | $2,489.65 | R:R 0.0:1 | 止损 0.00% | TP1 0.00% TP2 0.00% | 闸门: 15min 数据不可用 | 
[2026-09-07 10:44:52] 🟡 BTC  | 观望 WAIT      | V4 硬闸 | $79,436.70 | R:R 0.0:1 | 止损 0.00% | TP1 0.00% TP2 0.00% | 闸门: 15min 数据不可用 | 
[2026-09-07 10:44:59] 🟡 ETH  | 观望 WAIT      | V4 硬闸 | $2,491.34 | R:R 0.0:1 | 止损 0.00% | TP1 0.00% TP2 0.00% | 闸门: 15min 数据不可用 | 
[2026-09-07 12:20:46] 🟡 BTC  | 观望 WAIT      | V4 硬闸 | $79,481.90 | R:R 0.0:1 | 止损 0.00% | TP1 0.00% TP2 0.00% | 闸门: 15min 数据不可用 | 
[2026-09-07 12:20:53] 🟡 ETH  | 观望 WAIT      | V4 硬闸 | $2,492.82 | R:R 0.0:1 | 止损 0.00% | TP1 0.00% TP2 0.00% | 闸门: 15min 数据不可用 | 
[2026-09-07 12:33:32] 🟡 BTC  | 观望 WAIT      | V4 硬闸 | $79,498.20 | R:R 0.0:1 | 止损 0.00% | TP1 0.00% TP2 0.00% | 闸门: 15min 数据不可用 | 
[2026-09-07 12:33:39] 🟡 ETH  | 观望 WAIT      | V4 硬闸 | $2,493.92 | R:R 0.0:1 | 止损 0.00% | TP1 0.00% TP2 0.00% | 闸门: 15min 数据不可用 | 
[2026-09-07 13:41:44] 🟡 BTC  | 观望 WAIT      | V4 硬闸 | $79,344.60 | R:R 0.0:1 | 止损 0.00% | TP1 0.00% TP2 0.00% | 闸门: 15min 数据不可用 | 
[2026-09-07 13:41:51] 🟡 ETH  | 观望 WAIT      | V4 硬闸 | $2,498.82 | R:R 0.0:1 | 止损 0.00% | TP1 0.00% TP2 0.00% | 闸门: 15min 数据不可用 | 
[2026-09-07 15:19:46] 🟡 BTC  | 观望 WAIT      | V4 硬闸 | $79,125.10 | R:R 0.0:1 | 止损 0.00% | TP1 0.00% TP2 0.00% | 闸门: 15min 数据不可用 | 
[2026-09-07 15:19:54] 🟡 ETH  | 观望 WAIT      | V4 硬闸 | $2,487.72 | R:R 0.0:1 | 止损 0.00% | TP1 0.00% TP2 0.00% | 闸门: 15min 数据不可用 | 
[2026-09-07 15:53:42] 🟡 BTC  | 观望 WAIT      | V4 硬闸 | $78,829.90 | R:R 0.0:1 | 止损 0.00% | TP1 0.00% TP2 0.00% | 闸门: 15min 数据不可用 | 
[2026-09-07 15:53:49] 🟡 ETH  | 观望 WAIT      | V4 硬闸 | $2,472.59 | R:R 0.0:1 | 止损 0.00% | TP1 0.00% TP2 0.00% | 闸门: 15min 数据不可用 | 
[2026-09-07 16:06:21] 🟡 BTC  | 观望 WAIT      | V4 硬闸 | $78,872.30 | R:R 0.0:1 | 止损 0.00% | TP1 0.00% TP2 0.00% | 闸门: 15min 数据不可用 | 
[2026-09-07 16:06:28] 🟡 ETH  | 观望 WAIT      | V4 硬闸 | $2,473.62 | R:R 0.0:1 | 止损 0.00% | TP1 0.00% TP2 0.00% | 闸门: 15min 数据不可用 | 
[2026-09-07 17:48:05] 🟡 BTC  | 观望 WAIT      | V4 硬闸 | $79,144.60 | R:R 0.0:1 | 止损 0.00% | TP1 0.00% TP2 0.00% | 闸门: 15min 数据不可用 | 
[2026-09-07 17:48:12] 🟡 ETH  | 观望 WAIT      | V4 硬闸 | $2,492.78 | R:R 0.0:1 | 止损 0.00% | TP1 0.00% TP2 0.00% | 闸门: 15min 数据不可用 | 
[2026-09-07 18:24:25] 🟡 BTC  | 观望 WAIT      | V4 硬闸 | $79,125.30 | R:R 0.0:1 | 止损 0.00% | TP1 0.00% TP2 0.00% | 闸门: 15min 数据不可用 | 
[2026-09-07 18:24:32] 🟡 ETH  | 观望 WAIT      | V4 硬闸 | $2,491.71 | R:R 0.0:1 | 止损 0.00% | TP1 0.00% TP2 0.00% | 闸门: 15min 数据不可用 | 
[2026-09-07 19:17:04] 🟡 BTC  | 观望 WAIT      | V4 硬闸 | $79,157.70 | R:R 0.0:1 | 止损 0.00% | TP1 0.00% TP2 0.00% | 闸门: 15min 数据不可用 | 
[2026-09-07 19:17:11] 🟡 ETH  | 观望 WAIT      | V4 硬闸 | $2,490.38 | R:R 0.0:1 | 止损 0.00% | TP1 0.00% TP2 0.00% | 闸门: 15min 数据不可用 | 
[2026-09-07 19:26:01] 🟡 BTC  | 观望 WAIT      | V4 硬闸 | $79,221.87 | R:R 0.0:1 | 止损 0.00% | TP1 0.00% TP2 0.00% | 闸门: 1H 环境不满足: 均线纠缠 (EMA50/200 距 0.4%) | 
[2026-09-07 19:26:03] 🟡 ETH  | 观望 WAIT      | V4 硬闸 | $2,492.31 | R:R 0.0:1 | 止损 0.00% | TP1 0.00% TP2 0.00% | 闸门: 1H 环境不满足: 均线纠缠 (EMA50/200 距 0.8%) | 
[2026-09-07 19:51:02] 🟡 BTC  | 观望 WAIT      | V4 硬闸 | $79,360.60 | R:R 0.0:1 | 止损 0.00% | TP1 0.00% TP2 0.00% | 闸门: 15min 数据不可用 | 
[2026-09-07 19:51:09] 🟡 ETH  | 观望 WAIT      | V4 硬闸 | $2,495.96 | R:R 0.0:1 | 止损 0.00% | TP1 0.00% TP2 0.00% | 闸门: 15min 数据不可用 | 
[2026-09-07 20:48:45] 🟡 BTC  | 观望 WAIT      | V4 硬闸 | $79,211.10 | R:R 0.0:1 | 止损 0.00% | TP1 0.00% TP2 0.00% | 闸门: 15min 数据不可用 | 
[2026-09-07 20:48:53] 🟡 ETH  | 观望 WAIT      | V4 硬闸 | $2,493.35 | R:R 0.0:1 | 止损 0.00% | TP1 0.00% TP2 0.00% | 闸门: 15min 数据不可用 | 
[2026-09-07 21:38:15] 🟡 BTC  | 观望 WAIT      | V4 硬闸 | $79,178.50 | R:R 0.0:1 | 止损 0.00% | TP1 0.00% TP2 0.00% | 闸门: 15min 数据不可用 | 
[2026-09-07 21:38:22] 🟡 ETH  | 观望 WAIT      | V4 硬闸 | $2,491.87 | R:R 0.0:1 | 止损 0.00% | TP1 0.00% TP2 0.00% | 闸门: 15min 数据不可用 | 
[2026-09-07 22:06:44] 🟡 BTC  | 观望 WAIT      | V4 硬闸 | $79,163.20 | R:R 0.0:1 | 止损 0.00% | TP1 0.00% TP2 0.00% | 闸门: 15min 数据不可用 | 
[2026-09-07 22:06:51] 🟡 ETH  | 观望 WAIT      | V4 硬闸 | $2,487.78 | R:R 0.0:1 | 止损 0.00% | TP1 0.00% TP2 0.00% | 闸门: 15min 数据不可用 | 
[2026-09-07 22:18:30] 🟡 BTC  | 观望 WAIT      | V4 硬闸 | $79,057.90 | R:R 0.0:1 | 止损 0.00% | TP1 0.00% TP2 0.00% | 闸门: 15min 数据不可用 | 
[2026-09-07 22:18:37] 🟡 ETH  | 观望 WAIT      | V4 硬闸 | $2,484.46 | R:R 0.0:1 | 止损 0.00% | TP1 0.00% TP2 0.00% | 闸门: 15min 数据不可用 | 
[2026-09-07 22:36:35] 🟡 BTC  | 观望 WAIT      | V4 硬闸 | $79,018.20 | R:R 0.0:1 | 止损 0.00% | TP1 0.00% TP2 0.00% | 闸门: 15min 数据不可用 | 
[2026-09-07 22:36:42] 🟡 ETH  | 观望 WAIT      | V4 硬闸 | $2,481.29 | R:R 0.0:1 | 止损 0.00% | TP1 0.00% TP2 0.00% | 闸门: 15min 数据不可用 | 
[2026-09-07 23:03:18] 🟡 BTC  | 观望 WAIT      | V4 硬闸 | $78,992.40 | R:R 0.0:1 | 止损 0.00% | TP1 0.00% TP2 0.00% | 闸门: 15min 数据不可用 | 
[2026-09-07 23:03:25] 🟡 ETH  | 观望 WAIT      | V4 硬闸 | $2,484.99 | R:R 0.0:1 | 止损 0.00% | TP1 0.00% TP2 0.00% | 闸门: 15min 数据不可用 | 
[2026-09-07 23:44:56] 🟡 BTC  | 观望 WAIT      | V4 硬闸 | $79,103.60 | R:R 0.0:1 | 止损 0.00% | TP1 0.00% TP2 0.00% | 闸门: 15min 数据不可用 | 
[2026-09-07 23:45:03] 🟡 ETH  | 观望 WAIT      | V4 硬闸 | $2,490.27 | R:R 0.0:1 | 止损 0.00% | TP1 0.00% TP2 0.00% | 闸门: 15min 数据不可用 | 
[2026-09-08 00:15:33] 🟡 BTC  | 观望 WAIT      | V4 硬闸 | $79,012.10 | R:R 0.0:1 | 止损 0.00% | TP1 0.00% TP2 0.00% | 闸门: 15min 数据不可用 | 
[2026-09-08 00:15:40] 🟡 ETH  | 观望 WAIT      | V4 硬闸 | $2,486.07 | R:R 0.0:1 | 止损 0.00% | TP1 0.00% TP2 0.00% | 闸门: 15min 数据不可用 | 
[2026-09-08 00:30:59] 🟡 BTC  | 观望 WAIT      | V4 硬闸 | $78,965.70 | R:R 0.0:1 | 止损 0.00% | TP1 0.00% TP2 0.00% | 闸门: 15min 数据不可用 | 
[2026-09-08 00:31:06] 🟡 ETH  | 观望 WAIT      | V4 硬闸 | $2,483.13 | R:R 0.0:1 | 止损 0.00% | TP1 0.00% TP2 0.00% | 闸门: 15min 数据不可用 | 
[2026-09-08 00:39:59] 🟡 BTC  | 观望 WAIT      | V4 硬闸 | $79,212.60 | R:R 0.0:1 | 止损 0.00% | TP1 0.00% TP2 0.00% | 闸门: 15min 数据不可用 | 
[2026-09-08 00:40:06] 🟡 ETH  | 观望 WAIT      | V4 硬闸 | $2,492.17 | R:R 0.0:1 | 止损 0.00% | TP1 0.00% TP2 0.00% | 闸门: 15min 数据不可用 | 
[2026-09-08 01:07:14] 🟡 BTC  | 观望 WAIT      | V4 硬闸 | $79,246.90 | R:R 0.0:1 | 止损 0.00% | TP1 0.00% TP2 0.00% | 闸门: 15min 数据不可用 | 
[2026-09-08 01:07:22] 🟡 ETH  | 观望 WAIT      | V4 硬闸 | $2,492.92 | R:R 0.0:1 | 止损 0.00% | TP1 0.00% TP2 0.00% | 闸门: 15min 数据不可用 | 
[2026-09-08 01:26:21] 🟡 BTC  | 观望 WAIT      | V4 硬闸 | $79,384.20 | R:R 0.0:1 | 止损 0.00% | TP1 0.00% TP2 0.00% | 闸门: 15min 数据不可用 | 
[2026-09-08 01:26:29] 🟡 ETH  | 观望 WAIT      | V4 硬闸 | $2,504.42 | R:R 0.0:1 | 止损 0.00% | TP1 0.00% TP2 0.00% | 闸门: 15min 数据不可用 | 
[2026-09-08 04:37:06] 🟡 BTC  | 观望 WAIT      | V4 硬闸 | $78,774.50 | R:R 0.0:1 | 止损 0.00% | TP1 0.00% TP2 0.00% | 闸门: 15min 数据不可用 | 
[2026-09-08 04:37:12] 🟡 ETH  | 观望 WAIT      | V4 硬闸 | $2,482.37 | R:R 0.0:1 | 止损 0.00% | TP1 0.00% TP2 0.00% | 闸门: 15min 数据不可用 | 
[2026-09-08 05:00:27] 🟡 BTC  | 观望 WAIT      | V4 硬闸 | $78,653.80 | R:R 0.0:1 | 止损 0.00% | TP1 0.00% TP2 0.00% | 闸门: 15min 数据不可用 | 
[2026-09-08 05:00:34] 🟡 ETH  | 观望 WAIT      | V4 硬闸 | $2,476.52 | R:R 0.0:1 | 止损 0.00% | TP1 0.00% TP2 0.00% | 闸门: 15min 数据不可用 | 
[2026-09-08 05:16:36] 🟡 BTC  | 观望 WAIT      | V4 硬闸 | $78,689.20 | R:R 0.0:1 | 止损 0.00% | TP1 0.00% TP2 0.00% | 闸门: 15min 数据不可用 | 
[2026-09-08 05:16:43] 🟡 ETH  | 观望 WAIT      | V4 硬闸 | $2,478.12 | R:R 0.0:1 | 止损 0.00% | TP1 0.00% TP2 0.00% | 闸门: 15min 数据不可用 | 
[2026-09-08 05:53:25] 🟡 BTC  | 观望 WAIT      | V4 硬闸 | $78,603.10 | R:R 0.0:1 | 止损 0.00% | TP1 0.00% TP2 0.00% | 闸门: 15min 数据不可用 | 
[2026-09-08 05:53:32] 🟡 ETH  | 观望 WAIT      | V4 硬闸 | $2,473.65 | R:R 0.0:1 | 止损 0.00% | TP1 0.00% TP2 0.00% | 闸门: 15min 数据不可用 | 
[2026-09-08 06:12:42] 🟡 BTC  | 观望 WAIT      | V4 硬闸 | $78,502.70 | R:R 0.0:1 | 止损 0.00% | TP1 0.00% TP2 0.00% | 闸门: 15min 数据不可用 | 
[2026-09-08 06:12:49] 🟡 ETH  | 观望 WAIT      | V4 硬闸 | $2,471.99 | R:R 0.0:1 | 止损 0.00% | TP1 0.00% TP2 0.00% | 闸门: 15min 数据不可用 | 
[2026-09-08 09:02:56] 🟡 BTC  | 观望 WAIT      | V4 硬闸 | $78,379.60 | R:R 0.0:1 | 止损 0.00% | TP1 0.00% TP2 0.00% | 闸门: 15min 数据不可用 | 
[2026-09-08 09:03:03] 🟡 ETH  | 观望 WAIT      | V4 硬闸 | $2,476.56 | R:R 0.0:1 | 止损 0.00% | TP1 0.00% TP2 0.00% | 闸门: 15min 数据不可用 | 
[2026-09-08 09:34:14] 🟡 BTC  | 观望 WAIT      | V4 硬闸 | $78,574.00 | R:R 0.0:1 | 止损 0.00% | TP1 0.00% TP2 0.00% | 闸门: 15min 数据不可用 | 
[2026-09-08 09:34:21] 🟡 ETH  | 观望 WAIT      | V4 硬闸 | $2,490.70 | R:R 0.0:1 | 止损 0.00% | TP1 0.00% TP2 0.00% | 闸门: 15min 数据不可用 | 
[2026-09-08 09:49:45] 🟡 BTC  | 观望 WAIT      | V4 硬闸 | $78,745.50 | R:R 0.0:1 | 止损 0.00% | TP1 0.00% TP2 0.00% | 闸门: 15min 数据不可用 | 
[2026-09-08 09:49:52] 🟡 ETH  | 观望 WAIT      | V4 硬闸 | $2,493.54 | R:R 0.0:1 | 止损 0.00% | TP1 0.00% TP2 0.00% | 闸门: 15min 数据不可用 | 
[2026-09-08 10:08:47] 🟡 BTC  | 观望 WAIT      | V4 硬闸 | $78,670.70 | R:R 0.0:1 | 止损 0.00% | TP1 0.00% TP2 0.00% | 闸门: 15min 数据不可用 | 
[2026-09-08 10:08:55] 🟡 ETH  | 观望 WAIT      | V4 硬闸 | $2,486.52 | R:R 0.0:1 | 止损 0.00% | TP1 0.00% TP2 0.00% | 闸门: 15min 数据不可用 | 
[2026-09-08 11:06:54] 🟡 BTC  | 观望 WAIT      | V4 硬闸 | $78,401.50 | R:R 0.0:1 | 止损 0.00% | TP1 0.00% TP2 0.00% | 闸门: 15min 数据不可用 | 
[2026-09-08 11:07:01] 🟡 ETH  | 观望 WAIT      | V4 硬闸 | $2,477.32 | R:R 0.0:1 | 止损 0.00% | TP1 0.00% TP2 0.00% | 闸门: 15min 数据不可用 | 
[2026-09-08 11:19:17] 🟡 BTC  | 观望 WAIT      | V4 硬闸 | $78,354.10 | R:R 0.0:1 | 止损 0.00% | TP1 0.00% TP2 0.00% | 闸门: 15min 数据不可用 | 
[2026-09-08 11:19:24] 🟡 ETH  | 观望 WAIT      | V4 硬闸 | $2,473.80 | R:R 0.0:1 | 止损 0.00% | TP1 0.00% TP2 0.00% | 闸门: 15min 数据不可用 | 
[2026-09-08 13:28:25] 🟡 BTC  | 观望 WAIT      | V4 硬闸 | $78,312.40 | R:R 0.0:1 | 止损 0.00% | TP1 0.00% TP2 0.00% | 闸门: 15min 数据不可用 | 
[2026-09-08 13:28:32] 🟡 ETH  | 观望 WAIT      | V4 硬闸 | $2,469.36 | R:R 0.0:1 | 止损 0.00% | TP1 0.00% TP2 0.00% | 闸门: 15min 数据不可用 | 
[2026-09-08 13:50:59] 🟡 BTC  | 观望 WAIT      | V4 硬闸 | $77,728.40 | R:R 0.0:1 | 止损 0.00% | TP1 0.00% TP2 0.00% | 闸门: 15min 数据不可用 | 
[2026-09-08 13:51:06] 🟡 ETH  | 观望 WAIT      | V4 硬闸 | $2,449.97 | R:R 0.0:1 | 止损 0.00% | TP1 0.00% TP2 0.00% | 闸门: 15min 数据不可用 | 
[2026-09-08 14:28:53] 🟡 BTC  | 观望 WAIT      | V4 硬闸 | $78,285.50 | R:R 0.0:1 | 止损 0.00% | TP1 0.00% TP2 0.00% | 闸门: 15min 数据不可用 | 
[2026-09-08 14:29:00] 🟡 ETH  | 观望 WAIT      | V4 硬闸 | $2,476.72 | R:R 0.0:1 | 止损 0.00% | TP1 0.00% TP2 0.00% | 闸门: 15min 数据不可用 | 
[2026-09-08 15:04:59] 🟡 BTC  | 观望 WAIT      | V4 硬闸 | $78,519.60 | R:R 0.0:1 | 止损 0.00% | TP1 0.00% TP2 0.00% | 闸门: 15min 数据不可用 | 
[2026-09-08 15:05:06] 🟡 ETH  | 观望 WAIT      | V4 硬闸 | $2,485.46 | R:R 0.0:1 | 止损 0.00% | TP1 0.00% TP2 0.00% | 闸门: 15min 数据不可用 | 
[2026-09-08 17:19:37] 🟡 BTC  | 观望 WAIT      | V4 硬闸 | $78,626.40 | R:R 0.0:1 | 止损 0.00% | TP1 0.00% TP2 0.00% | 闸门: 15min 数据不可用 | 
[2026-09-08 17:19:44] 🟡 ETH  | 观望 WAIT      | V4 硬闸 | $2,493.45 | R:R 0.0:1 | 止损 0.00% | TP1 0.00% TP2 0.00% | 闸门: 15min 数据不可用 | 
[2026-09-08 17:36:44] 🟡 BTC  | 观望 WAIT      | V4 硬闸 | $78,630.50 | R:R 0.0:1 | 止损 0.00% | TP1 0.00% TP2 0.00% | 闸门: 15min 数据不可用 | 
[2026-09-08 17:36:50] 🟡 ETH  | 观望 WAIT      | V4 硬闸 | $2,493.06 | R:R 0.0:1 | 止损 0.00% | TP1 0.00% TP2 0.00% | 闸门: 15min 数据不可用 | 
[2026-09-08 17:48:57] 🟡 BTC  | 观望 WAIT      | V4 硬闸 | $78,523.90 | R:R 0.0:1 | 止损 0.00% | TP1 0.00% TP2 0.00% | 闸门: 15min 数据不可用 | 
[2026-09-08 17:49:04] 🟡 ETH  | 观望 WAIT      | V4 硬闸 | $2,488.90 | R:R 0.0:1 | 止损 0.00% | TP1 0.00% TP2 0.00% | 闸门: 15min 数据不可用 | 
[2026-09-08 17:59:40] 🟡 BTC  | 观望 WAIT      | V4 硬闸 | $78,500.10 | R:R 0.0:1 | 止损 0.00% | TP1 0.00% TP2 0.00% | 闸门: 15min 数据不可用 | 
[2026-09-08 17:59:47] 🟡 ETH  | 观望 WAIT      | V4 硬闸 | $2,487.86 | R:R 0.0:1 | 止损 0.00% | TP1 0.00% TP2 0.00% | 闸门: 15min 数据不可用 | 
[2026-09-08 18:36:31] 🟡 BTC  | 观望 WAIT      | V4 硬闸 | $78,650.20 | R:R 0.0:1 | 止损 0.00% | TP1 0.00% TP2 0.00% | 闸门: 15min 数据不可用 | 
[2026-09-08 18:36:38] 🟡 ETH  | 观望 WAIT      | V4 硬闸 | $2,498.21 | R:R 0.0:1 | 止损 0.00% | TP1 0.00% TP2 0.00% | 闸门: 15min 数据不可用 | 
[2026-09-08 19:56:33] 🟡 BTC  | 观望 WAIT      | V4 硬闸 | $78,322.30 | R:R 0.0:1 | 止损 0.00% | TP1 0.00% TP2 0.00% | 闸门: 15min 数据不可用 | 
[2026-09-08 19:56:40] 🟡 ETH  | 观望 WAIT      | V4 硬闸 | $2,478.04 | R:R 0.0:1 | 止损 0.00% | TP1 0.00% TP2 0.00% | 闸门: 15min 数据不可用 | 
[2026-09-08 20:18:13] 🟡 BTC  | 观望 WAIT      | V4 硬闸 | $78,549.50 | R:R 0.0:1 | 止损 0.00% | TP1 0.00% TP2 0.00% | 闸门: 15min 数据不可用 | 
[2026-09-08 20:18:20] 🟡 ETH  | 观望 WAIT      | V4 硬闸 | $2,487.30 | R:R 0.0:1 | 止损 0.00% | TP1 0.00% TP2 0.00% | 闸门: 15min 数据不可用 | 
[2026-09-08 20:43:31] 🟡 BTC  | 观望 WAIT      | V4 硬闸 | $78,538.00 | R:R 0.0:1 | 止损 0.00% | TP1 0.00% TP2 0.00% | 闸门: 15min 数据不可用 | 
[2026-09-08 20:43:38] 🟡 ETH  | 观望 WAIT      | V4 硬闸 | $2,484.31 | R:R 0.0:1 | 止损 0.00% | TP1 0.00% TP2 0.00% | 闸门: 15min 数据不可用 | 
[2026-09-08 21:23:57] 🟡 BTC  | 观望 WAIT      | V4 硬闸 | $78,540.80 | R:R 0.0:1 | 止损 0.00% | TP1 0.00% TP2 0.00% | 闸门: 15min 数据不可用 | 
[2026-09-08 21:24:03] 🟡 ETH  | 观望 WAIT      | V4 硬闸 | $2,484.29 | R:R 0.0:1 | 止损 0.00% | TP1 0.00% TP2 0.00% | 闸门: 15min 数据不可用 | 
[2026-09-08 22:09:03] 🟡 BTC  | 观望 WAIT      | V4 硬闸 | $78,461.70 | R:R 0.0:1 | 止损 0.00% | TP1 0.00% TP2 0.00% | 闸门: 15min 数据不可用 | 
[2026-09-08 22:09:11] 🟡 ETH  | 观望 WAIT      | V4 硬闸 | $2,482.28 | R:R 0.0:1 | 止损 0.00% | TP1 0.00% TP2 0.00% | 闸门: 15min 数据不可用 | 
[2026-09-08 22:45:51] 🟡 BTC  | 观望 WAIT      | V4 硬闸 | $78,501.90 | R:R 0.0:1 | 止损 0.00% | TP1 0.00% TP2 0.00% | 闸门: 15min 数据不可用 | 
[2026-09-08 22:46:00] 🟡 ETH  | 观望 WAIT      | V4 硬闸 | $2,485.12 | R:R 0.0:1 | 止损 0.00% | TP1 0.00% TP2 0.00% | 闸门: 15min 数据不可用 | 
[2026-09-08 22:59:01] 🟡 BTC  | 观望 WAIT      | V4 硬闸 | $78,557.60 | R:R 0.0:1 | 止损 0.00% | TP1 0.00% TP2 0.00% | 闸门: 15min 数据不可用 | 
[2026-09-08 22:59:08] 🟡 ETH  | 观望 WAIT      | V4 硬闸 | $2,489.21 | R:R 0.0:1 | 止损 0.00% | TP1 0.00% TP2 0.00% | 闸门: 15min 数据不可用 | 
[2026-09-08 23:28:48] 🟡 BTC  | 观望 WAIT      | V4 硬闸 | $78,467.70 | R:R 0.0:1 | 止损 0.00% | TP1 0.00% TP2 0.00% | 闸门: 15min 数据不可用 | 
[2026-09-08 23:28:55] 🟡 ETH  | 观望 WAIT      | V4 硬闸 | $2,484.10 | R:R 0.0:1 | 止损 0.00% | TP1 0.00% TP2 0.00% | 闸门: 15min 数据不可用 | 
[2026-09-09 00:09:01] 🟡 BTC  | 观望 WAIT      | V4 硬闸 | $78,605.20 | R:R 0.0:1 | 止损 0.00% | TP1 0.00% TP2 0.00% | 闸门: 15min 数据不可用 | 
[2026-09-09 00:09:08] 🟡 ETH  | 观望 WAIT      | V4 硬闸 | $2,491.28 | R:R 0.0:1 | 止损 0.00% | TP1 0.00% TP2 0.00% | 闸门: 15min 数据不可用 | 
[2026-09-09 00:44:02] 🟡 BTC  | 观望 WAIT      | V4 硬闸 | $78,658.50 | R:R 0.0:1 | 止损 0.00% | TP1 0.00% TP2 0.00% | 闸门: 15min 数据不可用 | 
[2026-09-09 00:44:10] 🟡 ETH  | 观望 WAIT      | V4 硬闸 | $2,491.48 | R:R 0.0:1 | 止损 0.00% | TP1 0.00% TP2 0.00% | 闸门: 15min 数据不可用 | 
[2026-09-09 01:01:19] 🟡 BTC  | 观望 WAIT      | V4 硬闸 | $78,737.90 | R:R 0.0:1 | 止损 0.00% | TP1 0.00% TP2 0.00% | 闸门: 15min 数据不可用 | 
[2026-09-09 01:01:26] 🟡 ETH  | 观望 WAIT      | V4 硬闸 | $2,495.04 | R:R 0.0:1 | 止损 0.00% | TP1 0.00% TP2 0.00% | 闸门: 15min 数据不可用 | 
[2026-09-09 01:24:05] 🟡 BTC  | 观望 WAIT      | V4 硬闸 | $78,658.70 | R:R 0.0:1 | 止损 0.00% | TP1 0.00% TP2 0.00% | 闸门: 15min 数据不可用 | 
[2026-09-09 01:24:12] 🟡 ETH  | 观望 WAIT      | V4 硬闸 | $2,490.01 | R:R 0.0:1 | 止损 0.00% | TP1 0.00% TP2 0.00% | 闸门: 15min 数据不可用 | 
[2026-09-09 04:33:37] 🟡 BTC  | 观望 WAIT      | V4 硬闸 | $78,869.40 | R:R 0.0:1 | 止损 0.00% | TP1 0.00% TP2 0.00% | 闸门: 15min 数据不可用 | 
[2026-09-09 04:33:45] 🟡 ETH  | 观望 WAIT      | V4 硬闸 | $2,496.48 | R:R 0.0:1 | 止损 0.00% | TP1 0.00% TP2 0.00% | 闸门: 15min 数据不可用 | 
[2026-09-09 05:20:03] 🟡 BTC  | 观望 WAIT      | V4 硬闸 | $79,305.70 | R:R 0.0:1 | 止损 0.00% | TP1 0.00% TP2 0.00% | 闸门: 15min 数据不可用 | 
[2026-09-09 05:20:10] 🟡 ETH  | 观望 WAIT      | V4 硬闸 | $2,507.80 | R:R 0.0:1 | 止损 0.00% | TP1 0.00% TP2 0.00% | 闸门: 15min 数据不可用 | 
[2026-09-09 05:54:08] 🟡 BTC  | 观望 WAIT      | V4 硬闸 | $78,890.80 | R:R 0.0:1 | 止损 0.00% | TP1 0.00% TP2 0.00% | 闸门: 15min 数据不可用 | 
[2026-09-09 05:54:15] 🟡 ETH  | 观望 WAIT      | V4 硬闸 | $2,495.17 | R:R 0.0:1 | 止损 0.00% | TP1 0.00% TP2 0.00% | 闸门: 15min 数据不可用 | 
[2026-09-09 06:10:37] 🟡 BTC  | 观望 WAIT      | V4 硬闸 | $78,962.60 | R:R 0.0:1 | 止损 0.00% | TP1 0.00% TP2 0.00% | 闸门: 15min 数据不可用 | 
[2026-09-09 06:10:44] 🟡 ETH  | 观望 WAIT      | V4 硬闸 | $2,496.93 | R:R 0.0:1 | 止损 0.00% | TP1 0.00% TP2 0.00% | 闸门: 15min 数据不可用 | 
[2026-09-09 06:37:02] 🟡 BTC  | 观望 WAIT      | V4 硬闸 | $79,200.20 | R:R 0.0:1 | 止损 0.00% | TP1 0.00% TP2 0.00% | 闸门: 15min 数据不可用 | 
[2026-09-09 06:37:09] 🟡 ETH  | 观望 WAIT      | V4 硬闸 | $2,500.02 | R:R 0.0:1 | 止损 0.00% | TP1 0.00% TP2 0.00% | 闸门: 15min 数据不可用 | 
[2026-09-09 09:07:30] 🟡 BTC  | 观望 WAIT      | V4 硬闸 | $79,580.40 | R:R 0.0:1 | 止损 0.00% | TP1 0.00% TP2 0.00% | 闸门: 15min 数据不可用 | 
[2026-09-09 09:07:37] 🟡 ETH  | 观望 WAIT      | V4 硬闸 | $2,516.37 | R:R 0.0:1 | 止损 0.00% | TP1 0.00% TP2 0.00% | 闸门: 15min 数据不可用 | 
[2026-09-09 09:53:52] 🟡 BTC  | 观望 WAIT      | V4 硬闸 | $78,990.80 | R:R 0.0:1 | 止损 0.00% | TP1 0.00% TP2 0.00% | 闸门: 15min 数据不可用 | 
[2026-09-09 09:53:59] 🟡 ETH  | 观望 WAIT      | V4 硬闸 | $2,494.56 | R:R 0.0:1 | 止损 0.00% | TP1 0.00% TP2 0.00% | 闸门: 15min 数据不可用 | 
[2026-09-09 10:11:19] 🟡 BTC  | 观望 WAIT      | V4 硬闸 | $79,012.50 | R:R 0.0:1 | 止损 0.00% | TP1 0.00% TP2 0.00% | 闸门: 15min 数据不可用 | 
[2026-09-09 10:11:26] 🟡 ETH  | 观望 WAIT      | V4 硬闸 | $2,492.07 | R:R 0.0:1 | 止损 0.00% | TP1 0.00% TP2 0.00% | 闸门: 15min 数据不可用 | 
[2026-09-09 11:19:22] 🟡 BTC  | 观望 WAIT      | V4 硬闸 | $78,800.10 | R:R 0.0:1 | 止损 0.00% | TP1 0.00% TP2 0.00% | 闸门: 15min 数据不可用 | 
[2026-09-09 11:19:30] 🟡 ETH  | 观望 WAIT      | V4 硬闸 | $2,485.35 | R:R 0.0:1 | 止损 0.00% | TP1 0.00% TP2 0.00% | 闸门: 15min 数据不可用 | 
[2026-09-09 11:50:44] 🟡 BTC  | 观望 WAIT      | V4 硬闸 | $79,136.10 | R:R 0.0:1 | 止损 0.00% | TP1 0.00% TP2 0.00% | 闸门: 15min 数据不可用 | 
[2026-09-09 11:50:51] 🟡 ETH  | 观望 WAIT      | V4 硬闸 | $2,497.76 | R:R 0.0:1 | 止损 0.00% | TP1 0.00% TP2 0.00% | 闸门: 15min 数据不可用 | 
[2026-09-09 13:39:49] 🟡 BTC  | 观望 WAIT      | V4 硬闸 | $79,319.50 | R:R 0.0:1 | 止损 0.00% | TP1 0.00% TP2 0.00% | 闸门: 15min 数据不可用 | 
[2026-09-09 13:39:56] 🟡 ETH  | 观望 WAIT      | V4 硬闸 | $2,507.20 | R:R 0.0:1 | 止损 0.00% | TP1 0.00% TP2 0.00% | 闸门: 15min 数据不可用 | 
[2026-09-09 14:01:56] 🟡 BTC  | 观望 WAIT      | V4 硬闸 | $78,916.20 | R:R 0.0:1 | 止损 0.00% | TP1 0.00% TP2 0.00% | 闸门: 15min 数据不可用 | 
[2026-09-09 14:02:03] 🟡 ETH  | 观望 WAIT      | V4 硬闸 | $2,496.73 | R:R 0.0:1 | 止损 0.00% | TP1 0.00% TP2 0.00% | 闸门: 15min 数据不可用 | 
[2026-09-09 14:19:37] 🟡 BTC  | 观望 WAIT      | V4 硬闸 | $78,931.10 | R:R 0.0:1 | 止损 0.00% | TP1 0.00% TP2 0.00% | 闸门: 15min 数据不可用 | 
[2026-09-09 14:19:45] 🟡 ETH  | 观望 WAIT      | V4 硬闸 | $2,496.97 | R:R 0.0:1 | 止损 0.00% | TP1 0.00% TP2 0.00% | 闸门: 15min 数据不可用 | 
[2026-09-09 14:36:33] 🟡 BTC  | 观望 WAIT      | V4 硬闸 | $79,391.40 | R:R 0.0:1 | 止损 0.00% | TP1 0.00% TP2 0.00% | 闸门: 15min 数据不可用 | 
[2026-09-09 14:36:40] 🟡 ETH  | 观望 WAIT      | V4 硬闸 | $2,512.95 | R:R 0.0:1 | 止损 0.00% | TP1 0.00% TP2 0.00% | 闸门: 15min 数据不可用 | 
[2026-09-09 15:10:19] 🟡 BTC  | 观望 WAIT      | V4 硬闸 | $78,623.50 | R:R 0.0:1 | 止损 0.00% | TP1 0.00% TP2 0.00% | 闸门: 15min 数据不可用 | 
[2026-09-09 15:10:26] 🟡 ETH  | 观望 WAIT      | V4 硬闸 | $2,492.79 | R:R 0.0:1 | 止损 0.00% | TP1 0.00% TP2 0.00% | 闸门: 15min 数据不可用 | 
[2026-09-09 15:30:29] 🟡 BTC  | 观望 WAIT      | V4 硬闸 | $78,329.00 | R:R 0.0:1 | 止损 0.00% | TP1 0.00% TP2 0.00% | 闸门: 15min 数据不可用 | 
[2026-09-09 15:30:36] 🟡 ETH  | 观望 WAIT      | V4 硬闸 | $2,480.58 | R:R 0.0:1 | 止损 0.00% | TP1 0.00% TP2 0.00% | 闸门: 15min 数据不可用 | 
[2026-09-09 17:15:46] 🟡 BTC  | 观望 WAIT      | V4 硬闸 | $78,855.00 | R:R 0.0:1 | 止损 0.00% | TP1 0.00% TP2 0.00% | 闸门: 15min 数据不可用 | 
[2026-09-09 17:15:54] 🟡 ETH  | 观望 WAIT      | V4 硬闸 | $2,496.86 | R:R 0.0:1 | 止损 0.00% | TP1 0.00% TP2 0.00% | 闸门: 15min 数据不可用 | 
[2026-09-09 17:46:11] 🟡 BTC  | 观望 WAIT      | V4 硬闸 | $78,670.80 | R:R 0.0:1 | 止损 0.00% | TP1 0.00% TP2 0.00% | 闸门: 15min 数据不可用 | 
[2026-09-09 17:46:18] 🟡 ETH  | 观望 WAIT      | V4 硬闸 | $2,490.30 | R:R 0.0:1 | 止损 0.00% | TP1 0.00% TP2 0.00% | 闸门: 15min 数据不可用 | 
[2026-09-09 17:56:31] 🟡 BTC  | 观望 WAIT      | V4 硬闸 | $78,763.10 | R:R 0.0:1 | 止损 0.00% | TP1 0.00% TP2 0.00% | 闸门: 15min 数据不可用 | 
[2026-09-09 17:56:38] 🟡 ETH  | 观望 WAIT      | V4 硬闸 | $2,494.28 | R:R 0.0:1 | 止损 0.00% | TP1 0.00% TP2 0.00% | 闸门: 15min 数据不可用 | 
[2026-09-09 18:33:50] 🟡 BTC  | 观望 WAIT      | V4 硬闸 | $78,622.20 | R:R 0.0:1 | 止损 0.00% | TP1 0.00% TP2 0.00% | 闸门: 15min 数据不可用 | 
[2026-09-09 18:33:57] 🟡 ETH  | 观望 WAIT      | V4 硬闸 | $2,491.24 | R:R 0.0:1 | 止损 0.00% | TP1 0.00% TP2 0.00% | 闸门: 15min 数据不可用 | 
[2026-09-09 18:49:45] 🟡 BTC  | 观望 WAIT      | V4 硬闸 | $78,474.40 | R:R 0.0:1 | 止损 0.00% | TP1 0.00% TP2 0.00% | 闸门: 15min 数据不可用 | 
[2026-09-09 18:49:52] 🟡 ETH  | 观望 WAIT      | V4 硬闸 | $2,488.01 | R:R 0.0:1 | 止损 0.00% | TP1 0.00% TP2 0.00% | 闸门: 15min 数据不可用 | 
[2026-09-09 19:46:22] 🟡 BTC  | 观望 WAIT      | V4 硬闸 | $78,294.60 | R:R 0.0:1 | 止损 0.00% | TP1 0.00% TP2 0.00% | 闸门: 15min 数据不可用 | 
[2026-09-09 19:46:28] 🟡 ETH  | 观望 WAIT      | V4 硬闸 | $2,471.44 | R:R 0.0:1 | 止损 0.00% | TP1 0.00% TP2 0.00% | 闸门: 15min 数据不可用 | 
[2026-09-09 20:04:20] 🟡 BTC  | 观望 WAIT      | V4 硬闸 | $78,203.90 | R:R 0.0:1 | 止损 0.00% | TP1 0.00% TP2 0.00% | 闸门: 15min 数据不可用 | 
[2026-09-09 20:04:27] 🟡 ETH  | 观望 WAIT      | V4 硬闸 | $2,465.06 | R:R 0.0:1 | 止损 0.00% | TP1 0.00% TP2 0.00% | 闸门: 15min 数据不可用 | 
[2026-09-09 20:13:14] 🟡 BTC  | 观望 WAIT      | V4 硬闸 | $78,257.20 | R:R 0.0:1 | 止损 0.00% | TP1 0.00% TP2 0.00% | 闸门: 15min 数据不可用 | 
[2026-09-09 20:13:21] 🟡 ETH  | 观望 WAIT      | V4 硬闸 | $2,466.78 | R:R 0.0:1 | 止损 0.00% | TP1 0.00% TP2 0.00% | 闸门: 15min 数据不可用 | 
[2026-09-09 20:47:34] 🟡 BTC  | 观望 WAIT      | V4 硬闸 | $78,252.01 | R:R 0.0:1 | 止损 0.00% | TP1 0.00% TP2 0.00% | 闸门: 15min 入场 Setup 不满足 | 
[2026-09-09 20:47:36] 🟡 ETH  | 观望 WAIT      | V4 硬闸 | $2,468.10 | R:R 0.0:1 | 止损 0.00% | TP1 0.00% TP2 0.00% | 闸门: 1H 环境不满足: 均线纠缠 (EMA50/200 距 0.5%) | 
[2026-09-09 21:08:13] 🟡 BTC  | 观望 WAIT      | V4 硬闸 | $78,261.60 | R:R 0.0:1 | 止损 0.00% | TP1 0.00% TP2 0.00% | 闸门: 15min 数据不可用 | 
[2026-09-09 21:08:20] 🟡 ETH  | 观望 WAIT      | V4 硬闸 | $2,469.57 | R:R 0.0:1 | 止损 0.00% | TP1 0.00% TP2 0.00% | 闸门: 15min 数据不可用 | 
[2026-09-09 21:18:01] 🟡 BTC  | 观望 WAIT      | V4 硬闸 | $78,146.30 | R:R 0.0:1 | 止损 0.00% | TP1 0.00% TP2 0.00% | 闸门: 15min 数据不可用 | 
[2026-09-09 21:18:08] 🟡 ETH  | 观望 WAIT      | V4 硬闸 | $2,465.16 | R:R 0.0:1 | 止损 0.00% | TP1 0.00% TP2 0.00% | 闸门: 15min 数据不可用 | 
[2026-09-09 21:57:42] 🟡 BTC  | 观望 WAIT      | V4 硬闸 | $78,089.00 | R:R 0.0:1 | 止损 0.00% | TP1 0.00% TP2 0.00% | 闸门: 15min 数据不可用 | 
[2026-09-09 21:57:50] 🟡 ETH  | 观望 WAIT      | V4 硬闸 | $2,459.78 | R:R 0.0:1 | 止损 0.00% | TP1 0.00% TP2 0.00% | 闸门: 15min 数据不可用 | 
[2026-09-09 22:28:46] 🟡 BTC  | 观望 WAIT      | V4 硬闸 | $78,019.70 | R:R 0.0:1 | 止损 0.00% | TP1 0.00% TP2 0.00% | 闸门: 15min 数据不可用 | 
[2026-09-09 22:28:54] 🟡 ETH  | 观望 WAIT      | V4 硬闸 | $2,454.29 | R:R 0.0:1 | 止损 0.00% | TP1 0.00% TP2 0.00% | 闸门: 15min 数据不可用 | 
[2026-09-09 22:38:03] 🟡 BTC  | 观望 WAIT      | V4 硬闸 | $77,997.30 | R:R 0.0:1 | 止损 0.00% | TP1 0.00% TP2 0.00% | 闸门: 15min 数据不可用 | 
[2026-09-09 22:38:10] 🟡 ETH  | 观望 WAIT      | V4 硬闸 | $2,454.90 | R:R 0.0:1 | 止损 0.00% | TP1 0.00% TP2 0.00% | 闸门: 15min 数据不可用 | 
[2026-09-09 22:47:52] 🟡 BTC  | 观望 WAIT      | V4 硬闸 | $78,014.70 | R:R 0.0:1 | 止损 0.00% | TP1 0.00% TP2 0.00% | 闸门: 15min 数据不可用 | 
[2026-09-09 22:47:59] 🟡 ETH  | 观望 WAIT      | V4 硬闸 | $2,454.52 | R:R 0.0:1 | 止损 0.00% | TP1 0.00% TP2 0.00% | 闸门: 15min 数据不可用 | 
[2026-09-09 23:12:13] 🟡 BTC  | 观望 WAIT      | V4 硬闸 | $78,155.90 | R:R 0.0:1 | 止损 0.00% | TP1 0.00% TP2 0.00% | 闸门: 15min 数据不可用 | 
[2026-09-09 23:12:20] 🟡 ETH  | 观望 WAIT      | V4 硬闸 | $2,459.99 | R:R 0.0:1 | 止损 0.00% | TP1 0.00% TP2 0.00% | 闸门: 15min 数据不可用 | 
[2026-09-09 23:22:02] 🟡 BTC  | 观望 WAIT      | V4 硬闸 | $78,151.50 | R:R 0.0:1 | 止损 0.00% | TP1 0.00% TP2 0.00% | 闸门: 15min 数据不可用 | 
[2026-09-09 23:22:09] 🟡 ETH  | 观望 WAIT      | V4 硬闸 | $2,461.12 | R:R 0.0:1 | 止损 0.00% | TP1 0.00% TP2 0.00% | 闸门: 15min 数据不可用 | 
[2026-09-09 23:43:48] 🟡 BTC  | 观望 WAIT      | V4 硬闸 | $78,207.50 | R:R 0.0:1 | 止损 0.00% | TP1 0.00% TP2 0.00% | 闸门: 15min 数据不可用 | 
[2026-09-09 23:43:55] 🟡 ETH  | 观望 WAIT      | V4 硬闸 | $2,465.25 | R:R 0.0:1 | 止损 0.00% | TP1 0.00% TP2 0.00% | 闸门: 15min 数据不可用 | 
[2026-09-10 00:29:58] 🟡 BTC  | 观望 WAIT      | V4 硬闸 | $78,304.60 | R:R 0.0:1 | 止损 0.00% | TP1 0.00% TP2 0.00% | 闸门: 15min 数据不可用 | 
[2026-09-10 00:30:05] 🟡 ETH  | 观望 WAIT      | V4 硬闸 | $2,469.47 | R:R 0.0:1 | 止损 0.00% | TP1 0.00% TP2 0.00% | 闸门: 15min 数据不可用 | 
[2026-09-10 00:40:38] 🟡 BTC  | 观望 WAIT      | V4 硬闸 | $78,187.80 | R:R 0.0:1 | 止损 0.00% | TP1 0.00% TP2 0.00% | 闸门: 15min 数据不可用 | 
[2026-09-10 00:40:45] 🟡 ETH  | 观望 WAIT      | V4 硬闸 | $2,465.25 | R:R 0.0:1 | 止损 0.00% | TP1 0.00% TP2 0.00% | 闸门: 15min 数据不可用 | 
[2026-09-10 01:04:03] 🟡 BTC  | 观望 WAIT      | V4 硬闸 | $78,255.40 | R:R 0.0:1 | 止损 0.00% | TP1 0.00% TP2 0.00% | 闸门: 15min 数据不可用 | 
[2026-09-10 01:04:11] 🟡 ETH  | 观望 WAIT      | V4 硬闸 | $2,468.33 | R:R 0.0:1 | 止损 0.00% | TP1 0.00% TP2 0.00% | 闸门: 15min 数据不可用 | 
[2026-09-10 01:15:20] 🟡 BTC  | 观望 WAIT      | V4 硬闸 | $78,286.50 | R:R 0.0:1 | 止损 0.00% | TP1 0.00% TP2 0.00% | 闸门: 15min 数据不可用 | 
[2026-09-10 01:15:27] 🟡 ETH  | 观望 WAIT      | V4 硬闸 | $2,468.77 | R:R 0.0:1 | 止损 0.00% | TP1 0.00% TP2 0.00% | 闸门: 15min 数据不可用 | 
[2026-09-10 01:28:13] 🟡 BTC  | 观望 WAIT      | V4 硬闸 | $78,177.70 | R:R 0.0:1 | 止损 0.00% | TP1 0.00% TP2 0.00% | 闸门: 15min 数据不可用 | 
[2026-09-10 01:28:20] 🟡 ETH  | 观望 WAIT      | V4 硬闸 | $2,464.79 | R:R 0.0:1 | 止损 0.00% | TP1 0.00% TP2 0.00% | 闸门: 15min 数据不可用 | 
[2026-09-10 05:07:40] 🟡 BTC  | 观望 WAIT      | V4 硬闸 | $78,278.00 | R:R 0.0:1 | 止损 0.00% | TP1 0.00% TP2 0.00% | 闸门: 15min 数据不可用 | 
[2026-09-10 05:07:47] 🟡 ETH  | 观望 WAIT      | V4 硬闸 | $2,474.19 | R:R 0.0:1 | 止损 0.00% | TP1 0.00% TP2 0.00% | 闸门: 15min 数据不可用 | 
[2026-09-10 05:20:36] 🟡 BTC  | 观望 WAIT      | V4 硬闸 | $78,357.40 | R:R 0.0:1 | 止损 0.00% | TP1 0.00% TP2 0.00% | 闸门: 15min 数据不可用 | 
[2026-09-10 05:20:43] 🟡 ETH  | 观望 WAIT      | V4 硬闸 | $2,477.78 | R:R 0.0:1 | 止损 0.00% | TP1 0.00% TP2 0.00% | 闸门: 15min 数据不可用 | 
[2026-09-10 05:52:29] 🟡 BTC  | 观望 WAIT      | V4 硬闸 | $78,407.30 | R:R 0.0:1 | 止损 0.00% | TP1 0.00% TP2 0.00% | 闸门: 15min 数据不可用 | 
[2026-09-10 05:52:36] 🟡 ETH  | 观望 WAIT      | V4 硬闸 | $2,479.97 | R:R 0.0:1 | 止损 0.00% | TP1 0.00% TP2 0.00% | 闸门: 15min 数据不可用 | 
[2026-09-10 06:04:17] 🟡 BTC  | 观望 WAIT      | V4 硬闸 | $78,430.60 | R:R 0.0:1 | 止损 0.00% | TP1 0.00% TP2 0.00% | 闸门: 15min 数据不可用 | 
[2026-09-10 06:04:23] 🟡 ETH  | 观望 WAIT      | V4 硬闸 | $2,479.40 | R:R 0.0:1 | 止损 0.00% | TP1 0.00% TP2 0.00% | 闸门: 15min 数据不可用 | 
[2026-09-10 06:15:47] 🟡 BTC  | 观望 WAIT      | V4 硬闸 | $78,263.80 | R:R 0.0:1 | 止损 0.00% | TP1 0.00% TP2 0.00% | 闸门: 15min 数据不可用 | 
[2026-09-10 06:15:53] 🟡 ETH  | 观望 WAIT      | V4 硬闸 | $2,473.99 | R:R 0.0:1 | 止损 0.00% | TP1 0.00% TP2 0.00% | 闸门: 15min 数据不可用 | 
[2026-09-10 09:38:27] 🟡 BTC  | 观望 WAIT      | V4 硬闸 | $78,021.70 | R:R 0.0:1 | 止损 0.00% | TP1 0.00% TP2 0.00% | 闸门: 15min 数据不可用 | 
[2026-09-10 09:38:34] 🟡 ETH  | 观望 WAIT      | V4 硬闸 | $2,470.51 | R:R 0.0:1 | 止损 0.00% | TP1 0.00% TP2 0.00% | 闸门: 15min 数据不可用 | 
[2026-09-10 09:49:26] 🟡 BTC  | 观望 WAIT      | V4 硬闸 | $77,959.10 | R:R 0.0:1 | 止损 0.00% | TP1 0.00% TP2 0.00% | 闸门: 15min 数据不可用 | 
[2026-09-10 09:49:34] 🟡 ETH  | 观望 WAIT      | V4 硬闸 | $2,468.33 | R:R 0.0:1 | 止损 0.00% | TP1 0.00% TP2 0.00% | 闸门: 15min 数据不可用 | 
[2026-09-10 10:05:22] 🟡 BTC  | 观望 WAIT      | V4 硬闸 | $77,970.90 | R:R 0.0:1 | 止损 0.00% | TP1 0.00% TP2 0.00% | 闸门: 15min 数据不可用 | 
[2026-09-10 10:05:28] 🟡 ETH  | 观望 WAIT      | V4 硬闸 | $2,469.00 | R:R 0.0:1 | 止损 0.00% | TP1 0.00% TP2 0.00% | 闸门: 15min 数据不可用 | 
[2026-09-10 11:12:47] 🟡 BTC  | 观望 WAIT      | V4 硬闸 | $77,804.80 | R:R 0.0:1 | 止损 0.00% | TP1 0.00% TP2 0.00% | 闸门: 15min 数据不可用 | 
[2026-09-10 11:12:54] 🟡 ETH  | 观望 WAIT      | V4 硬闸 | $2,459.77 | R:R 0.0:1 | 止损 0.00% | TP1 0.00% TP2 0.00% | 闸门: 15min 数据不可用 | 
[2026-09-10 13:47:10] 🟡 BTC  | 观望 WAIT      | V4 硬闸 | $77,022.70 | R:R 0.0:1 | 止损 0.00% | TP1 0.00% TP2 0.00% | 闸门: 15min 数据不可用 | 
[2026-09-10 13:47:17] 🟡 ETH  | 观望 WAIT      | V4 硬闸 | $2,429.21 | R:R 0.0:1 | 止损 0.00% | TP1 0.00% TP2 0.00% | 闸门: 15min 数据不可用 | 
[2026-09-10 14:06:13] 🟡 BTC  | 观望 WAIT      | V4 硬闸 | $77,110.30 | R:R 0.0:1 | 止损 0.00% | TP1 0.00% TP2 0.00% | 闸门: 15min 数据不可用 | 
[2026-09-10 14:06:20] 🟡 ETH  | 观望 WAIT      | V4 硬闸 | $2,433.24 | R:R 0.0:1 | 止损 0.00% | TP1 0.00% TP2 0.00% | 闸门: 15min 数据不可用 | 
[2026-09-10 14:21:10] 🟡 BTC  | 观望 WAIT      | V4 硬闸 | $77,010.50 | R:R 0.0:1 | 止损 0.00% | TP1 0.00% TP2 0.00% | 闸门: 15min 数据不可用 | 
[2026-09-10 14:21:17] 🟡 ETH  | 观望 WAIT      | V4 硬闸 | $2,432.56 | R:R 0.0:1 | 止损 0.00% | TP1 0.00% TP2 0.00% | 闸门: 15min 数据不可用 | 
[2026-09-10 15:00:17] 🟡 BTC  | 观望 WAIT      | V4 硬闸 | $77,350.00 | R:R 0.0:1 | 止损 0.00% | TP1 0.00% TP2 0.00% | 闸门: 15min 数据不可用 | 
[2026-09-10 15:00:25] 🟡 ETH  | 观望 WAIT      | V4 硬闸 | $2,441.38 | R:R 0.0:1 | 止损 0.00% | TP1 0.00% TP2 0.00% | 闸门: 15min 数据不可用 | 
[2026-09-10 17:14:26] 🟡 BTC  | 观望 WAIT      | V4 硬闸 | $77,138.30 | R:R 0.0:1 | 止损 0.00% | TP1 0.00% TP2 0.00% | 闸门: 15min 数据不可用 | 
[2026-09-10 17:14:33] 🟡 ETH  | 观望 WAIT      | V4 硬闸 | $2,451.97 | R:R 0.0:1 | 止损 0.00% | TP1 0.00% TP2 0.00% | 闸门: 15min 数据不可用 | 
[2026-09-10 17:28:33] 🟡 BTC  | 观望 WAIT      | V4 硬闸 | $77,289.80 | R:R 0.0:1 | 止损 0.00% | TP1 0.00% TP2 0.00% | 闸门: 15min 数据不可用 | 
[2026-09-10 17:28:40] 🟡 ETH  | 观望 WAIT      | V4 硬闸 | $2,458.87 | R:R 0.0:1 | 止损 0.00% | TP1 0.00% TP2 0.00% | 闸门: 15min 数据不可用 | 
[2026-09-10 17:41:24] 🟡 BTC  | 观望 WAIT      | V4 硬闸 | $77,327.80 | R:R 0.0:1 | 止损 0.00% | TP1 0.00% TP2 0.00% | 闸门: 15min 数据不可用 | 
[2026-09-10 17:41:31] 🟡 ETH  | 观望 WAIT      | V4 硬闸 | $2,465.05 | R:R 0.0:1 | 止损 0.00% | TP1 0.00% TP2 0.00% | 闸门: 15min 数据不可用 | 
[2026-09-10 18:13:53] 🟡 BTC  | 观望 WAIT      | V4 硬闸 | $76,984.00 | R:R 0.0:1 | 止损 0.00% | TP1 0.00% TP2 0.00% | 闸门: 15min 数据不可用 | 
[2026-09-10 18:14:00] 🟡 ETH  | 观望 WAIT      | V4 硬闸 | $2,455.82 | R:R 0.0:1 | 止损 0.00% | TP1 0.00% TP2 0.00% | 闸门: 15min 数据不可用 | 
[2026-09-10 19:41:36] 🟡 BTC  | 观望 WAIT      | V4 硬闸 | $77,200.00 | R:R 0.0:1 | 止损 0.00% | TP1 0.00% TP2 0.00% | 闸门: 15min 数据不可用 | 
[2026-09-10 19:41:44] 🟡 ETH  | 观望 WAIT      | V4 硬闸 | $2,467.25 | R:R 0.0:1 | 止损 0.00% | TP1 0.00% TP2 0.00% | 闸门: 15min 数据不可用 | 
[2026-09-10 19:50:42] 🟡 BTC  | 观望 WAIT      | V4 硬闸 | $77,060.20 | R:R 0.0:1 | 止损 0.00% | TP1 0.00% TP2 0.00% | 闸门: 15min 数据不可用 | 
[2026-09-10 19:50:49] 🟡 ETH  | 观望 WAIT      | V4 硬闸 | $2,461.15 | R:R 0.0:1 | 止损 0.00% | TP1 0.00% TP2 0.00% | 闸门: 15min 数据不可用 | 
[2026-09-10 19:59:59] 🟡 BTC  | 观望 WAIT      | V4 硬闸 | $77,122.80 | R:R 0.0:1 | 止损 0.00% | TP1 0.00% TP2 0.00% | 闸门: 15min 数据不可用 | 
[2026-09-10 20:00:06] 🟡 ETH  | 观望 WAIT      | V4 硬闸 | $2,462.19 | R:R 0.0:1 | 止损 0.00% | TP1 0.00% TP2 0.00% | 闸门: 15min 数据不可用 | 
[2026-09-10 20:50:57] 🟡 BTC  | 观望 WAIT      | V4 硬闸 | $77,232.00 | R:R 0.0:1 | 止损 0.00% | TP1 0.00% TP2 0.00% | 闸门: 15min 数据不可用 | 
[2026-09-10 20:51:04] 🟡 ETH  | 观望 WAIT      | V4 硬闸 | $2,461.93 | R:R 0.0:1 | 止损 0.00% | TP1 0.00% TP2 0.00% | 闸门: 15min 数据不可用 | 
[2026-09-10 21:00:13] 🟡 BTC  | 观望 WAIT      | V4 硬闸 | $77,249.40 | R:R 0.0:1 | 止损 0.00% | TP1 0.00% TP2 0.00% | 闸门: 15min 数据不可用 | 
[2026-09-10 21:00:20] 🟡 ETH  | 观望 WAIT      | V4 硬闸 | $2,461.33 | R:R 0.0:1 | 止损 0.00% | TP1 0.00% TP2 0.00% | 闸门: 15min 数据不可用 | 
[2026-09-10 21:54:33] 🟡 BTC  | 观望 WAIT      | V4 硬闸 | $77,120.20 | R:R 0.0:1 | 止损 0.00% | TP1 0.00% TP2 0.00% | 闸门: 15min 数据不可用 | 
[2026-09-10 21:54:40] 🟡 ETH  | 观望 WAIT      | V4 硬闸 | $2,459.07 | R:R 0.0:1 | 止损 0.00% | TP1 0.00% TP2 0.00% | 闸门: 15min 数据不可用 | 
[2026-09-10 22:27:49] 🟡 BTC  | 观望 WAIT      | V4 硬闸 | $77,107.60 | R:R 0.0:1 | 止损 0.00% | TP1 0.00% TP2 0.00% | 闸门: 15min 数据不可用 | 
[2026-09-10 22:27:56] 🟡 ETH  | 观望 WAIT      | V4 硬闸 | $2,454.93 | R:R 0.0:1 | 止损 0.00% | TP1 0.00% TP2 0.00% | 闸门: 15min 数据不可用 | 
[2026-09-10 22:48:30] 🟡 BTC  | 观望 WAIT      | V4 硬闸 | $76,928.00 | R:R 0.0:1 | 止损 0.00% | TP1 0.00% TP2 0.00% | 闸门: 15min 数据不可用 | 
[2026-09-10 22:48:38] 🟡 ETH  | 观望 WAIT      | V4 硬闸 | $2,450.22 | R:R 0.0:1 | 止损 0.00% | TP1 0.00% TP2 0.00% | 闸门: 15min 数据不可用 | 
[2026-09-10 23:05:47] 🟡 BTC  | 观望 WAIT      | V4 硬闸 | $76,839.30 | R:R 0.0:1 | 止损 0.00% | TP1 0.00% TP2 0.00% | 闸门: 15min 数据不可用 | 
[2026-09-10 23:05:54] 🟡 ETH  | 观望 WAIT      | V4 硬闸 | $2,445.73 | R:R 0.0:1 | 止损 0.00% | TP1 0.00% TP2 0.00% | 闸门: 15min 数据不可用 | 
[2026-09-10 23:28:14] 🟡 BTC  | 观望 WAIT      | V4 硬闸 | $76,738.90 | R:R 0.0:1 | 止损 0.00% | TP1 0.00% TP2 0.00% | 闸门: 15min 数据不可用 | 
[2026-09-10 23:28:21] 🟡 ETH  | 观望 WAIT      | V4 硬闸 | $2,444.12 | R:R 0.0:1 | 止损 0.00% | TP1 0.00% TP2 0.00% | 闸门: 15min 数据不可用 | 
[2026-09-10 23:58:56] 🟡 BTC  | 观望 WAIT      | V4 硬闸 | $76,570.20 | R:R 0.0:1 | 止损 0.00% | TP1 0.00% TP2 0.00% | 闸门: 15min 数据不可用 | 
[2026-09-10 23:59:05] 🟡 ETH  | 观望 WAIT      | V4 硬闸 | $2,437.28 | R:R 0.0:1 | 止损 0.00% | TP1 0.00% TP2 0.00% | 闸门: 15min 数据不可用 | 
[2026-09-11 00:23:36] 🟡 BTC  | 观望 WAIT      | V4 硬闸 | $76,835.20 | R:R 0.0:1 | 止损 0.00% | TP1 0.00% TP2 0.00% | 闸门: 15min 数据不可用 | 
[2026-09-11 00:23:43] 🟡 ETH  | 观望 WAIT      | V4 硬闸 | $2,452.38 | R:R 0.0:1 | 止损 0.00% | TP1 0.00% TP2 0.00% | 闸门: 15min 数据不可用 | 
[2026-09-11 00:36:02] 🟡 BTC  | 观望 WAIT      | V4 硬闸 | $76,765.90 | R:R 0.0:1 | 止损 0.00% | TP1 0.00% TP2 0.00% | 闸门: 15min 数据不可用 | 
[2026-09-11 00:36:10] 🟡 ETH  | 观望 WAIT      | V4 硬闸 | $2,449.58 | R:R 0.0:1 | 止损 0.00% | TP1 0.00% TP2 0.00% | 闸门: 15min 数据不可用 | 
[2026-09-11 01:02:29] 🟡 BTC  | 观望 WAIT      | V4 硬闸 | $76,943.20 | R:R 0.0:1 | 止损 0.00% | TP1 0.00% TP2 0.00% | 闸门: 15min 数据不可用 | 
[2026-09-11 01:02:36] 🟡 ETH  | 观望 WAIT      | V4 硬闸 | $2,457.56 | R:R 0.0:1 | 止损 0.00% | TP1 0.00% TP2 0.00% | 闸门: 15min 数据不可用 | 
[2026-09-11 01:17:58] 🟡 BTC  | 观望 WAIT      | V4 硬闸 | $76,879.40 | R:R 0.0:1 | 止损 0.00% | TP1 0.00% TP2 0.00% | 闸门: 15min 数据不可用 | 
[2026-09-11 01:18:05] 🟡 ETH  | 观望 WAIT      | V4 硬闸 | $2,455.69 | R:R 0.0:1 | 止损 0.00% | TP1 0.00% TP2 0.00% | 闸门: 15min 数据不可用 | 
[2026-09-11 04:24:32] 🟡 BTC  | 观望 WAIT      | V4 硬闸 | $77,015.20 | R:R 0.0:1 | 止损 0.00% | TP1 0.00% TP2 0.00% | 闸门: 15min 数据不可用 | 
[2026-09-11 04:24:39] 🟡 ETH  | 观望 WAIT      | V4 硬闸 | $2,453.88 | R:R 0.0:1 | 止损 0.00% | TP1 0.00% TP2 0.00% | 闸门: 15min 数据不可用 | 
[2026-09-11 04:53:48] 🟡 BTC  | 观望 WAIT      | V4 硬闸 | $77,103.60 | R:R 0.0:1 | 止损 0.00% | TP1 0.00% TP2 0.00% | 闸门: 15min 数据不可用 | 
[2026-09-11 04:53:55] 🟡 ETH  | 观望 WAIT      | V4 硬闸 | $2,458.06 | R:R 0.0:1 | 止损 0.00% | TP1 0.00% TP2 0.00% | 闸门: 15min 数据不可用 | 
[2026-09-11 05:03:28] 🟡 BTC  | 观望 WAIT      | V4 硬闸 | $77,065.50 | R:R 0.0:1 | 止损 0.00% | TP1 0.00% TP2 0.00% | 闸门: 15min 数据不可用 | 
[2026-09-11 05:03:34] 🟡 ETH  | 观望 WAIT      | V4 硬闸 | $2,457.35 | R:R 0.0:1 | 止损 0.00% | TP1 0.00% TP2 0.00% | 闸门: 15min 数据不可用 | 
[2026-09-11 05:53:24] 🟡 BTC  | 观望 WAIT      | V4 硬闸 | $77,154.80 | R:R 0.0:1 | 止损 0.00% | TP1 0.00% TP2 0.00% | 闸门: 15min 数据不可用 | 
[2026-09-11 05:53:31] 🟡 ETH  | 观望 WAIT      | V4 硬闸 | $2,464.63 | R:R 0.0:1 | 止损 0.00% | TP1 0.00% TP2 0.00% | 闸门: 15min 数据不可用 | 
[2026-09-11 06:03:08] 🟡 BTC  | 观望 WAIT      | V4 硬闸 | $77,225.90 | R:R 0.0:1 | 止损 0.00% | TP1 0.00% TP2 0.00% | 闸门: 15min 数据不可用 | 
[2026-09-11 06:03:15] 🟡 ETH  | 观望 WAIT      | V4 硬闸 | $2,467.66 | R:R 0.0:1 | 止损 0.00% | TP1 0.00% TP2 0.00% | 闸门: 15min 数据不可用 | 
[2026-09-11 09:00:24] 🟡 BTC  | 观望 WAIT      | V4 硬闸 | $77,337.50 | R:R 0.0:1 | 止损 0.00% | TP1 0.00% TP2 0.00% | 闸门: 15min 数据不可用 | 
[2026-09-11 09:00:31] 🟡 ETH  | 观望 WAIT      | V4 硬闸 | $2,475.78 | R:R 0.0:1 | 止损 0.00% | TP1 0.00% TP2 0.00% | 闸门: 15min 数据不可用 | 
[2026-09-11 09:14:43] 🟡 BTC  | 观望 WAIT      | V4 硬闸 | $77,265.90 | R:R 0.0:1 | 止损 0.00% | TP1 0.00% TP2 0.00% | 闸门: 15min 数据不可用 | 
[2026-09-11 09:14:50] 🟡 ETH  | 观望 WAIT      | V4 硬闸 | $2,473.01 | R:R 0.0:1 | 止损 0.00% | TP1 0.00% TP2 0.00% | 闸门: 15min 数据不可用 | 
[2026-09-11 09:35:14] 🟡 BTC  | 观望 WAIT      | V4 硬闸 | $77,043.60 | R:R 0.0:1 | 止损 0.00% | TP1 0.00% TP2 0.00% | 闸门: 15min 数据不可用 | 
[2026-09-11 09:35:22] 🟡 ETH  | 观望 WAIT      | V4 硬闸 | $2,469.09 | R:R 0.0:1 | 止损 0.00% | TP1 0.00% TP2 0.00% | 闸门: 15min 数据不可用 | 
[2026-09-11 10:34:08] 🟡 BTC  | 观望 WAIT      | V4 硬闸 | $76,991.90 | R:R 0.0:1 | 止损 0.00% | TP1 0.00% TP2 0.00% | 闸门: 15min 数据不可用 | 
[2026-09-11 10:34:15] 🟡 ETH  | 观望 WAIT      | V4 硬闸 | $2,463.04 | R:R 0.0:1 | 止损 0.00% | TP1 0.00% TP2 0.00% | 闸门: 15min 数据不可用 | 
[2026-09-11 11:08:40] 🟡 BTC  | 观望 WAIT      | V4 硬闸 | $76,776.00 | R:R 0.0:1 | 止损 0.00% | TP1 0.00% TP2 0.00% | 闸门: 15min 数据不可用 | 
[2026-09-11 11:08:47] 🟡 ETH  | 观望 WAIT      | V4 硬闸 | $2,452.72 | R:R 0.0:1 | 止损 0.00% | TP1 0.00% TP2 0.00% | 闸门: 15min 数据不可用 | 
[2026-09-11 13:28:45] 🟡 BTC  | 观望 WAIT      | V4 硬闸 | $77,499.30 | R:R 0.0:1 | 止损 0.00% | TP1 0.00% TP2 0.00% | 闸门: 15min 数据不可用 | 
[2026-09-11 13:28:52] 🟡 ETH  | 观望 WAIT      | V4 硬闸 | $2,502.57 | R:R 0.0:1 | 止损 0.00% | TP1 0.00% TP2 0.00% | 闸门: 15min 数据不可用 | 
[2026-09-11 13:46:14] 🟡 BTC  | 观望 WAIT      | V4 硬闸 | $77,826.70 | R:R 0.0:1 | 止损 0.00% | TP1 0.00% TP2 0.00% | 闸门: 15min 数据不可用 | 
[2026-09-11 13:46:21] 🟡 ETH  | 观望 WAIT      | V4 硬闸 | $2,527.30 | R:R 0.0:1 | 止损 0.00% | TP1 0.00% TP2 0.00% | 闸门: 15min 数据不可用 | 
[2026-09-11 14:36:18] 🟡 BTC  | 观望 WAIT      | V4 硬闸 | $78,670.50 | R:R 0.0:1 | 止损 0.00% | TP1 0.00% TP2 0.00% | 闸门: 15min 数据不可用 | 
[2026-09-11 14:36:25] 🟡 ETH  | 观望 WAIT      | V4 硬闸 | $2,607.41 | R:R 0.0:1 | 止损 0.00% | TP1 0.00% TP2 0.00% | 闸门: 15min 数据不可用 | 
[2026-09-11 14:57:58] 🟡 BTC  | 观望 WAIT      | V4 硬闸 | $78,816.90 | R:R 0.0:1 | 止损 0.00% | TP1 0.00% TP2 0.00% | 闸门: 15min 数据不可用 | 
[2026-09-11 14:58:05] 🟡 ETH  | 观望 WAIT      | V4 硬闸 | $2,607.51 | R:R 0.0:1 | 止损 0.00% | TP1 0.00% TP2 0.00% | 闸门: 15min 数据不可用 | 
[2026-09-11 17:07:55] 🟡 BTC  | 观望 WAIT      | V4 硬闸 | $77,840.10 | R:R 0.0:1 | 止损 0.00% | TP1 0.00% TP2 0.00% | 闸门: 15min 数据不可用 | 
[2026-09-11 17:08:02] 🟡 ETH  | 观望 WAIT      | V4 硬闸 | $2,578.58 | R:R 0.0:1 | 止损 0.00% | TP1 0.00% TP2 0.00% | 闸门: 15min 数据不可用 | 
[2026-09-11 17:21:17] 🟡 BTC  | 观望 WAIT      | V4 硬闸 | $77,745.80 | R:R 0.0:1 | 止损 0.00% | TP1 0.00% TP2 0.00% | 闸门: 15min 数据不可用 | 
[2026-09-11 17:21:24] 🟡 ETH  | 观望 WAIT      | V4 硬闸 | $2,574.18 | R:R 0.0:1 | 止损 0.00% | TP1 0.00% TP2 0.00% | 闸门: 15min 数据不可用 | 
[2026-09-11 17:54:38] 🟡 BTC  | 观望 WAIT      | V4 硬闸 | $77,507.30 | R:R 0.0:1 | 止损 0.00% | TP1 0.00% TP2 0.00% | 闸门: 15min 数据不可用 | 
[2026-09-11 17:54:44] 🟡 ETH  | 观望 WAIT      | V4 硬闸 | $2,563.52 | R:R 0.0:1 | 止损 0.00% | TP1 0.00% TP2 0.00% | 闸门: 15min 数据不可用 | 
[2026-09-11 18:04:32] 🟡 BTC  | 观望 WAIT      | V4 硬闸 | $77,084.70 | R:R 0.0:1 | 止损 0.00% | TP1 0.00% TP2 0.00% | 闸门: 15min 数据不可用 | 
[2026-09-11 18:04:39] 🟡 ETH  | 观望 WAIT      | V4 硬闸 | $2,546.99 | R:R 0.0:1 | 止损 0.00% | TP1 0.00% TP2 0.00% | 闸门: 15min 数据不可用 | 
[2026-09-11 19:41:25] 🟡 BTC  | 观望 WAIT      | V4 硬闸 | $77,270.70 | R:R 0.0:1 | 止损 0.00% | TP1 0.00% TP2 0.00% | 闸门: 15min 数据不可用 | 
[2026-09-11 19:41:32] 🟡 ETH  | 观望 WAIT      | V4 硬闸 | $2,543.81 | R:R 0.0:1 | 止损 0.00% | TP1 0.00% TP2 0.00% | 闸门: 15min 数据不可用 | 
[2026-09-11 19:53:38] 🟡 BTC  | 观望 WAIT      | V4 硬闸 | $77,313.40 | R:R 0.0:1 | 止损 0.00% | TP1 0.00% TP2 0.00% | 闸门: 15min 数据不可用 | 
[2026-09-11 19:53:46] 🟡 ETH  | 观望 WAIT      | V4 硬闸 | $2,540.05 | R:R 0.0:1 | 止损 0.00% | TP1 0.00% TP2 0.00% | 闸门: 15min 数据不可用 | 
[2026-09-11 20:32:59] 🟡 BTC  | 观望 WAIT      | V4 硬闸 | $77,316.00 | R:R 0.0:1 | 止损 0.00% | TP1 0.00% TP2 0.00% | 闸门: 15min 数据不可用 | 
[2026-09-11 20:33:06] 🟡 ETH  | 观望 WAIT      | V4 硬闸 | $2,528.27 | R:R 0.0:1 | 止损 0.00% | TP1 0.00% TP2 0.00% | 闸门: 15min 数据不可用 | 
[2026-09-11 20:53:32] 🟡 BTC  | 观望 WAIT      | V4 硬闸 | $77,276.90 | R:R 0.0:1 | 止损 0.00% | TP1 0.00% TP2 0.00% | 闸门: 15min 数据不可用 | 
[2026-09-11 20:53:40] 🟡 ETH  | 观望 WAIT      | V4 硬闸 | $2,527.68 | R:R 0.0:1 | 止损 0.00% | TP1 0.00% TP2 0.00% | 闸门: 15min 数据不可用 | 
[2026-09-11 21:56:08] 🟡 BTC  | 观望 WAIT      | V4 硬闸 | $77,164.70 | R:R 0.0:1 | 止损 0.00% | TP1 0.00% TP2 0.00% | 闸门: 15min 数据不可用 | 
[2026-09-11 21:56:15] 🟡 ETH  | 观望 WAIT      | V4 硬闸 | $2,517.35 | R:R 0.0:1 | 止损 0.00% | TP1 0.00% TP2 0.00% | 闸门: 15min 数据不可用 | 
[2026-09-11 22:11:48] 🟡 BTC  | 观望 WAIT      | V4 硬闸 | $77,157.30 | R:R 0.0:1 | 止损 0.00% | TP1 0.00% TP2 0.00% | 闸门: 15min 数据不可用 | 
[2026-09-11 22:11:55] 🟡 ETH  | 观望 WAIT      | V4 硬闸 | $2,518.67 | R:R 0.0:1 | 止损 0.00% | TP1 0.00% TP2 0.00% | 闸门: 15min 数据不可用 | 
[2026-09-11 22:28:22] 🟡 BTC  | 观望 WAIT      | V4 硬闸 | $77,163.40 | R:R 0.0:1 | 止损 0.00% | TP1 0.00% TP2 0.00% | 闸门: 15min 数据不可用 | 
[2026-09-11 22:28:30] 🟡 ETH  | 观望 WAIT      | V4 硬闸 | $2,521.25 | R:R 0.0:1 | 止损 0.00% | TP1 0.00% TP2 0.00% | 闸门: 15min 数据不可用 | 
[2026-09-11 22:46:23] 🟡 BTC  | 观望 WAIT      | V4 硬闸 | $77,077.80 | R:R 0.0:1 | 止损 0.00% | TP1 0.00% TP2 0.00% | 闸门: 15min 数据不可用 | 
[2026-09-11 22:46:30] 🟡 ETH  | 观望 WAIT      | V4 硬闸 | $2,515.70 | R:R 0.0:1 | 止损 0.00% | TP1 0.00% TP2 0.00% | 闸门: 15min 数据不可用 | 
[2026-09-11 23:38:52] 🟡 BTC  | 观望 WAIT      | V4 硬闸 | $77,186.20 | R:R 0.0:1 | 止损 0.00% | TP1 0.00% TP2 0.00% | 闸门: 15min 数据不可用 | 
[2026-09-11 23:38:59] 🟡 ETH  | 观望 WAIT      | V4 硬闸 | $2,512.62 | R:R 0.0:1 | 止损 0.00% | TP1 0.00% TP2 0.00% | 闸门: 15min 数据不可用 | 
[2026-09-11 23:50:16] 🟡 BTC  | 观望 WAIT      | V4 硬闸 | $77,158.00 | R:R 0.0:1 | 止损 0.00% | TP1 0.00% TP2 0.00% | 闸门: 15min 数据不可用 | 
[2026-09-11 23:50:23] 🟡 ETH  | 观望 WAIT      | V4 硬闸 | $2,511.87 | R:R 0.0:1 | 止损 0.00% | TP1 0.00% TP2 0.00% | 闸门: 15min 数据不可用 | 
[2026-09-12 00:06:01] 🟡 BTC  | 观望 WAIT      | V4 硬闸 | $77,248.20 | R:R 0.0:1 | 止损 0.00% | TP1 0.00% TP2 0.00% | 闸门: 15min 数据不可用 | 
[2026-09-12 00:06:09] 🟡 ETH  | 观望 WAIT      | V4 硬闸 | $2,513.30 | R:R 0.0:1 | 止损 0.00% | TP1 0.00% TP2 0.00% | 闸门: 15min 数据不可用 | 
[2026-09-12 00:20:07] 🟡 BTC  | 观望 WAIT      | V4 硬闸 | $77,281.80 | R:R 0.0:1 | 止损 0.00% | TP1 0.00% TP2 0.00% | 闸门: 15min 数据不可用 | 
[2026-09-12 00:20:14] 🟡 ETH  | 观望 WAIT      | V4 硬闸 | $2,516.59 | R:R 0.0:1 | 止损 0.00% | TP1 0.00% TP2 0.00% | 闸门: 15min 数据不可用 | 
[2026-09-12 00:33:31] 🟡 BTC  | 观望 WAIT      | V4 硬闸 | $77,232.70 | R:R 0.0:1 | 止损 0.00% | TP1 0.00% TP2 0.00% | 闸门: 15min 数据不可用 | 
[2026-09-12 00:33:38] 🟡 ETH  | 观望 WAIT      | V4 硬闸 | $2,512.51 | R:R 0.0:1 | 止损 0.00% | TP1 0.00% TP2 0.00% | 闸门: 15min 数据不可用 | 
[2026-09-12 00:42:54] 🟡 BTC  | 观望 WAIT      | V4 硬闸 | $77,265.50 | R:R 0.0:1 | 止损 0.00% | TP1 0.00% TP2 0.00% | 闸门: 15min 数据不可用 | 
[2026-09-12 00:43:01] 🟡 ETH  | 观望 WAIT      | V4 硬闸 | $2,513.19 | R:R 0.0:1 | 止损 0.00% | TP1 0.00% TP2 0.00% | 闸门: 15min 数据不可用 | 
[2026-09-12 01:30:57] 🟡 BTC  | 观望 WAIT      | V4 硬闸 | $77,306.20 | R:R 0.0:1 | 止损 0.00% | TP1 0.00% TP2 0.00% | 闸门: 15min 数据不可用 | 
[2026-09-12 01:31:05] 🟡 ETH  | 观望 WAIT      | V4 硬闸 | $2,513.28 | R:R 0.0:1 | 止损 0.00% | TP1 0.00% TP2 0.00% | 闸门: 15min 数据不可用 | 
[2026-09-12 04:32:03] 🟡 BTC  | 观望 WAIT      | V4 硬闸 | $77,266.10 | R:R 0.0:1 | 止损 0.00% | TP1 0.00% TP2 0.00% | 闸门: 15min 数据不可用 | 
[2026-09-12 04:32:10] 🟡 ETH  | 观望 WAIT      | V4 硬闸 | $2,512.65 | R:R 0.0:1 | 止损 0.00% | TP1 0.00% TP2 0.00% | 闸门: 15min 数据不可用 | 
[2026-09-12 04:46:05] 🟡 BTC  | 观望 WAIT      | V4 硬闸 | $77,239.00 | R:R 0.0:1 | 止损 0.00% | TP1 0.00% TP2 0.00% | 闸门: 15min 数据不可用 | 
[2026-09-12 04:46:12] 🟡 ETH  | 观望 WAIT      | V4 硬闸 | $2,512.28 | R:R 0.0:1 | 止损 0.00% | TP1 0.00% TP2 0.00% | 闸门: 15min 数据不可用 | 
[2026-09-12 04:59:02] 🟡 BTC  | 观望 WAIT      | V4 硬闸 | $77,214.20 | R:R 0.0:1 | 止损 0.00% | TP1 0.00% TP2 0.00% | 闸门: 15min 数据不可用 | 
[2026-09-12 04:59:09] 🟡 ETH  | 观望 WAIT      | V4 硬闸 | $2,512.51 | R:R 0.0:1 | 止损 0.00% | TP1 0.00% TP2 0.00% | 闸门: 15min 数据不可用 | 
[2026-09-12 05:09:59] 🟡 BTC  | 观望 WAIT      | V4 硬闸 | $77,175.50 | R:R 0.0:1 | 止损 0.00% | TP1 0.00% TP2 0.00% | 闸门: 15min 数据不可用 | 
[2026-09-12 05:10:06] 🟡 ETH  | 观望 WAIT      | V4 硬闸 | $2,511.22 | R:R 0.0:1 | 止损 0.00% | TP1 0.00% TP2 0.00% | 闸门: 15min 数据不可用 | 
[2026-09-12 06:14:23] 🟡 BTC  | 观望 WAIT      | V4 硬闸 | $77,199.40 | R:R 0.0:1 | 止损 0.00% | TP1 0.00% TP2 0.00% | 闸门: 15min 数据不可用 | 
[2026-09-12 06:14:30] 🟡 ETH  | 观望 WAIT      | V4 硬闸 | $2,510.59 | R:R 0.0:1 | 止损 0.00% | TP1 0.00% TP2 0.00% | 闸门: 15min 数据不可用 | 
[2026-09-12 06:28:44] 🟡 BTC  | 观望 WAIT      | V4 硬闸 | $77,222.40 | R:R 0.0:1 | 止损 0.00% | TP1 0.00% TP2 0.00% | 闸门: 15min 数据不可用 | 
[2026-09-12 06:28:52] 🟡 ETH  | 观望 WAIT      | V4 硬闸 | $2,512.24 | R:R 0.0:1 | 止损 0.00% | TP1 0.00% TP2 0.00% | 闸门: 15min 数据不可用 | 
[2026-09-12 08:47:29] 🟡 BTC  | 观望 WAIT      | V4 硬闸 | $77,335.80 | R:R 0.0:1 | 止损 0.00% | TP1 0.00% TP2 0.00% | 闸门: 15min 数据不可用 | 
[2026-09-12 08:47:35] 🟡 ETH  | 观望 WAIT      | V4 硬闸 | $2,532.87 | R:R 0.0:1 | 止损 0.00% | TP1 0.00% TP2 0.00% | 闸门: 15min 数据不可用 | 
[2026-09-12 09:12:04] 🟡 BTC  | 观望 WAIT      | V4 硬闸 | $77,340.10 | R:R 0.0:1 | 止损 0.00% | TP1 0.00% TP2 0.00% | 闸门: 15min 数据不可用 | 
[2026-09-12 09:12:11] 🟡 ETH  | 观望 WAIT      | V4 硬闸 | $2,534.04 | R:R 0.0:1 | 止损 0.00% | TP1 0.00% TP2 0.00% | 闸门: 15min 数据不可用 | 
[2026-09-12 09:22:40] 🟡 BTC  | 观望 WAIT      | V4 硬闸 | $77,338.50 | R:R 0.0:1 | 止损 0.00% | TP1 0.00% TP2 0.00% | 闸门: 15min 数据不可用 | 
[2026-09-12 09:22:47] 🟡 ETH  | 观望 WAIT      | V4 硬闸 | $2,532.86 | R:R 0.0:1 | 止损 0.00% | TP1 0.00% TP2 0.00% | 闸门: 15min 数据不可用 | 
[2026-09-12 10:44:45] 🟡 BTC  | 观望 WAIT      | V4 硬闸 | $77,348.60 | R:R 0.0:1 | 止损 0.00% | TP1 0.00% TP2 0.00% | 闸门: 15min 数据不可用 | 
[2026-09-12 10:44:52] 🟡 ETH  | 观望 WAIT      | V4 硬闸 | $2,532.71 | R:R 0.0:1 | 止损 0.00% | TP1 0.00% TP2 0.00% | 闸门: 15min 数据不可用 | 
[2026-09-12 11:07:19] 🟡 BTC  | 观望 WAIT      | V4 硬闸 | $77,309.90 | R:R 0.0:1 | 止损 0.00% | TP1 0.00% TP2 0.00% | 闸门: 15min 数据不可用 | 
[2026-09-12 11:07:26] 🟡 ETH  | 观望 WAIT      | V4 硬闸 | $2,532.25 | R:R 0.0:1 | 止损 0.00% | TP1 0.00% TP2 0.00% | 闸门: 15min 数据不可用 | 
[2026-09-12 12:25:27] 🟡 BTC  | 观望 WAIT      | V4 硬闸 | $77,296.60 | R:R 0.0:1 | 止损 0.00% | TP1 0.00% TP2 0.00% | 闸门: 15min 数据不可用 | 
[2026-09-12 12:25:34] 🟡 ETH  | 观望 WAIT      | V4 硬闸 | $2,533.33 | R:R 0.0:1 | 止损 0.00% | TP1 0.00% TP2 0.00% | 闸门: 15min 数据不可用 | 
[2026-09-12 12:34:35] 🟡 BTC  | 观望 WAIT      | V4 硬闸 | $77,311.40 | R:R 0.0:1 | 止损 0.00% | TP1 0.00% TP2 0.00% | 闸门: 15min 数据不可用 | 
[2026-09-12 12:34:42] 🟡 ETH  | 观望 WAIT      | V4 硬闸 | $2,532.54 | R:R 0.0:1 | 止损 0.00% | TP1 0.00% TP2 0.00% | 闸门: 15min 数据不可用 | 
[2026-09-12 12:51:44] 🟡 BTC  | 观望 WAIT      | V4 硬闸 | $77,284.50 | R:R 0.0:1 | 止损 0.00% | TP1 0.00% TP2 0.00% | 闸门: 15min 数据不可用 | 
[2026-09-12 12:51:52] 🟡 ETH  | 观望 WAIT      | V4 硬闸 | $2,533.76 | R:R 0.0:1 | 止损 0.00% | TP1 0.00% TP2 0.00% | 闸门: 15min 数据不可用 | 
[2026-09-12 13:44:44] 🟡 BTC  | 观望 WAIT      | V4 硬闸 | $77,286.60 | R:R 0.0:1 | 止损 0.00% | TP1 0.00% TP2 0.00% | 闸门: 15min 数据不可用 | 
[2026-09-12 13:44:51] 🟡 ETH  | 观望 WAIT      | V4 硬闸 | $2,538.09 | R:R 0.0:1 | 止损 0.00% | TP1 0.00% TP2 0.00% | 闸门: 15min 数据不可用 | 
[2026-09-12 14:03:59] 🟡 BTC  | 观望 WAIT      | V4 硬闸 | $77,354.90 | R:R 0.0:1 | 止损 0.00% | TP1 0.00% TP2 0.00% | 闸门: 15min 数据不可用 | 
[2026-09-12 14:04:06] 🟡 ETH  | 观望 WAIT      | V4 硬闸 | $2,541.92 | R:R 0.0:1 | 止损 0.00% | TP1 0.00% TP2 0.00% | 闸门: 15min 数据不可用 | 
[2026-09-12 15:42:11] 🟡 BTC  | 观望 WAIT      | V4 硬闸 | $77,387.40 | R:R 0.0:1 | 止损 0.00% | TP1 0.00% TP2 0.00% | 闸门: 15min 数据不可用 | 
[2026-09-12 15:42:18] 🟡 ETH  | 观望 WAIT      | V4 硬闸 | $2,534.03 | R:R 0.0:1 | 止损 0.00% | TP1 0.00% TP2 0.00% | 闸门: 15min 数据不可用 | 
[2026-09-12 15:54:01] 🟡 BTC  | 观望 WAIT      | V4 硬闸 | $77,360.00 | R:R 0.0:1 | 止损 0.00% | TP1 0.00% TP2 0.00% | 闸门: 15min 数据不可用 | 
[2026-09-12 15:54:09] 🟡 ETH  | 观望 WAIT      | V4 硬闸 | $2,532.83 | R:R 0.0:1 | 止损 0.00% | TP1 0.00% TP2 0.00% | 闸门: 15min 数据不可用 | 
[2026-09-12 16:11:48] 🟡 BTC  | 观望 WAIT      | V4 硬闸 | $77,347.90 | R:R 0.0:1 | 止损 0.00% | TP1 0.00% TP2 0.00% | 闸门: 15min 数据不可用 | 
[2026-09-12 16:11:55] 🟡 ETH  | 观望 WAIT      | V4 硬闸 | $2,533.58 | R:R 0.0:1 | 止损 0.00% | TP1 0.00% TP2 0.00% | 闸门: 15min 数据不可用 | 
[2026-09-12 16:30:08] 🟡 BTC  | 观望 WAIT      | V4 硬闸 | $77,366.90 | R:R 0.0:1 | 止损 0.00% | TP1 0.00% TP2 0.00% | 闸门: 15min 数据不可用 | 
[2026-09-12 16:30:15] 🟡 ETH  | 观望 WAIT      | V4 硬闸 | $2,532.07 | R:R 0.0:1 | 止损 0.00% | TP1 0.00% TP2 0.00% | 闸门: 15min 数据不可用 | 
[2026-09-12 17:00:14] 🟡 BTC  | 观望 WAIT      | V4 硬闸 | $77,342.90 | R:R 0.0:1 | 止损 0.00% | TP1 0.00% TP2 0.00% | 闸门: 15min 数据不可用 | 
[2026-09-12 17:00:21] 🟡 ETH  | 观望 WAIT      | V4 硬闸 | $2,531.07 | R:R 0.0:1 | 止损 0.00% | TP1 0.00% TP2 0.00% | 闸门: 15min 数据不可用 | 
[2026-09-12 17:50:28] 🟡 BTC  | 观望 WAIT      | V4 硬闸 | $77,178.60 | R:R 0.0:1 | 止损 0.00% | TP1 0.00% TP2 0.00% | 闸门: 15min 数据不可用 | 
[2026-09-12 17:50:35] 🟡 ETH  | 观望 WAIT      | V4 硬闸 | $2,525.33 | R:R 0.0:1 | 止损 0.00% | TP1 0.00% TP2 0.00% | 闸门: 15min 数据不可用 | 
[2026-09-12 18:18:53] 🟡 BTC  | 观望 WAIT      | V4 硬闸 | $77,114.80 | R:R 0.0:1 | 止损 0.00% | TP1 0.00% TP2 0.00% | 闸门: 15min 数据不可用 | 
[2026-09-12 18:19:00] 🟡 ETH  | 观望 WAIT      | V4 硬闸 | $2,522.29 | R:R 0.0:1 | 止损 0.00% | TP1 0.00% TP2 0.00% | 闸门: 15min 数据不可用 | 
[2026-09-12 18:35:43] 🟡 BTC  | 观望 WAIT      | V4 硬闸 | $77,147.10 | R:R 0.0:1 | 止损 0.00% | TP1 0.00% TP2 0.00% | 闸门: 15min 数据不可用 | 
[2026-09-12 18:35:49] 🟡 ETH  | 观望 WAIT      | V4 硬闸 | $2,523.19 | R:R 0.0:1 | 止损 0.00% | TP1 0.00% TP2 0.00% | 闸门: 15min 数据不可用 | 
[2026-09-12 19:06:31] 🟡 BTC  | 观望 WAIT      | V4 硬闸 | $77,148.10 | R:R 0.0:1 | 止损 0.00% | TP1 0.00% TP2 0.00% | 闸门: 15min 数据不可用 | 
[2026-09-12 19:06:39] 🟡 ETH  | 观望 WAIT      | V4 硬闸 | $2,520.84 | R:R 0.0:1 | 止损 0.00% | TP1 0.00% TP2 0.00% | 闸门: 15min 数据不可用 | 
[2026-09-12 19:41:22] 🟡 BTC  | 观望 WAIT      | V4 硬闸 | $77,078.30 | R:R 0.0:1 | 止损 0.00% | TP1 0.00% TP2 0.00% | 闸门: 15min 数据不可用 | 
[2026-09-12 19:41:29] 🟡 ETH  | 观望 WAIT      | V4 硬闸 | $2,516.32 | R:R 0.0:1 | 止损 0.00% | TP1 0.00% TP2 0.00% | 闸门: 15min 数据不可用 | 
[2026-09-12 20:08:07] 🟡 BTC  | 观望 WAIT      | V4 硬闸 | $77,160.50 | R:R 0.0:1 | 止损 0.00% | TP1 0.00% TP2 0.00% | 闸门: 15min 数据不可用 | 
[2026-09-12 20:08:14] 🟡 ETH  | 观望 WAIT      | V4 硬闸 | $2,522.00 | R:R 0.0:1 | 止损 0.00% | TP1 0.00% TP2 0.00% | 闸门: 15min 数据不可用 | 
[2026-09-12 20:41:43] 🟡 BTC  | 观望 WAIT      | V4 硬闸 | $77,144.00 | R:R 0.0:1 | 止损 0.00% | TP1 0.00% TP2 0.00% | 闸门: 15min 数据不可用 | 
[2026-09-12 20:41:49] 🟡 ETH  | 观望 WAIT      | V4 硬闸 | $2,520.63 | R:R 0.0:1 | 止损 0.00% | TP1 0.00% TP2 0.00% | 闸门: 15min 数据不可用 | 
[2026-09-12 20:53:11] 🟡 BTC  | 观望 WAIT      | V4 硬闸 | $77,149.90 | R:R 0.0:1 | 止损 0.00% | TP1 0.00% TP2 0.00% | 闸门: 15min 数据不可用 | 
[2026-09-12 20:53:18] 🟡 ETH  | 观望 WAIT      | V4 硬闸 | $2,520.18 | R:R 0.0:1 | 止损 0.00% | TP1 0.00% TP2 0.00% | 闸门: 15min 数据不可用 | 
[2026-09-12 21:24:48] 🟡 BTC  | 观望 WAIT      | V4 硬闸 | $77,160.00 | R:R 0.0:1 | 止损 0.00% | TP1 0.00% TP2 0.00% | 闸门: 15min 数据不可用 | 
[2026-09-12 21:24:55] 🟡 ETH  | 观望 WAIT      | V4 硬闸 | $2,523.80 | R:R 0.0:1 | 止损 0.00% | TP1 0.00% TP2 0.00% | 闸门: 15min 数据不可用 | 
[2026-09-12 21:40:21] 🟡 BTC  | 观望 WAIT      | V4 硬闸 | $77,230.40 | R:R 0.0:1 | 止损 0.00% | TP1 0.00% TP2 0.00% | 闸门: 15min 数据不可用 | 
[2026-09-12 21:40:28] 🟡 ETH  | 观望 WAIT      | V4 硬闸 | $2,524.72 | R:R 0.0:1 | 止损 0.00% | TP1 0.00% TP2 0.00% | 闸门: 15min 数据不可用 | 
[2026-09-12 22:15:44] 🟡 BTC  | 观望 WAIT      | V4 硬闸 | $77,241.30 | R:R 0.0:1 | 止损 0.00% | TP1 0.00% TP2 0.00% | 闸门: 15min 数据不可用 | 
[2026-09-12 22:15:51] 🟡 ETH  | 观望 WAIT      | V4 硬闸 | $2,522.85 | R:R 0.0:1 | 止损 0.00% | TP1 0.00% TP2 0.00% | 闸门: 15min 数据不可用 | 
[2026-09-12 22:36:41] 🟡 BTC  | 观望 WAIT      | V4 硬闸 | $77,186.50 | R:R 0.0:1 | 止损 0.00% | TP1 0.00% TP2 0.00% | 闸门: 15min 数据不可用 | 
[2026-09-12 22:36:49] 🟡 ETH  | 观望 WAIT      | V4 硬闸 | $2,520.51 | R:R 0.0:1 | 止损 0.00% | TP1 0.00% TP2 0.00% | 闸门: 15min 数据不可用 | 
[2026-09-12 23:08:00] 🟡 BTC  | 观望 WAIT      | V4 硬闸 | $77,250.10 | R:R 0.0:1 | 止损 0.00% | TP1 0.00% TP2 0.00% | 闸门: 15min 数据不可用 | 
[2026-09-12 23:08:07] 🟡 ETH  | 观望 WAIT      | V4 硬闸 | $2,523.61 | R:R 0.0:1 | 止损 0.00% | TP1 0.00% TP2 0.00% | 闸门: 15min 数据不可用 | 
[2026-09-12 23:22:33] 🟡 BTC  | 观望 WAIT      | V4 硬闸 | $77,245.00 | R:R 0.0:1 | 止损 0.00% | TP1 0.00% TP2 0.00% | 闸门: 15min 数据不可用 | 
[2026-09-12 23:22:39] 🟡 ETH  | 观望 WAIT      | V4 硬闸 | $2,523.90 | R:R 0.0:1 | 止损 0.00% | TP1 0.00% TP2 0.00% | 闸门: 15min 数据不可用 | 
[2026-09-13 00:03:11] 🟡 BTC  | 观望 WAIT      | V4 硬闸 | $77,270.40 | R:R 0.0:1 | 止损 0.00% | TP1 0.00% TP2 0.00% | 闸门: 15min 数据不可用 | 
[2026-09-13 00:03:19] 🟡 ETH  | 观望 WAIT      | V4 硬闸 | $2,525.70 | R:R 0.0:1 | 止损 0.00% | TP1 0.00% TP2 0.00% | 闸门: 15min 数据不可用 | 
[2026-09-13 00:16:18] 🟡 BTC  | 观望 WAIT      | V4 硬闸 | $77,255.70 | R:R 0.0:1 | 止损 0.00% | TP1 0.00% TP2 0.00% | 闸门: 15min 数据不可用 | 
[2026-09-13 00:16:26] 🟡 ETH  | 观望 WAIT      | V4 硬闸 | $2,524.46 | R:R 0.0:1 | 止损 0.00% | TP1 0.00% TP2 0.00% | 闸门: 15min 数据不可用 | 
[2026-09-13 00:56:35] 🟡 BTC  | 观望 WAIT      | V4 硬闸 | $77,257.30 | R:R 0.0:1 | 止损 0.00% | TP1 0.00% TP2 0.00% | 闸门: 15min 数据不可用 | 
[2026-09-13 00:56:42] 🟡 ETH  | 观望 WAIT      | V4 硬闸 | $2,525.54 | R:R 0.0:1 | 止损 0.00% | TP1 0.00% TP2 0.00% | 闸门: 15min 数据不可用 | 
[2026-09-13 01:11:43] 🟡 BTC  | 观望 WAIT      | V4 硬闸 | $77,266.20 | R:R 0.0:1 | 止损 0.00% | TP1 0.00% TP2 0.00% | 闸门: 15min 数据不可用 | 
[2026-09-13 01:11:50] 🟡 ETH  | 观望 WAIT      | V4 硬闸 | $2,524.98 | R:R 0.0:1 | 止损 0.00% | TP1 0.00% TP2 0.00% | 闸门: 15min 数据不可用 | 
[2026-09-13 04:39:16] 🟡 BTC  | 观望 WAIT      | V4 硬闸 | $77,202.20 | R:R 0.0:1 | 止损 0.00% | TP1 0.00% TP2 0.00% | 闸门: 15min 数据不可用 | 
[2026-09-13 04:39:23] 🟡 ETH  | 观望 WAIT      | V4 硬闸 | $2,519.93 | R:R 0.0:1 | 止损 0.00% | TP1 0.00% TP2 0.00% | 闸门: 15min 数据不可用 | 
[2026-09-13 04:49:53] 🟡 BTC  | 观望 WAIT      | V4 硬闸 | $77,196.30 | R:R 0.0:1 | 止损 0.00% | TP1 0.00% TP2 0.00% | 闸门: 15min 数据不可用 | 
[2026-09-13 04:50:01] 🟡 ETH  | 观望 WAIT      | V4 硬闸 | $2,519.38 | R:R 0.0:1 | 止损 0.00% | TP1 0.00% TP2 0.00% | 闸门: 15min 数据不可用 | 
[2026-09-13 05:03:24] 🟡 BTC  | 观望 WAIT      | V4 硬闸 | $77,198.00 | R:R 0.0:1 | 止损 0.00% | TP1 0.00% TP2 0.00% | 闸门: 15min 数据不可用 | 
[2026-09-13 05:03:31] 🟡 ETH  | 观望 WAIT      | V4 硬闸 | $2,520.34 | R:R 0.0:1 | 止损 0.00% | TP1 0.00% TP2 0.00% | 闸门: 15min 数据不可用 | 
[2026-09-13 05:38:03] 🟡 BTC  | 观望 WAIT      | V4 硬闸 | $77,281.60 | R:R 0.0:1 | 止损 0.00% | TP1 0.00% TP2 0.00% | 闸门: 15min 数据不可用 | 
[2026-09-13 05:38:10] 🟡 ETH  | 观望 WAIT      | V4 硬闸 | $2,522.83 | R:R 0.0:1 | 止损 0.00% | TP1 0.00% TP2 0.00% | 闸门: 15min 数据不可用 | 
[2026-09-13 06:09:02] 🟡 BTC  | 观望 WAIT      | V4 硬闸 | $77,296.10 | R:R 0.0:1 | 止损 0.00% | TP1 0.00% TP2 0.00% | 闸门: 15min 数据不可用 | 
[2026-09-13 06:09:09] 🟡 ETH  | 观望 WAIT      | V4 硬闸 | $2,521.91 | R:R 0.0:1 | 止损 0.00% | TP1 0.00% TP2 0.00% | 闸门: 15min 数据不可用 | 
[2026-09-13 09:44:48] 🟡 BTC  | 观望 WAIT      | V4 硬闸 | $76,693.60 | R:R 0.0:1 | 止损 0.00% | TP1 0.00% TP2 0.00% | 闸门: 15min 数据不可用 | 
[2026-09-13 09:44:55] 🟡 ETH  | 观望 WAIT      | V4 硬闸 | $2,479.78 | R:R 0.0:1 | 止损 0.00% | TP1 0.00% TP2 0.00% | 闸门: 15min 数据不可用 | 
[2026-09-13 10:11:15] 🟡 BTC  | 观望 WAIT      | V4 硬闸 | $76,741.30 | R:R 0.0:1 | 止损 0.00% | TP1 0.00% TP2 0.00% | 闸门: 15min 数据不可用 | 
[2026-09-13 10:11:22] 🟡 ETH  | 观望 WAIT      | V4 硬闸 | $2,482.66 | R:R 0.0:1 | 止损 0.00% | TP1 0.00% TP2 0.00% | 闸门: 15min 数据不可用 | 
[2026-09-13 10:36:28] 🟡 BTC  | 观望 WAIT      | V4 硬闸 | $76,779.20 | R:R 0.0:1 | 止损 0.00% | TP1 0.00% TP2 0.00% | 闸门: 15min 数据不可用 | 
[2026-09-13 10:36:35] 🟡 ETH  | 观望 WAIT      | V4 硬闸 | $2,482.33 | R:R 0.0:1 | 止损 0.00% | TP1 0.00% TP2 0.00% | 闸门: 15min 数据不可用 | 
[2026-09-13 11:49:15] 🟡 BTC  | 观望 WAIT      | V4 硬闸 | $76,740.20 | R:R 0.0:1 | 止损 0.00% | TP1 0.00% TP2 0.00% | 闸门: 15min 数据不可用 | 
[2026-09-13 11:49:22] 🟡 ETH  | 观望 WAIT      | V4 硬闸 | $2,479.64 | R:R 0.0:1 | 止损 0.00% | TP1 0.00% TP2 0.00% | 闸门: 15min 数据不可用 | 
[2026-09-13 13:54:30] 🟡 BTC  | 观望 WAIT      | V4 硬闸 | $76,835.70 | R:R 0.0:1 | 止损 0.00% | TP1 0.00% TP2 0.00% | 闸门: 15min 数据不可用 | 
[2026-09-13 13:54:37] 🟡 ETH  | 观望 WAIT      | V4 硬闸 | $2,477.72 | R:R 0.0:1 | 止损 0.00% | TP1 0.00% TP2 0.00% | 闸门: 15min 数据不可用 | 
[2026-09-13 14:25:48] 🟡 BTC  | 观望 WAIT      | V4 硬闸 | $77,030.80 | R:R 0.0:1 | 止损 0.00% | TP1 0.00% TP2 0.00% | 闸门: 15min 数据不可用 | 
[2026-09-13 14:25:55] 🟡 ETH  | 观望 WAIT      | V4 硬闸 | $2,489.25 | R:R 0.0:1 | 止损 0.00% | TP1 0.00% TP2 0.00% | 闸门: 15min 数据不可用 | 
[2026-09-13 14:39:15] 🟡 BTC  | 观望 WAIT      | V4 硬闸 | $77,215.70 | R:R 0.0:1 | 止损 0.00% | TP1 0.00% TP2 0.00% | 闸门: 15min 数据不可用 | 
[2026-09-13 14:39:22] 🟡 ETH  | 观望 WAIT      | V4 硬闸 | $2,494.05 | R:R 0.0:1 | 止损 0.00% | TP1 0.00% TP2 0.00% | 闸门: 15min 数据不可用 | 
[2026-09-13 15:06:37] 🟡 BTC  | 观望 WAIT      | V4 硬闸 | $77,091.10 | R:R 0.0:1 | 止损 0.00% | TP1 0.00% TP2 0.00% | 闸门: 15min 数据不可用 | 
[2026-09-13 15:06:44] 🟡 ETH  | 观望 WAIT      | V4 硬闸 | $2,485.46 | R:R 0.0:1 | 止损 0.00% | TP1 0.00% TP2 0.00% | 闸门: 15min 数据不可用 | 
[2026-09-13 17:05:27] 🟡 BTC  | 观望 WAIT      | V4 硬闸 | $77,304.90 | R:R 0.0:1 | 止损 0.00% | TP1 0.00% TP2 0.00% | 闸门: 15min 数据不可用 | 
[2026-09-13 17:05:34] 🟡 ETH  | 观望 WAIT      | V4 硬闸 | $2,506.47 | R:R 0.0:1 | 止损 0.00% | TP1 0.00% TP2 0.00% | 闸门: 15min 数据不可用 | 
[2026-09-13 17:19:57] 🟡 BTC  | 观望 WAIT      | V4 硬闸 | $77,328.40 | R:R 0.0:1 | 止损 0.00% | TP1 0.00% TP2 0.00% | 闸门: 15min 数据不可用 | 
[2026-09-13 17:20:04] 🟡 ETH  | 观望 WAIT      | V4 硬闸 | $2,508.08 | R:R 0.0:1 | 止损 0.00% | TP1 0.00% TP2 0.00% | 闸门: 15min 数据不可用 | 
[2026-09-13 17:33:58] 🟡 BTC  | 观望 WAIT      | V4 硬闸 | $77,216.40 | R:R 0.0:1 | 止损 0.00% | TP1 0.00% TP2 0.00% | 闸门: 15min 数据不可用 | 
[2026-09-13 17:34:05] 🟡 ETH  | 观望 WAIT      | V4 硬闸 | $2,502.23 | R:R 0.0:1 | 止损 0.00% | TP1 0.00% TP2 0.00% | 闸门: 15min 数据不可用 | 
[2026-09-13 18:07:43] 🟡 BTC  | 观望 WAIT      | V4 硬闸 | $77,297.40 | R:R 0.0:1 | 止损 0.00% | TP1 0.00% TP2 0.00% | 闸门: 15min 数据不可用 | 
[2026-09-13 18:07:50] 🟡 ETH  | 观望 WAIT      | V4 硬闸 | $2,505.00 | R:R 0.0:1 | 止损 0.00% | TP1 0.00% TP2 0.00% | 闸门: 15min 数据不可用 | 
[2026-09-13 19:20:51] 🟡 BTC  | 观望 WAIT      | V4 硬闸 | $77,222.00 | R:R 0.0:1 | 止损 0.00% | TP1 0.00% TP2 0.00% | 闸门: 15min 数据不可用 | 
[2026-09-13 19:20:58] 🟡 ETH  | 观望 WAIT      | V4 硬闸 | $2,506.27 | R:R 0.0:1 | 止损 0.00% | TP1 0.00% TP2 0.00% | 闸门: 15min 数据不可用 | 
[2026-09-13 19:34:08] 🟡 BTC  | 观望 WAIT      | V4 硬闸 | $77,212.60 | R:R 0.0:1 | 止损 0.00% | TP1 0.00% TP2 0.00% | 闸门: 15min 数据不可用 | 
[2026-09-13 19:34:15] 🟡 ETH  | 观望 WAIT      | V4 硬闸 | $2,503.55 | R:R 0.0:1 | 止损 0.00% | TP1 0.00% TP2 0.00% | 闸门: 15min 数据不可用 | 
[2026-09-13 19:45:12] 🟡 BTC  | 观望 WAIT      | V4 硬闸 | $77,219.20 | R:R 0.0:1 | 止损 0.00% | TP1 0.00% TP2 0.00% | 闸门: 15min 数据不可用 | 
[2026-09-13 19:45:19] 🟡 ETH  | 观望 WAIT      | V4 硬闸 | $2,504.48 | R:R 0.0:1 | 止损 0.00% | TP1 0.00% TP2 0.00% | 闸门: 15min 数据不可用 | 
[2026-09-13 20:42:54] 🟡 BTC  | 观望 WAIT      | V4 硬闸 | $77,278.20 | R:R 0.0:1 | 止损 0.00% | TP1 0.00% TP2 0.00% | 闸门: 15min 数据不可用 | 
[2026-09-13 20:43:04] 🟡 ETH  | 观望 WAIT      | V4 硬闸 | $2,509.46 | R:R 0.0:1 | 止损 0.00% | TP1 0.00% TP2 0.00% | 闸门: 15min 数据不可用 | 
[2026-09-13 21:28:50] 🟡 BTC  | 观望 WAIT      | V4 硬闸 | $77,388.20 | R:R 0.0:1 | 止损 0.00% | TP1 0.00% TP2 0.00% | 闸门: 15min 数据不可用 | 
[2026-09-13 21:28:57] 🟡 ETH  | 观望 WAIT      | V4 硬闸 | $2,512.65 | R:R 0.0:1 | 止损 0.00% | TP1 0.00% TP2 0.00% | 闸门: 15min 数据不可用 | 
[2026-09-13 21:39:30] 🟡 BTC  | 观望 WAIT      | V4 硬闸 | $77,334.30 | R:R 0.0:1 | 止损 0.00% | TP1 0.00% TP2 0.00% | 闸门: 15min 数据不可用 | 
[2026-09-13 21:39:38] 🟡 ETH  | 观望 WAIT      | V4 硬闸 | $2,509.98 | R:R 0.0:1 | 止损 0.00% | TP1 0.00% TP2 0.00% | 闸门: 15min 数据不可用 | 
[2026-09-13 22:37:57] 🟡 BTC  | 观望 WAIT      | V4 硬闸 | $76,826.00 | R:R 0.0:1 | 止损 0.00% | TP1 0.00% TP2 0.00% | 闸门: 15min 数据不可用 | 
[2026-09-13 22:38:04] 🟡 ETH  | 观望 WAIT      | V4 硬闸 | $2,480.57 | R:R 0.0:1 | 止损 0.00% | TP1 0.00% TP2 0.00% | 闸门: 15min 数据不可用 | 
[2026-09-13 23:17:41] 🟡 BTC  | 观望 WAIT      | V4 硬闸 | $76,607.80 | R:R 0.0:1 | 止损 0.00% | TP1 0.00% TP2 0.00% | 闸门: 15min 数据不可用 | 
[2026-09-13 23:17:48] 🟡 ETH  | 观望 WAIT      | V4 硬闸 | $2,472.09 | R:R 0.0:1 | 止损 0.00% | TP1 0.00% TP2 0.00% | 闸门: 15min 数据不可用 | 
[2026-09-13 23:32:49] 🟡 BTC  | 观望 WAIT      | V4 硬闸 | $76,785.50 | R:R 0.0:1 | 止损 0.00% | TP1 0.00% TP2 0.00% | 闸门: 15min 数据不可用 | 
[2026-09-13 23:32:56] 🟡 ETH  | 观望 WAIT      | V4 硬闸 | $2,478.36 | R:R 0.0:1 | 止损 0.00% | TP1 0.00% TP2 0.00% | 闸门: 15min 数据不可用 | 
[2026-09-14 00:23:02] 🟡 BTC  | 观望 WAIT      | V4 硬闸 | $76,675.10 | R:R 0.0:1 | 止损 0.00% | TP1 0.00% TP2 0.00% | 闸门: 15min 数据不可用 | 
[2026-09-14 00:23:09] 🟡 ETH  | 观望 WAIT      | V4 硬闸 | $2,476.15 | R:R 0.0:1 | 止损 0.00% | TP1 0.00% TP2 0.00% | 闸门: 15min 数据不可用 | 
[2026-09-14 01:09:09] 🟡 BTC  | 观望 WAIT      | V4 硬闸 | $76,696.60 | R:R 0.0:1 | 止损 0.00% | TP1 0.00% TP2 0.00% | 闸门: 15min 数据不可用 | 
[2026-09-14 01:09:16] 🟡 ETH  | 观望 WAIT      | V4 硬闸 | $2,481.02 | R:R 0.0:1 | 止损 0.00% | TP1 0.00% TP2 0.00% | 闸门: 15min 数据不可用 | 
[2026-09-14 01:35:13] 🟡 BTC  | 观望 WAIT      | V4 硬闸 | $76,615.00 | R:R 0.0:1 | 止损 0.00% | TP1 0.00% TP2 0.00% | 闸门: 15min 数据不可用 | 
[2026-09-14 01:35:20] 🟡 ETH  | 观望 WAIT      | V4 硬闸 | $2,473.05 | R:R 0.0:1 | 止损 0.00% | TP1 0.00% TP2 0.00% | 闸门: 15min 数据不可用 | 
[2026-09-14 05:10:17] 🟡 BTC  | 观望 WAIT      | V4 硬闸 | $77,555.50 | R:R 0.0:1 | 止损 0.00% | TP1 0.00% TP2 0.00% | 闸门: 15min 数据不可用 | 
[2026-09-14 05:10:24] 🟡 ETH  | 观望 WAIT      | V4 硬闸 | $2,510.86 | R:R 0.0:1 | 止损 0.00% | TP1 0.00% TP2 0.00% | 闸门: 15min 数据不可用 | 
[2026-09-14 05:21:36] 🟡 BTC  | 观望 WAIT      | V4 硬闸 | $77,533.90 | R:R 0.0:1 | 止损 0.00% | TP1 0.00% TP2 0.00% | 闸门: 15min 数据不可用 | 
[2026-09-14 05:21:43] 🟡 ETH  | 观望 WAIT      | V4 硬闸 | $2,511.93 | R:R 0.0:1 | 止损 0.00% | TP1 0.00% TP2 0.00% | 闸门: 15min 数据不可用 | 
[2026-09-14 06:11:00] 🟡 BTC  | 观望 WAIT      | V4 硬闸 | $77,749.90 | R:R 0.0:1 | 止损 0.00% | TP1 0.00% TP2 0.00% | 闸门: 15min 数据不可用 | 
[2026-09-14 06:11:07] 🟡 ETH  | 观望 WAIT      | V4 硬闸 | $2,522.92 | R:R 0.0:1 | 止损 0.00% | TP1 0.00% TP2 0.00% | 闸门: 15min 数据不可用 | 
[2026-09-14 07:00:28] 🟡 BTC  | 观望 WAIT      | V4 硬闸 | $77,508.80 | R:R 0.0:1 | 止损 0.00% | TP1 0.00% TP2 0.00% | 闸门: 15min 数据不可用 | 
[2026-09-14 07:00:35] 🟡 ETH  | 观望 WAIT      | V4 硬闸 | $2,510.33 | R:R 0.0:1 | 止损 0.00% | TP1 0.00% TP2 0.00% | 闸门: 15min 数据不可用 | 
[2026-09-14 07:09:46] 🟡 BTC  | 观望 WAIT      | V4 硬闸 | $77,586.90 | R:R 0.0:1 | 止损 0.00% | TP1 0.00% TP2 0.00% | 闸门: 15min 数据不可用 | 
[2026-09-14 07:09:53] 🟡 ETH  | 观望 WAIT      | V4 硬闸 | $2,517.12 | R:R 0.0:1 | 止损 0.00% | TP1 0.00% TP2 0.00% | 闸门: 15min 数据不可用 | 
[2026-09-14 10:34:17] 🟡 BTC  | 观望 WAIT      | V4 硬闸 | $77,917.40 | R:R 0.0:1 | 止损 0.00% | TP1 0.00% TP2 0.00% | 闸门: 15min 数据不可用 | 
[2026-09-14 10:34:23] 🟡 ETH  | 观望 WAIT      | V4 硬闸 | $2,515.64 | R:R 0.0:1 | 止损 0.00% | TP1 0.00% TP2 0.00% | 闸门: 15min 数据不可用 | 
[2026-09-14 10:48:41] 🟡 BTC  | 观望 WAIT      | V4 硬闸 | $77,958.30 | R:R 0.0:1 | 止损 0.00% | TP1 0.00% TP2 0.00% | 闸门: 15min 数据不可用 | 
[2026-09-14 10:48:48] 🟡 ETH  | 观望 WAIT      | V4 硬闸 | $2,517.08 | R:R 0.0:1 | 止损 0.00% | TP1 0.00% TP2 0.00% | 闸门: 15min 数据不可用 | 
[2026-09-14 12:38:28] 🟡 BTC  | 观望 WAIT      | V4 硬闸 | $77,824.70 | R:R 0.0:1 | 止损 0.00% | TP1 0.00% TP2 0.00% | 闸门: 15min 数据不可用 | 
[2026-09-14 12:38:35] 🟡 ETH  | 观望 WAIT      | V4 硬闸 | $2,509.05 | R:R 0.0:1 | 止损 0.00% | TP1 0.00% TP2 0.00% | 闸门: 15min 数据不可用 | 
[2026-09-14 13:50:10] 🟡 BTC  | 观望 WAIT      | V4 硬闸 | $78,440.00 | R:R 0.0:1 | 止损 0.00% | TP1 0.00% TP2 0.00% | 闸门: 15min 数据不可用 | 
[2026-09-14 13:50:17] 🟡 ETH  | 观望 WAIT      | V4 硬闸 | $2,514.81 | R:R 0.0:1 | 止损 0.00% | TP1 0.00% TP2 0.00% | 闸门: 15min 数据不可用 | 
[2026-09-14 14:03:35] 🟡 BTC  | 观望 WAIT      | V4 硬闸 | $78,373.90 | R:R 0.0:1 | 止损 0.00% | TP1 0.00% TP2 0.00% | 闸门: 15min 数据不可用 | 
[2026-09-14 14:03:42] 🟡 ETH  | 观望 WAIT      | V4 硬闸 | $2,508.53 | R:R 0.0:1 | 止损 0.00% | TP1 0.00% TP2 0.00% | 闸门: 15min 数据不可用 | 
[2026-09-14 16:30:37] 🟡 BTC  | 观望 WAIT      | V4 硬闸 | $78,678.80 | R:R 0.0:1 | 止损 0.00% | TP1 0.00% TP2 0.00% | 闸门: 15min 数据不可用 | 
[2026-09-14 16:30:44] 🟡 ETH  | 观望 WAIT      | V4 硬闸 | $2,522.28 | R:R 0.0:1 | 止损 0.00% | TP1 0.00% TP2 0.00% | 闸门: 15min 数据不可用 | 
[2026-09-14 16:39:30] 🟡 BTC  | 观望 WAIT      | V4 硬闸 | $78,640.00 | R:R 0.0:1 | 止损 0.00% | TP1 0.00% TP2 0.00% | 闸门: 15min 数据不可用 | 
[2026-09-14 16:39:37] 🟡 ETH  | 观望 WAIT      | V4 硬闸 | $2,523.23 | R:R 0.0:1 | 止损 0.00% | TP1 0.00% TP2 0.00% | 闸门: 15min 数据不可用 | 
[2026-09-14 18:10:15] 🟡 BTC  | 观望 WAIT      | V4 硬闸 | $78,942.30 | R:R 0.0:1 | 止损 0.00% | TP1 0.00% TP2 0.00% | 闸门: 15min 数据不可用 | 
[2026-09-14 18:10:22] 🟡 ETH  | 观望 WAIT      | V4 硬闸 | $2,535.25 | R:R 0.0:1 | 止损 0.00% | TP1 0.00% TP2 0.00% | 闸门: 15min 数据不可用 | 
[2026-09-14 18:55:01] 🟡 BTC  | 观望 WAIT      | V4 硬闸 | $79,169.70 | R:R 0.0:1 | 止损 0.00% | TP1 0.00% TP2 0.00% | 闸门: 15min 数据不可用 | 
[2026-09-14 18:55:08] 🟡 ETH  | 观望 WAIT      | V4 硬闸 | $2,537.46 | R:R 0.0:1 | 止损 0.00% | TP1 0.00% TP2 0.00% | 闸门: 15min 数据不可用 | 
[2026-09-14 19:10:44] 🟡 BTC  | 观望 WAIT      | V4 硬闸 | $79,019.70 | R:R 0.0:1 | 止损 0.00% | TP1 0.00% TP2 0.00% | 闸门: 15min 数据不可用 | 
[2026-09-14 19:10:52] 🟡 ETH  | 观望 WAIT      | V4 硬闸 | $2,535.74 | R:R 0.0:1 | 止损 0.00% | TP1 0.00% TP2 0.00% | 闸门: 15min 数据不可用 | 
[2026-09-14 19:20:22] 🟡 BTC  | 观望 WAIT      | V4 硬闸 | $79,197.90 | R:R 0.0:1 | 止损 0.00% | TP1 0.00% TP2 0.00% | 闸门: 15min 数据不可用 | 
[2026-09-14 19:20:29] 🟡 ETH  | 观望 WAIT      | V4 硬闸 | $2,543.22 | R:R 0.0:1 | 止损 0.00% | TP1 0.00% TP2 0.00% | 闸门: 15min 数据不可用 | 
[2026-09-14 20:23:52] 🟡 BTC  | 观望 WAIT      | V4 硬闸 | $79,529.40 | R:R 0.0:1 | 止损 0.00% | TP1 0.00% TP2 0.00% | 闸门: 15min 数据不可用 | 
[2026-09-14 20:23:59] 🟡 ETH  | 观望 WAIT      | V4 硬闸 | $2,605.10 | R:R 0.0:1 | 止损 0.00% | TP1 0.00% TP2 0.00% | 闸门: 15min 数据不可用 | 
[2026-09-14 20:35:05] 🟡 BTC  | 观望 WAIT      | V4 硬闸 | $79,443.00 | R:R 0.0:1 | 止损 0.00% | TP1 0.00% TP2 0.00% | 闸门: 15min 数据不可用 | 
[2026-09-14 20:35:12] 🟡 ETH  | 观望 WAIT      | V4 硬闸 | $2,596.18 | R:R 0.0:1 | 止损 0.00% | TP1 0.00% TP2 0.00% | 闸门: 15min 数据不可用 | 
[2026-09-14 21:46:03] 🟡 BTC  | 观望 WAIT      | V4 硬闸 | $78,821.80 | R:R 0.0:1 | 止损 0.00% | TP1 0.00% TP2 0.00% | 闸门: 15min 数据不可用 | 
[2026-09-14 21:46:10] 🟡 ETH  | 观望 WAIT      | V4 硬闸 | $2,547.87 | R:R 0.0:1 | 止损 0.00% | TP1 0.00% TP2 0.00% | 闸门: 15min 数据不可用 | 
[2026-09-14 22:12:46] 🟡 BTC  | 观望 WAIT      | V4 硬闸 | $78,815.00 | R:R 0.0:1 | 止损 0.00% | TP1 0.00% TP2 0.00% | 闸门: 15min 数据不可用 | 
[2026-09-14 22:12:53] 🟡 ETH  | 观望 WAIT      | V4 硬闸 | $2,552.99 | R:R 0.0:1 | 止损 0.00% | TP1 0.00% TP2 0.00% | 闸门: 15min 数据不可用 | 
[2026-09-14 22:31:06] 🟡 BTC  | 观望 WAIT      | V4 硬闸 | $78,520.70 | R:R 0.0:1 | 止损 0.00% | TP1 0.00% TP2 0.00% | 闸门: 15min 数据不可用 | 
[2026-09-14 22:31:13] 🟡 ETH  | 观望 WAIT      | V4 硬闸 | $2,540.33 | R:R 0.0:1 | 止损 0.00% | TP1 0.00% TP2 0.00% | 闸门: 15min 数据不可用 | 
[2026-09-14 23:14:08] 🟡 BTC  | 观望 WAIT      | V4 硬闸 | $78,427.30 | R:R 0.0:1 | 止损 0.00% | TP1 0.00% TP2 0.00% | 闸门: 15min 数据不可用 | 
[2026-09-14 23:14:16] 🟡 ETH  | 观望 WAIT      | V4 硬闸 | $2,524.09 | R:R 0.0:1 | 止损 0.00% | TP1 0.00% TP2 0.00% | 闸门: 15min 数据不可用 | 
[2026-09-14 23:25:03] 🟡 BTC  | 观望 WAIT      | V4 硬闸 | $78,420.40 | R:R 0.0:1 | 止损 0.00% | TP1 0.00% TP2 0.00% | 闸门: 15min 数据不可用 | 
[2026-09-14 23:25:10] 🟡 ETH  | 观望 WAIT      | V4 硬闸 | $2,525.33 | R:R 0.0:1 | 止损 0.00% | TP1 0.00% TP2 0.00% | 闸门: 15min 数据不可用 | 
[2026-09-14 23:59:59] 🟡 BTC  | 观望 WAIT      | V4 硬闸 | $78,192.30 | R:R 0.0:1 | 止损 0.00% | TP1 0.00% TP2 0.00% | 闸门: 15min 数据不可用 | 
[2026-09-15 00:00:06] 🟡 ETH  | 观望 WAIT      | V4 硬闸 | $2,514.92 | R:R 0.0:1 | 止损 0.00% | TP1 0.00% TP2 0.00% | 闸门: 15min 数据不可用 | 
[2026-09-15 00:38:36] 🟡 BTC  | 观望 WAIT      | V4 硬闸 | $77,994.90 | R:R 0.0:1 | 止损 0.00% | TP1 0.00% TP2 0.00% | 闸门: 15min 数据不可用 | 
[2026-09-15 00:38:43] 🟡 ETH  | 观望 WAIT      | V4 硬闸 | $2,514.25 | R:R 0.0:1 | 止损 0.00% | TP1 0.00% TP2 0.00% | 闸门: 15min 数据不可用 | 
[2026-09-15 00:51:55] 🟡 BTC  | 观望 WAIT      | V4 硬闸 | $77,977.00 | R:R 0.0:1 | 止损 0.00% | TP1 0.00% TP2 0.00% | 闸门: 15min 数据不可用 | 
[2026-09-15 00:52:01] 🟡 ETH  | 观望 WAIT      | V4 硬闸 | $2,515.73 | R:R 0.0:1 | 止损 0.00% | TP1 0.00% TP2 0.00% | 闸门: 15min 数据不可用 | 
[2026-09-15 01:28:29] 🟡 BTC  | 观望 WAIT      | V4 硬闸 | $77,840.20 | R:R 0.0:1 | 止损 0.00% | TP1 0.00% TP2 0.00% | 闸门: 15min 数据不可用 | 
[2026-09-15 01:28:36] 🟡 ETH  | 观望 WAIT      | V4 硬闸 | $2,510.41 | R:R 0.0:1 | 止损 0.00% | TP1 0.00% TP2 0.00% | 闸门: 15min 数据不可用 | 
[2026-09-15 01:38:47] 🟡 BTC  | 观望 WAIT      | V4 硬闸 | $77,967.70 | R:R 0.0:1 | 止损 0.00% | TP1 0.00% TP2 0.00% | 闸门: 15min 数据不可用 | 
[2026-09-15 01:38:54] 🟡 ETH  | 观望 WAIT      | V4 硬闸 | $2,514.20 | R:R 0.0:1 | 止损 0.00% | TP1 0.00% TP2 0.00% | 闸门: 15min 数据不可用 | 
[2026-09-15 03:33:58] 🟡 BTC  | 观望 WAIT      | V4 硬闸 | $77,827.40 | R:R 0.0:1 | 止损 0.00% | TP1 0.00% TP2 0.00% | 闸门: 15min 数据不可用 | 
[2026-09-15 03:34:04] 🟡 ETH  | 观望 WAIT      | V4 硬闸 | $2,503.43 | R:R 0.0:1 | 止损 0.00% | TP1 0.00% TP2 0.00% | 闸门: 15min 数据不可用 | 
[2026-09-15 05:19:35] 🟡 BTC  | 观望 WAIT      | V4 硬闸 | $77,328.30 | R:R 0.0:1 | 止损 0.00% | TP1 0.00% TP2 0.00% | 闸门: 15min 数据不可用 | 
[2026-09-15 05:19:42] 🟡 ETH  | 观望 WAIT      | V4 硬闸 | $2,479.34 | R:R 0.0:1 | 止损 0.00% | TP1 0.00% TP2 0.00% | 闸门: 15min 数据不可用 | 
[2026-09-15 05:36:13] 🟡 BTC  | 观望 WAIT      | V4 硬闸 | $77,427.40 | R:R 0.0:1 | 止损 0.00% | TP1 0.00% TP2 0.00% | 闸门: 15min 数据不可用 | 
[2026-09-15 05:36:20] 🟡 ETH  | 观望 WAIT      | V4 硬闸 | $2,488.01 | R:R 0.0:1 | 止损 0.00% | TP1 0.00% TP2 0.00% | 闸门: 15min 数据不可用 | 
[2026-09-15 05:48:57] 🟡 BTC  | 观望 WAIT      | V4 硬闸 | $77,490.20 | R:R 0.0:1 | 止损 0.00% | TP1 0.00% TP2 0.00% | 闸门: 15min 数据不可用 | 
[2026-09-15 05:49:04] 🟡 ETH  | 观望 WAIT      | V4 硬闸 | $2,492.26 | R:R 0.0:1 | 止损 0.00% | TP1 0.00% TP2 0.00% | 闸门: 15min 数据不可用 | 
[2026-09-15 06:24:02] 🟡 BTC  | 观望 WAIT      | V4 硬闸 | $77,465.20 | R:R 0.0:1 | 止损 0.00% | TP1 0.00% TP2 0.00% | 闸门: 15min 数据不可用 | 
[2026-09-15 06:24:09] 🟡 ETH  | 观望 WAIT      | V4 硬闸 | $2,491.01 | R:R 0.0:1 | 止损 0.00% | TP1 0.00% TP2 0.00% | 闸门: 15min 数据不可用 | 
[2026-09-15 06:42:30] 🟡 BTC  | 观望 WAIT      | V4 硬闸 | $77,431.00 | R:R 0.0:1 | 止损 0.00% | TP1 0.00% TP2 0.00% | 闸门: 15min 数据不可用 | 
[2026-09-15 06:42:38] 🟡 ETH  | 观望 WAIT      | V4 硬闸 | $2,488.68 | R:R 0.0:1 | 止损 0.00% | TP1 0.00% TP2 0.00% | 闸门: 15min 数据不可用 | 
[2026-09-15 08:56:01] 🟡 BTC  | 观望 WAIT      | V4 硬闸 | $76,902.60 | R:R 0.0:1 | 止损 0.00% | TP1 0.00% TP2 0.00% | 闸门: 15min 数据不可用 | 
[2026-09-15 08:56:08] 🟡 ETH  | 观望 WAIT      | V4 硬闸 | $2,475.49 | R:R 0.0:1 | 止损 0.00% | TP1 0.00% TP2 0.00% | 闸门: 15min 数据不可用 | 
[2026-09-15 10:12:46] 🟡 BTC  | 观望 WAIT      | V4 硬闸 | $77,003.30 | R:R 0.0:1 | 止损 0.00% | TP1 0.00% TP2 0.00% | 闸门: 15min 数据不可用 | 
[2026-09-15 10:12:53] 🟡 ETH  | 观望 WAIT      | V4 硬闸 | $2,475.78 | R:R 0.0:1 | 止损 0.00% | TP1 0.00% TP2 0.00% | 闸门: 15min 数据不可用 | 
[2026-09-15 10:25:32] 🟡 BTC  | 观望 WAIT      | V4 硬闸 | $76,995.80 | R:R 0.0:1 | 止损 0.00% | TP1 0.00% TP2 0.00% | 闸门: 15min 数据不可用 | 
[2026-09-15 10:25:39] 🟡 ETH  | 观望 WAIT      | V4 硬闸 | $2,476.19 | R:R 0.0:1 | 止损 0.00% | TP1 0.00% TP2 0.00% | 闸门: 15min 数据不可用 | 
[2026-09-15 11:30:22] 🟡 BTC  | 观望 WAIT      | V4 硬闸 | $76,962.50 | R:R 0.0:1 | 止损 0.00% | TP1 0.00% TP2 0.00% | 闸门: 15min 数据不可用 | 
[2026-09-15 11:30:29] 🟡 ETH  | 观望 WAIT      | V4 硬闸 | $2,480.01 | R:R 0.0:1 | 止损 0.00% | TP1 0.00% TP2 0.00% | 闸门: 15min 数据不可用 | 
[2026-09-15 11:54:56] 🟡 BTC  | 观望 WAIT      | V4 硬闸 | $76,866.30 | R:R 0.0:1 | 止损 0.00% | TP1 0.00% TP2 0.00% | 闸门: 15min 数据不可用 | 
[2026-09-15 11:55:04] 🟡 ETH  | 观望 WAIT      | V4 硬闸 | $2,474.60 | R:R 0.0:1 | 止损 0.00% | TP1 0.00% TP2 0.00% | 闸门: 15min 数据不可用 | 
[2026-09-15 12:09:25] 🟡 BTC  | 观望 WAIT      | V4 硬闸 | $76,868.40 | R:R 0.0:1 | 止损 0.00% | TP1 0.00% TP2 0.00% | 闸门: 15min 数据不可用 | 
[2026-09-15 12:09:32] 🟡 ETH  | 观望 WAIT      | V4 硬闸 | $2,476.63 | R:R 0.0:1 | 止损 0.00% | TP1 0.00% TP2 0.00% | 闸门: 15min 数据不可用 | 
[2026-09-15 13:56:23] 🟡 BTC  | 观望 WAIT      | V4 硬闸 | $76,265.70 | R:R 0.0:1 | 止损 0.00% | TP1 0.00% TP2 0.00% | 闸门: 15min 数据不可用 | 
[2026-09-15 13:56:30] 🟡 ETH  | 观望 WAIT      | V4 硬闸 | $2,445.38 | R:R 0.0:1 | 止损 0.00% | TP1 0.00% TP2 0.00% | 闸门: 15min 数据不可用 | 
[2026-09-15 14:59:25] 🟡 BTC  | 观望 WAIT      | V4 硬闸 | $75,932.80 | R:R 0.0:1 | 止损 0.00% | TP1 0.00% TP2 0.00% | 闸门: 15min 数据不可用 | 
[2026-09-15 14:59:32] 🟡 ETH  | 观望 WAIT      | V4 硬闸 | $2,408.19 | R:R 0.0:1 | 止损 0.00% | TP1 0.00% TP2 0.00% | 闸门: 15min 数据不可用 | 
[2026-09-15 15:11:18] 🟡 BTC  | 观望 WAIT      | V4 硬闸 | $75,997.40 | R:R 0.0:1 | 止损 0.00% | TP1 0.00% TP2 0.00% | 闸门: 15min 数据不可用 | 
[2026-09-15 15:11:25] 🟡 ETH  | 观望 WAIT      | V4 硬闸 | $2,410.35 | R:R 0.0:1 | 止损 0.00% | TP1 0.00% TP2 0.00% | 闸门: 15min 数据不可用 | 
[2026-09-15 15:40:19] 🟡 BTC  | 观望 WAIT      | V4 硬闸 | $76,348.70 | R:R 0.0:1 | 止损 0.00% | TP1 0.00% TP2 0.00% | 闸门: 15min 数据不可用 | 
[2026-09-15 15:40:26] 🟡 ETH  | 观望 WAIT      | V4 硬闸 | $2,426.34 | R:R 0.0:1 | 止损 0.00% | TP1 0.00% TP2 0.00% | 闸门: 15min 数据不可用 | 
[2026-09-15 16:57:28] 🟡 BTC  | 观望 WAIT      | V4 硬闸 | $76,390.00 | R:R 0.0:1 | 止损 0.00% | TP1 0.00% TP2 0.00% | 闸门: 15min 数据不可用 | 
[2026-09-15 16:57:36] 🟡 ETH  | 观望 WAIT      | V4 硬闸 | $2,422.15 | R:R 0.0:1 | 止损 0.00% | TP1 0.00% TP2 0.00% | 闸门: 15min 数据不可用 | 
[2026-09-15 17:49:22] 🟡 BTC  | 观望 WAIT      | V4 硬闸 | $76,984.10 | R:R 0.0:1 | 止损 0.00% | TP1 0.00% TP2 0.00% | 闸门: 15min 数据不可用 | 
[2026-09-15 17:49:29] 🟡 ETH  | 观望 WAIT      | V4 硬闸 | $2,438.96 | R:R 0.0:1 | 止损 0.00% | TP1 0.00% TP2 0.00% | 闸门: 15min 数据不可用 | 
[2026-09-15 18:47:16] 🟡 BTC  | 观望 WAIT      | V4 硬闸 | $75,304.10 | R:R 0.0:1 | 止损 0.00% | TP1 0.00% TP2 0.00% | 闸门: 15min 数据不可用 | 
[2026-09-15 18:47:23] 🟡 ETH  | 观望 WAIT      | V4 硬闸 | $2,379.33 | R:R 0.0:1 | 止损 0.00% | TP1 0.00% TP2 0.00% | 闸门: 15min 数据不可用 | 
[2026-09-15 19:01:28] 🟡 BTC  | 观望 WAIT      | V4 硬闸 | $75,791.30 | R:R 0.0:1 | 止损 0.00% | TP1 0.00% TP2 0.00% | 闸门: 15min 数据不可用 | 
[2026-09-15 19:01:35] 🟡 ETH  | 观望 WAIT      | V4 硬闸 | $2,398.67 | R:R 0.0:1 | 止损 0.00% | TP1 0.00% TP2 0.00% | 闸门: 15min 数据不可用 | 
[2026-09-15 19:13:38] 🟡 BTC  | 观望 WAIT      | V4 硬闸 | $75,890.50 | R:R 0.0:1 | 止损 0.00% | TP1 0.00% TP2 0.00% | 闸门: 15min 数据不可用 | 
[2026-09-15 19:13:45] 🟡 ETH  | 观望 WAIT      | V4 硬闸 | $2,403.03 | R:R 0.0:1 | 止损 0.00% | TP1 0.00% TP2 0.00% | 闸门: 15min 数据不可用 | 
[2026-09-15 20:07:44] 🟡 BTC  | 观望 WAIT      | V4 硬闸 | $75,935.10 | R:R 0.0:1 | 止损 0.00% | TP1 0.00% TP2 0.00% | 闸门: 15min 数据不可用 | 
[2026-09-15 20:07:52] 🟡 ETH  | 观望 WAIT      | V4 硬闸 | $2,408.45 | R:R 0.0:1 | 止损 0.00% | TP1 0.00% TP2 0.00% | 闸门: 15min 数据不可用 | 
[2026-09-15 20:29:02] 🟡 BTC  | 观望 WAIT      | V4 硬闸 | $75,785.20 | R:R 0.0:1 | 止损 0.00% | TP1 0.00% TP2 0.00% | 闸门: 15min 数据不可用 | 
[2026-09-15 20:29:09] 🟡 ETH  | 观望 WAIT      | V4 硬闸 | $2,400.34 | R:R 0.0:1 | 止损 0.00% | TP1 0.00% TP2 0.00% | 闸门: 15min 数据不可用 | 
[2026-09-15 21:47:40] 🟡 BTC  | 观望 WAIT      | V4 硬闸 | $75,643.50 | R:R 0.0:1 | 止损 0.00% | TP1 0.00% TP2 0.00% | 闸门: 15min 数据不可用 | 
[2026-09-15 21:47:47] 🟡 ETH  | 观望 WAIT      | V4 硬闸 | $2,397.15 | R:R 0.0:1 | 止损 0.00% | TP1 0.00% TP2 0.00% | 闸门: 15min 数据不可用 | 
[2026-09-15 22:08:06] 🟡 BTC  | 观望 WAIT      | V4 硬闸 | $75,423.90 | R:R 0.0:1 | 止损 0.00% | TP1 0.00% TP2 0.00% | 闸门: 15min 数据不可用 | 
[2026-09-15 22:08:13] 🟡 ETH  | 观望 WAIT      | V4 硬闸 | $2,390.22 | R:R 0.0:1 | 止损 0.00% | TP1 0.00% TP2 0.00% | 闸门: 15min 数据不可用 | 
[2026-09-15 22:20:54] 🟡 BTC  | 观望 WAIT      | V4 硬闸 | $75,187.20 | R:R 0.0:1 | 止损 0.00% | TP1 0.00% TP2 0.00% | 闸门: 15min 数据不可用 | 
[2026-09-15 22:21:01] 🟡 ETH  | 观望 WAIT      | V4 硬闸 | $2,382.04 | R:R 0.0:1 | 止损 0.00% | TP1 0.00% TP2 0.00% | 闸门: 15min 数据不可用 | 
[2026-09-15 22:53:09] 🟡 BTC  | 观望 WAIT      | V4 硬闸 | $75,670.70 | R:R 0.0:1 | 止损 0.00% | TP1 0.00% TP2 0.00% | 闸门: 15min 数据不可用 | 
[2026-09-15 22:53:17] 🟡 ETH  | 观望 WAIT      | V4 硬闸 | $2,399.27 | R:R 0.0:1 | 止损 0.00% | TP1 0.00% TP2 0.00% | 闸门: 15min 数据不可用 | 
[2026-09-15 23:45:04] 🟡 BTC  | 观望 WAIT      | V4 硬闸 | $75,622.40 | R:R 0.0:1 | 止损 0.00% | TP1 0.00% TP2 0.00% | 闸门: 15min 数据不可用 | 
[2026-09-15 23:45:11] 🟡 ETH  | 观望 WAIT      | V4 硬闸 | $2,399.31 | R:R 0.0:1 | 止损 0.00% | TP1 0.00% TP2 0.00% | 闸门: 15min 数据不可用 | 
[2026-09-16 00:17:39] 🟡 BTC  | 观望 WAIT      | V4 硬闸 | $75,731.90 | R:R 0.0:1 | 止损 0.00% | TP1 0.00% TP2 0.00% | 闸门: 15min 数据不可用 | 
[2026-09-16 00:17:46] 🟡 ETH  | 观望 WAIT      | V4 硬闸 | $2,403.29 | R:R 0.0:1 | 止损 0.00% | TP1 0.00% TP2 0.00% | 闸门: 15min 数据不可用 | 
[2026-09-16 00:32:11] 🟡 BTC  | 观望 WAIT      | V4 硬闸 | $75,796.70 | R:R 0.0:1 | 止损 0.00% | TP1 0.00% TP2 0.00% | 闸门: 15min 数据不可用 | 
[2026-09-16 00:32:18] 🟡 ETH  | 观望 WAIT      | V4 硬闸 | $2,403.35 | R:R 0.0:1 | 止损 0.00% | TP1 0.00% TP2 0.00% | 闸门: 15min 数据不可用 | 
[2026-09-16 00:52:29] 🟡 BTC  | 观望 WAIT      | V4 硬闸 | $75,760.70 | R:R 0.0:1 | 止损 0.00% | TP1 0.00% TP2 0.00% | 闸门: 15min 数据不可用 | 
[2026-09-16 00:52:36] 🟡 ETH  | 观望 WAIT      | V4 硬闸 | $2,402.15 | R:R 0.0:1 | 止损 0.00% | TP1 0.00% TP2 0.00% | 闸门: 15min 数据不可用 | 
[2026-09-16 01:10:17] 🟡 BTC  | 观望 WAIT      | V4 硬闸 | $75,680.90 | R:R 0.0:1 | 止损 0.00% | TP1 0.00% TP2 0.00% | 闸门: 15min 数据不可用 | 
[2026-09-16 01:10:24] 🟡 ETH  | 观望 WAIT      | V4 硬闸 | $2,396.77 | R:R 0.0:1 | 止损 0.00% | TP1 0.00% TP2 0.00% | 闸门: 15min 数据不可用 | 
[2026-09-16 01:43:58] 🟡 BTC  | 观望 WAIT      | V4 硬闸 | $75,598.20 | R:R 0.0:1 | 止损 0.00% | TP1 0.00% TP2 0.00% | 闸门: 15min 数据不可用 | 
[2026-09-16 01:44:05] 🟡 ETH  | 观望 WAIT      | V4 硬闸 | $2,396.40 | R:R 0.0:1 | 止损 0.00% | TP1 0.00% TP2 0.00% | 闸门: 15min 数据不可用 | 
[2026-09-16 04:58:24] 🟡 BTC  | 观望 WAIT      | V4 硬闸 | $75,794.20 | R:R 0.0:1 | 止损 0.00% | TP1 0.00% TP2 0.00% | 闸门: 15min 数据不可用 | 
[2026-09-16 04:58:31] 🟡 ETH  | 观望 WAIT      | V4 硬闸 | $2,403.10 | R:R 0.0:1 | 止损 0.00% | TP1 0.00% TP2 0.00% | 闸门: 15min 数据不可用 | 
[2026-09-16 05:11:28] 🟡 BTC  | 观望 WAIT      | V4 硬闸 | $75,737.50 | R:R 0.0:1 | 止损 0.00% | TP1 0.00% TP2 0.00% | 闸门: 15min 数据不可用 | 
[2026-09-16 05:11:35] 🟡 ETH  | 观望 WAIT      | V4 硬闸 | $2,398.70 | R:R 0.0:1 | 止损 0.00% | TP1 0.00% TP2 0.00% | 闸门: 15min 数据不可用 | 
[2026-09-16 05:23:30] 🟡 BTC  | 观望 WAIT      | V4 硬闸 | $75,792.80 | R:R 0.0:1 | 止损 0.00% | TP1 0.00% TP2 0.00% | 闸门: 15min 数据不可用 | 
[2026-09-16 05:23:37] 🟡 ETH  | 观望 WAIT      | V4 硬闸 | $2,400.14 | R:R 0.0:1 | 止损 0.00% | TP1 0.00% TP2 0.00% | 闸门: 15min 数据不可用 | 
[2026-09-16 05:58:39] 🟡 BTC  | 观望 WAIT      | V4 硬闸 | $75,888.70 | R:R 0.0:1 | 止损 0.00% | TP1 0.00% TP2 0.00% | 闸门: 15min 数据不可用 | 
[2026-09-16 05:58:46] 🟡 ETH  | 观望 WAIT      | V4 硬闸 | $2,403.93 | R:R 0.0:1 | 止损 0.00% | TP1 0.00% TP2 0.00% | 闸门: 15min 数据不可用 | 
[2026-09-16 06:47:56] 🟡 BTC  | 观望 WAIT      | V4 硬闸 | $75,924.40 | R:R 0.0:1 | 止损 0.00% | TP1 0.00% TP2 0.00% | 闸门: 15min 数据不可用 | 
[2026-09-16 06:48:04] 🟡 ETH  | 观望 WAIT      | V4 硬闸 | $2,398.90 | R:R 0.0:1 | 止损 0.00% | TP1 0.00% TP2 0.00% | 闸门: 15min 数据不可用 | 
[2026-09-16 09:40:48] 🟡 BTC  | 观望 WAIT      | V4 硬闸 | $75,863.40 | R:R 0.0:1 | 止损 0.00% | TP1 0.00% TP2 0.00% | 闸门: 15min 数据不可用 | 
[2026-09-16 09:40:55] 🟡 ETH  | 观望 WAIT      | V4 硬闸 | $2,401.95 | R:R 0.0:1 | 止损 0.00% | TP1 0.00% TP2 0.00% | 闸门: 15min 数据不可用 | 
[2026-09-16 09:50:07] 🟡 BTC  | 观望 WAIT      | V4 硬闸 | $75,866.00 | R:R 0.0:1 | 止损 0.00% | TP1 0.00% TP2 0.00% | 闸门: 15min 数据不可用 | 
[2026-09-16 09:50:15] 🟡 ETH  | 观望 WAIT      | V4 硬闸 | $2,401.64 | R:R 0.0:1 | 止损 0.00% | TP1 0.00% TP2 0.00% | 闸门: 15min 数据不可用 | 
[2026-09-16 09:59:24] 🟡 BTC  | 观望 WAIT      | V4 硬闸 | $75,908.40 | R:R 0.0:1 | 止损 0.00% | TP1 0.00% TP2 0.00% | 闸门: 15min 数据不可用 | 
[2026-09-16 09:59:31] 🟡 ETH  | 观望 WAIT      | V4 硬闸 | $2,403.95 | R:R 0.0:1 | 止损 0.00% | TP1 0.00% TP2 0.00% | 闸门: 15min 数据不可用 | 
[2026-09-16 10:44:19] 🟡 BTC  | 观望 WAIT      | V4 硬闸 | $75,937.80 | R:R 0.0:1 | 止损 0.00% | TP1 0.00% TP2 0.00% | 闸门: 15min 数据不可用 | 
[2026-09-16 10:44:26] 🟡 ETH  | 观望 WAIT      | V4 硬闸 | $2,405.09 | R:R 0.0:1 | 止损 0.00% | TP1 0.00% TP2 0.00% | 闸门: 15min 数据不可用 | 
[2026-09-16 12:11:13] 🟡 BTC  | 观望 WAIT      | V4 硬闸 | $76,079.70 | R:R 0.0:1 | 止损 0.00% | TP1 0.00% TP2 0.00% | 闸门: 15min 数据不可用 | 
[2026-09-16 12:11:21] 🟡 ETH  | 观望 WAIT      | V4 硬闸 | $2,414.19 | R:R 0.0:1 | 止损 0.00% | TP1 0.00% TP2 0.00% | 闸门: 15min 数据不可用 | 
[2026-09-16 14:22:05] 🟡 BTC  | 观望 WAIT      | V4 硬闸 | $75,616.60 | R:R 0.0:1 | 止损 0.00% | TP1 0.00% TP2 0.00% | 闸门: 15min 数据不可用 | 
[2026-09-16 14:22:12] 🟡 ETH  | 观望 WAIT      | V4 硬闸 | $2,390.29 | R:R 0.0:1 | 止损 0.00% | TP1 0.00% TP2 0.00% | 闸门: 15min 数据不可用 | 
[2026-09-16 14:33:12] 🟡 BTC  | 观望 WAIT      | V4 硬闸 | $75,628.20 | R:R 0.0:1 | 止损 0.00% | TP1 0.00% TP2 0.00% | 闸门: 15min 数据不可用 | 
[2026-09-16 14:33:19] 🟡 ETH  | 观望 WAIT      | V4 硬闸 | $2,388.49 | R:R 0.0:1 | 止损 0.00% | TP1 0.00% TP2 0.00% | 闸门: 15min 数据不可用 | 
[2026-09-16 14:50:07] 🟡 BTC  | 观望 WAIT      | V4 硬闸 | $75,504.90 | R:R 0.0:1 | 止损 0.00% | TP1 0.00% TP2 0.00% | 闸门: 15min 数据不可用 | 
[2026-09-16 14:50:15] 🟡 ETH  | 观望 WAIT      | V4 硬闸 | $2,384.34 | R:R 0.0:1 | 止损 0.00% | TP1 0.00% TP2 0.00% | 闸门: 15min 数据不可用 | 
[2026-09-16 15:09:47] 🟡 BTC  | 观望 WAIT      | V4 硬闸 | $75,609.70 | R:R 0.0:1 | 止损 0.00% | TP1 0.00% TP2 0.00% | 闸门: 15min 数据不可用 | 
[2026-09-16 15:09:55] 🟡 ETH  | 观望 WAIT      | V4 硬闸 | $2,390.36 | R:R 0.0:1 | 止损 0.00% | TP1 0.00% TP2 0.00% | 闸门: 15min 数据不可用 | 
[2026-09-16 16:53:09] 🟡 BTC  | 观望 WAIT      | V4 硬闸 | $75,744.70 | R:R 0.0:1 | 止损 0.00% | TP1 0.00% TP2 0.00% | 闸门: 15min 数据不可用 | 
[2026-09-16 16:53:16] 🟡 ETH  | 观望 WAIT      | V4 硬闸 | $2,392.13 | R:R 0.0:1 | 止损 0.00% | TP1 0.00% TP2 0.00% | 闸门: 15min 数据不可用 | 
[2026-09-16 18:15:41] 🟡 BTC  | 观望 WAIT      | V4 硬闸 | $75,843.90 | R:R 0.0:1 | 止损 0.00% | TP1 0.00% TP2 0.00% | 闸门: 15min 数据不可用 | 
[2026-09-16 18:15:48] 🟡 ETH  | 观望 WAIT      | V4 硬闸 | $2,403.03 | R:R 0.0:1 | 止损 0.00% | TP1 0.00% TP2 0.00% | 闸门: 15min 数据不可用 | 
[2026-09-16 18:32:30] 🟡 BTC  | 观望 WAIT      | V4 硬闸 | $75,619.40 | R:R 0.0:1 | 止损 0.00% | TP1 0.00% TP2 0.00% | 闸门: 15min 数据不可用 | 
[2026-09-16 18:32:37] 🟡 ETH  | 观望 WAIT      | V4 硬闸 | $2,399.41 | R:R 0.0:1 | 止损 0.00% | TP1 0.00% TP2 0.00% | 闸门: 15min 数据不可用 | 
[2026-09-16 18:48:30] 🟡 BTC  | 观望 WAIT      | V4 硬闸 | $75,808.30 | R:R 0.0:1 | 止损 0.00% | TP1 0.00% TP2 0.00% | 闸门: 15min 数据不可用 | 
[2026-09-16 18:48:38] 🟡 ETH  | 观望 WAIT      | V4 硬闸 | $2,404.16 | R:R 0.0:1 | 止损 0.00% | TP1 0.00% TP2 0.00% | 闸门: 15min 数据不可用 | 
[2026-09-16 19:46:58] 🟡 BTC  | 观望 WAIT      | V4 硬闸 | $75,975.00 | R:R 0.0:1 | 止损 0.00% | TP1 0.00% TP2 0.00% | 闸门: 15min 数据不可用 | 
[2026-09-16 19:47:05] 🟡 ETH  | 观望 WAIT      | V4 硬闸 | $2,406.34 | R:R 0.0:1 | 止损 0.00% | TP1 0.00% TP2 0.00% | 闸门: 15min 数据不可用 | 
[2026-09-16 21:18:57] 🟡 BTC  | 观望 WAIT      | V4 硬闸 | $76,043.40 | R:R 0.0:1 | 止损 0.00% | TP1 0.00% TP2 0.00% | 闸门: 15min 数据不可用 | 
[2026-09-16 21:19:04] 🟡 ETH  | 观望 WAIT      | V4 硬闸 | $2,406.44 | R:R 0.0:1 | 止损 0.00% | TP1 0.00% TP2 0.00% | 闸门: 15min 数据不可用 | 
[2026-09-16 21:32:22] 🟡 BTC  | 观望 WAIT      | V4 硬闸 | $76,011.60 | R:R 0.0:1 | 止损 0.00% | TP1 0.00% TP2 0.00% | 闸门: 15min 数据不可用 | 
[2026-09-16 21:32:29] 🟡 ETH  | 观望 WAIT      | V4 硬闸 | $2,404.00 | R:R 0.0:1 | 止损 0.00% | TP1 0.00% TP2 0.00% | 闸门: 15min 数据不可用 | 
[2026-09-16 21:45:46] 🟡 BTC  | 观望 WAIT      | V4 硬闸 | $75,868.40 | R:R 0.0:1 | 止损 0.00% | TP1 0.00% TP2 0.00% | 闸门: 15min 数据不可用 | 
[2026-09-16 21:45:53] 🟡 ETH  | 观望 WAIT      | V4 硬闸 | $2,399.59 | R:R 0.0:1 | 止损 0.00% | TP1 0.00% TP2 0.00% | 闸门: 15min 数据不可用 | 
[2026-09-16 22:23:48] 🟡 BTC  | 观望 WAIT      | V4 硬闸 | $75,623.70 | R:R 0.0:1 | 止损 0.00% | TP1 0.00% TP2 0.00% | 闸门: 15min 数据不可用 | 
[2026-09-16 22:23:55] 🟡 ETH  | 观望 WAIT      | V4 硬闸 | $2,391.83 | R:R 0.0:1 | 止损 0.00% | TP1 0.00% TP2 0.00% | 闸门: 15min 数据不可用 | 
[2026-09-16 23:40:11] 🟡 BTC  | 观望 WAIT      | V4 硬闸 | $76,050.00 | R:R 0.0:1 | 止损 0.00% | TP1 0.00% TP2 0.00% | 闸门: 15min 数据不可用 | 
[2026-09-16 23:40:18] 🟡 ETH  | 观望 WAIT      | V4 硬闸 | $2,415.33 | R:R 0.0:1 | 止损 0.00% | TP1 0.00% TP2 0.00% | 闸门: 15min 数据不可用 | 
[2026-09-16 23:52:30] 🟡 BTC  | 观望 WAIT      | V4 硬闸 | $76,196.20 | R:R 0.0:1 | 止损 0.00% | TP1 0.00% TP2 0.00% | 闸门: 15min 数据不可用 | 
[2026-09-16 23:52:37] 🟡 ETH  | 观望 WAIT      | V4 硬闸 | $2,418.25 | R:R 0.0:1 | 止损 0.00% | TP1 0.00% TP2 0.00% | 闸门: 15min 数据不可用 | 
[2026-09-17 00:42:22] 🟡 BTC  | 观望 WAIT      | V4 硬闸 | $76,395.00 | R:R 0.0:1 | 止损 0.00% | TP1 0.00% TP2 0.00% | 闸门: 15min 数据不可用 | 
[2026-09-17 00:42:29] 🟡 ETH  | 观望 WAIT      | V4 硬闸 | $2,422.05 | R:R 0.0:1 | 止损 0.00% | TP1 0.00% TP2 0.00% | 闸门: 15min 数据不可用 | 
[2026-09-17 01:40:37] 🟡 BTC  | 观望 WAIT      | V4 硬闸 | $76,491.10 | R:R 0.0:1 | 止损 0.00% | TP1 0.00% TP2 0.00% | 闸门: 15min 数据不可用 | 
[2026-09-17 01:40:45] 🟡 ETH  | 观望 WAIT      | V4 硬闸 | $2,430.01 | R:R 0.0:1 | 止损 0.00% | TP1 0.00% TP2 0.00% | 闸门: 15min 数据不可用 | 
[2026-09-17 01:50:08] 🟡 BTC  | 观望 WAIT      | V4 硬闸 | $76,488.50 | R:R 0.0:1 | 止损 0.00% | TP1 0.00% TP2 0.00% | 闸门: 15min 数据不可用 | 
[2026-09-17 01:50:16] 🟡 ETH  | 观望 WAIT      | V4 硬闸 | $2,432.55 | R:R 0.0:1 | 止损 0.00% | TP1 0.00% TP2 0.00% | 闸门: 15min 数据不可用 | 
[2026-09-17 02:52:20] 🟡 BTC  | 观望 WAIT      | V4 硬闸 | $76,384.90 | R:R 0.0:1 | 止损 0.00% | TP1 0.00% TP2 0.00% | 闸门: 15min 数据不可用 | 
[2026-09-17 02:52:27] 🟡 ETH  | 观望 WAIT      | V4 硬闸 | $2,429.97 | R:R 0.0:1 | 止损 0.00% | TP1 0.00% TP2 0.00% | 闸门: 15min 数据不可用 | 
[2026-09-17 03:20:45] 🟡 BTC  | 观望 WAIT      | V4 硬闸 | $76,366.00 | R:R 0.0:1 | 止损 0.00% | TP1 0.00% TP2 0.00% | 闸门: 15min 数据不可用 | 
[2026-09-17 03:20:52] 🟡 ETH  | 观望 WAIT      | V4 硬闸 | $2,431.08 | R:R 0.0:1 | 止损 0.00% | TP1 0.00% TP2 0.00% | 闸门: 15min 数据不可用 | 
[2026-09-17 05:26:03] 🟡 BTC  | 观望 WAIT      | V4 硬闸 | $76,467.80 | R:R 0.0:1 | 止损 0.00% | TP1 0.00% TP2 0.00% | 闸门: 15min 数据不可用 | 
[2026-09-17 05:26:11] 🟡 ETH  | 观望 WAIT      | V4 硬闸 | $2,442.06 | R:R 0.0:1 | 止损 0.00% | TP1 0.00% TP2 0.00% | 闸门: 15min 数据不可用 | 
[2026-09-17 06:40:14] 🟡 BTC  | 观望 WAIT      | V4 硬闸 | $76,474.20 | R:R 0.0:1 | 止损 0.00% | TP1 0.00% TP2 0.00% | 闸门: 15min 数据不可用 | 
[2026-09-17 06:40:22] 🟡 ETH  | 观望 WAIT      | V4 硬闸 | $2,442.15 | R:R 0.0:1 | 止损 0.00% | TP1 0.00% TP2 0.00% | 闸门: 15min 数据不可用 | 
[2026-09-17 06:51:01] 🟡 BTC  | 观望 WAIT      | V4 硬闸 | $76,465.90 | R:R 0.0:1 | 止损 0.00% | TP1 0.00% TP2 0.00% | 闸门: 15min 数据不可用 | 
[2026-09-17 06:51:08] 🟡 ETH  | 观望 WAIT      | V4 硬闸 | $2,440.75 | R:R 0.0:1 | 止损 0.00% | TP1 0.00% TP2 0.00% | 闸门: 15min 数据不可用 | 
[2026-09-17 08:00:19] 🟡 BTC  | 观望 WAIT      | V4 硬闸 | $76,398.40 | R:R 0.0:1 | 止损 0.00% | TP1 0.00% TP2 0.00% | 闸门: 15min 数据不可用 | 
[2026-09-17 08:00:26] 🟡 ETH  | 观望 WAIT      | V4 硬闸 | $2,442.48 | R:R 0.0:1 | 止损 0.00% | TP1 0.00% TP2 0.00% | 闸门: 15min 数据不可用 | 
[2026-09-17 08:48:01] 🟡 BTC  | 观望 WAIT      | V4 硬闸 | $76,417.40 | R:R 0.0:1 | 止损 0.00% | TP1 0.00% TP2 0.00% | 闸门: 15min 数据不可用 | 
[2026-09-17 08:48:08] 🟡 ETH  | 观望 WAIT      | V4 硬闸 | $2,441.30 | R:R 0.0:1 | 止损 0.00% | TP1 0.00% TP2 0.00% | 闸门: 15min 数据不可用 | 
[2026-09-17 10:13:23] 🟡 BTC  | 观望 WAIT      | V4 硬闸 | $76,330.20 | R:R 0.0:1 | 止损 0.00% | TP1 0.00% TP2 0.00% | 闸门: 15min 数据不可用 | 
[2026-09-17 10:13:29] 🟡 ETH  | 观望 WAIT      | V4 硬闸 | $2,433.39 | R:R 0.0:1 | 止损 0.00% | TP1 0.00% TP2 0.00% | 闸门: 15min 数据不可用 | 
[2026-09-17 12:02:37] 🟡 BTC  | 观望 WAIT      | V4 硬闸 | $76,420.20 | R:R 0.0:1 | 止损 0.00% | TP1 0.00% TP2 0.00% | 闸门: 15min 数据不可用 | 
[2026-09-17 12:02:45] 🟡 ETH  | 观望 WAIT      | V4 硬闸 | $2,437.87 | R:R 0.0:1 | 止损 0.00% | TP1 0.00% TP2 0.00% | 闸门: 15min 数据不可用 | 
[2026-09-17 12:12:55] 🟡 BTC  | 观望 WAIT      | V4 硬闸 | $76,567.20 | R:R 0.0:1 | 止损 0.00% | TP1 0.00% TP2 0.00% | 闸门: 15min 数据不可用 | 
[2026-09-17 12:13:02] 🟡 ETH  | 观望 WAIT      | V4 硬闸 | $2,449.41 | R:R 0.0:1 | 止损 0.00% | TP1 0.00% TP2 0.00% | 闸门: 15min 数据不可用 | 
[2026-09-17 13:21:33] 🟡 BTC  | 观望 WAIT      | V4 硬闸 | $76,590.70 | R:R 0.0:1 | 止损 0.00% | TP1 0.00% TP2 0.00% | 闸门: 15min 数据不可用 | 
[2026-09-17 13:21:40] 🟡 ETH  | 观望 WAIT      | V4 硬闸 | $2,453.18 | R:R 0.0:1 | 止损 0.00% | TP1 0.00% TP2 0.00% | 闸门: 15min 数据不可用 | 
[2026-09-17 13:49:31] 🟡 BTC  | 观望 WAIT      | V4 硬闸 | $76,327.00 | R:R 0.0:1 | 止损 0.00% | TP1 0.00% TP2 0.00% | 闸门: 15min 数据不可用 | 
[2026-09-17 13:49:38] 🟡 ETH  | 观望 WAIT      | V4 硬闸 | $2,446.30 | R:R 0.0:1 | 止损 0.00% | TP1 0.00% TP2 0.00% | 闸门: 15min 数据不可用 | 
[2026-09-17 15:00:21] 🟡 BTC  | 观望 WAIT      | V4 硬闸 | $76,426.50 | R:R 0.0:1 | 止损 0.00% | TP1 0.00% TP2 0.00% | 闸门: 15min 数据不可用 | 
[2026-09-17 15:00:28] 🟡 ETH  | 观望 WAIT      | V4 硬闸 | $2,459.47 | R:R 0.0:1 | 止损 0.00% | TP1 0.00% TP2 0.00% | 闸门: 15min 数据不可用 | 
[2026-09-17 16:50:45] 🟡 BTC  | 观望 WAIT      | V4 硬闸 | $76,565.40 | R:R 0.0:1 | 止损 0.00% | TP1 0.00% TP2 0.00% | 闸门: 15min 数据不可用 | 
[2026-09-17 16:50:53] 🟡 ETH  | 观望 WAIT      | V4 硬闸 | $2,460.87 | R:R 0.0:1 | 止损 0.00% | TP1 0.00% TP2 0.00% | 闸门: 15min 数据不可用 | 
[2026-09-17 17:04:01] 🟡 BTC  | 观望 WAIT      | V4 硬闸 | $76,784.10 | R:R 0.0:1 | 止损 0.00% | TP1 0.00% TP2 0.00% | 闸门: 15min 数据不可用 | 
[2026-09-17 17:04:09] 🟡 ETH  | 观望 WAIT      | V4 硬闸 | $2,471.87 | R:R 0.0:1 | 止损 0.00% | TP1 0.00% TP2 0.00% | 闸门: 15min 数据不可用 | 
[2026-09-17 17:39:47] 🟡 BTC  | 观望 WAIT      | V4 硬闸 | $76,730.50 | R:R 0.0:1 | 止损 0.00% | TP1 0.00% TP2 0.00% | 闸门: 15min 数据不可用 | 
[2026-09-17 17:39:54] 🟡 ETH  | 观望 WAIT      | V4 硬闸 | $2,467.11 | R:R 0.0:1 | 止损 0.00% | TP1 0.00% TP2 0.00% | 闸门: 15min 数据不可用 | 
[2026-09-17 18:54:52] 🟡 BTC  | 观望 WAIT      | V4 硬闸 | $76,546.10 | R:R 0.0:1 | 止损 0.00% | TP1 0.00% TP2 0.00% | 闸门: 15min 数据不可用 | 
[2026-09-17 18:54:59] 🟡 ETH  | 观望 WAIT      | V4 硬闸 | $2,452.71 | R:R 0.0:1 | 止损 0.00% | TP1 0.00% TP2 0.00% | 闸门: 15min 数据不可用 | 
[2026-09-17 19:53:07] 🟡 BTC  | 观望 WAIT      | V4 硬闸 | $76,568.90 | R:R 0.0:1 | 止损 0.00% | TP1 0.00% TP2 0.00% | 闸门: 15min 数据不可用 | 
[2026-09-17 19:53:15] 🟡 ETH  | 观望 WAIT      | V4 硬闸 | $2,450.62 | R:R 0.0:1 | 止损 0.00% | TP1 0.00% TP2 0.00% | 闸门: 15min 数据不可用 | 
[2026-09-17 20:15:44] 🟡 BTC  | 观望 WAIT      | V4 硬闸 | $76,568.70 | R:R 0.0:1 | 止损 0.00% | TP1 0.00% TP2 0.00% | 闸门: 15min 数据不可用 | 
[2026-09-17 20:15:52] 🟡 ETH  | 观望 WAIT      | V4 硬闸 | $2,450.96 | R:R 0.0:1 | 止损 0.00% | TP1 0.00% TP2 0.00% | 闸门: 15min 数据不可用 | 
[2026-09-17 20:33:35] 🟡 BTC  | 观望 WAIT      | V4 硬闸 | $76,577.40 | R:R 0.0:1 | 止损 0.00% | TP1 0.00% TP2 0.00% | 闸门: 15min 数据不可用 | 
[2026-09-17 20:33:43] 🟡 ETH  | 观望 WAIT      | V4 硬闸 | $2,453.18 | R:R 0.0:1 | 止损 0.00% | TP1 0.00% TP2 0.00% | 闸门: 15min 数据不可用 | 
[2026-09-17 21:50:55] 🟡 BTC  | 观望 WAIT      | V4 硬闸 | $76,399.50 | R:R 0.0:1 | 止损 0.00% | TP1 0.00% TP2 0.00% | 闸门: 15min 数据不可用 | 
[2026-09-17 21:51:02] 🟡 ETH  | 观望 WAIT      | V4 硬闸 | $2,447.42 | R:R 0.0:1 | 止损 0.00% | TP1 0.00% TP2 0.00% | 闸门: 15min 数据不可用 | 
[2026-09-17 22:27:49] 🟡 BTC  | 观望 WAIT      | V4 硬闸 | $76,214.60 | R:R 0.0:1 | 止损 0.00% | TP1 0.00% TP2 0.00% | 闸门: 15min 数据不可用 | 
[2026-09-17 22:27:56] 🟡 ETH  | 观望 WAIT      | V4 硬闸 | $2,437.44 | R:R 0.0:1 | 止损 0.00% | TP1 0.00% TP2 0.00% | 闸门: 15min 数据不可用 | 
[2026-09-17 22:53:29] 🟡 BTC  | 观望 WAIT      | V4 硬闸 | $76,278.70 | R:R 0.0:1 | 止损 0.00% | TP1 0.00% TP2 0.00% | 闸门: 15min 数据不可用 | 
[2026-09-17 22:53:36] 🟡 ETH  | 观望 WAIT      | V4 硬闸 | $2,441.38 | R:R 0.0:1 | 止损 0.00% | TP1 0.00% TP2 0.00% | 闸门: 15min 数据不可用 | 
[2026-09-17 23:03:09] 🟡 BTC  | 观望 WAIT      | V4 硬闸 | $76,412.40 | R:R 0.0:1 | 止损 0.00% | TP1 0.00% TP2 0.00% | 闸门: 15min 数据不可用 | 
[2026-09-17 23:03:17] 🟡 ETH  | 观望 WAIT      | V4 硬闸 | $2,446.28 | R:R 0.0:1 | 止损 0.00% | TP1 0.00% TP2 0.00% | 闸门: 15min 数据不可用 | 
[2026-09-17 23:45:20] 🟡 BTC  | 观望 WAIT      | V4 硬闸 | $76,366.30 | R:R 0.0:1 | 止损 0.00% | TP1 0.00% TP2 0.00% | 闸门: 15min 数据不可用 | 
[2026-09-17 23:45:27] 🟡 ETH  | 观望 WAIT      | V4 硬闸 | $2,445.29 | R:R 0.0:1 | 止损 0.00% | TP1 0.00% TP2 0.00% | 闸门: 15min 数据不可用 | 
[2026-09-18 00:33:52] 🟡 BTC  | 观望 WAIT      | V4 硬闸 | $76,373.30 | R:R 0.0:1 | 止损 0.00% | TP1 0.00% TP2 0.00% | 闸门: 15min 数据不可用 | 
[2026-09-18 00:33:59] 🟡 ETH  | 观望 WAIT      | V4 硬闸 | $2,441.75 | R:R 0.0:1 | 止损 0.00% | TP1 0.00% TP2 0.00% | 闸门: 15min 数据不可用 | 
[2026-09-18 00:58:45] 🟡 BTC  | 观望 WAIT      | V4 硬闸 | $76,517.90 | R:R 0.0:1 | 止损 0.00% | TP1 0.00% TP2 0.00% | 闸门: 15min 数据不可用 | 
[2026-09-18 00:58:52] 🟡 ETH  | 观望 WAIT      | V4 硬闸 | $2,445.54 | R:R 0.0:1 | 止损 0.00% | TP1 0.00% TP2 0.00% | 闸门: 15min 数据不可用 | 
[2026-09-18 01:08:39] 🟡 BTC  | 观望 WAIT      | V4 硬闸 | $76,580.00 | R:R 0.0:1 | 止损 0.00% | TP1 0.00% TP2 0.00% | 闸门: 15min 数据不可用 | 
[2026-09-18 01:08:46] 🟡 ETH  | 观望 WAIT      | V4 硬闸 | $2,446.94 | R:R 0.0:1 | 止损 0.00% | TP1 0.00% TP2 0.00% | 闸门: 15min 数据不可用 | 
[2026-09-18 01:34:24] 🟡 BTC  | 观望 WAIT      | V4 硬闸 | $76,530.90 | R:R 0.0:1 | 止损 0.00% | TP1 0.00% TP2 0.00% | 闸门: 15min 数据不可用 | 
[2026-09-18 01:34:31] 🟡 ETH  | 观望 WAIT      | V4 硬闸 | $2,450.18 | R:R 0.0:1 | 止损 0.00% | TP1 0.00% TP2 0.00% | 闸门: 15min 数据不可用 | 
[2026-09-18 05:06:04] 🟡 BTC  | 观望 WAIT      | V4 硬闸 | $77,384.80 | R:R 0.0:1 | 止损 0.00% | TP1 0.00% TP2 0.00% | 闸门: 15min 数据不可用 | 
[2026-09-18 05:06:11] 🟡 ETH  | 观望 WAIT      | V4 硬闸 | $2,475.70 | R:R 0.0:1 | 止损 0.00% | TP1 0.00% TP2 0.00% | 闸门: 15min 数据不可用 | 
[2026-09-18 05:47:19] 🟡 BTC  | 观望 WAIT      | V4 硬闸 | $77,454.40 | R:R 0.0:1 | 止损 0.00% | TP1 0.00% TP2 0.00% | 闸门: 15min 数据不可用 | 
[2026-09-18 05:47:26] 🟡 ETH  | 观望 WAIT      | V4 硬闸 | $2,480.05 | R:R 0.0:1 | 止损 0.00% | TP1 0.00% TP2 0.00% | 闸门: 15min 数据不可用 | 
[2026-09-18 05:56:43] 🟡 BTC  | 观望 WAIT      | V4 硬闸 | $77,393.50 | R:R 0.0:1 | 止损 0.00% | TP1 0.00% TP2 0.00% | 闸门: 15min 数据不可用 | 
[2026-09-18 05:56:50] 🟡 ETH  | 观望 WAIT      | V4 硬闸 | $2,476.81 | R:R 0.0:1 | 止损 0.00% | TP1 0.00% TP2 0.00% | 闸门: 15min 数据不可用 | 
[2026-09-18 06:35:12] 🟡 BTC  | 观望 WAIT      | V4 硬闸 | $77,435.30 | R:R 0.0:1 | 止损 0.00% | TP1 0.00% TP2 0.00% | 闸门: 15min 数据不可用 | 
[2026-09-18 06:35:20] 🟡 ETH  | 观望 WAIT      | V4 硬闸 | $2,480.18 | R:R 0.0:1 | 止损 0.00% | TP1 0.00% TP2 0.00% | 闸门: 15min 数据不可用 | 
[2026-09-18 09:37:28] 🟡 BTC  | 观望 WAIT      | V4 硬闸 | $77,971.80 | R:R 0.0:1 | 止损 0.00% | TP1 0.00% TP2 0.00% | 闸门: 15min 数据不可用 | 
[2026-09-18 09:37:35] 🟡 ETH  | 观望 WAIT      | V4 硬闸 | $2,502.29 | R:R 0.0:1 | 止损 0.00% | TP1 0.00% TP2 0.00% | 闸门: 15min 数据不可用 | 
[2026-09-18 10:04:50] 🟡 BTC  | 观望 WAIT      | V4 硬闸 | $78,108.50 | R:R 0.0:1 | 止损 0.00% | TP1 0.00% TP2 0.00% | 闸门: 15min 数据不可用 | 
[2026-09-18 10:04:57] 🟡 ETH  | 观望 WAIT      | V4 硬闸 | $2,509.42 | R:R 0.0:1 | 止损 0.00% | TP1 0.00% TP2 0.00% | 闸门: 15min 数据不可用 | 
[2026-09-18 10:41:12] 🟡 BTC  | 观望 WAIT      | V4 硬闸 | $78,154.50 | R:R 0.0:1 | 止损 0.00% | TP1 0.00% TP2 0.00% | 闸门: 15min 数据不可用 | 
[2026-09-18 10:41:19] 🟡 ETH  | 观望 WAIT      | V4 硬闸 | $2,515.13 | R:R 0.0:1 | 止损 0.00% | TP1 0.00% TP2 0.00% | 闸门: 15min 数据不可用 | 
[2026-09-18 11:04:12] 🟡 BTC  | 观望 WAIT      | V4 硬闸 | $78,256.60 | R:R 0.0:1 | 止损 0.00% | TP1 0.00% TP2 0.00% | 闸门: 15min 数据不可用 | 
[2026-09-18 11:04:19] 🟡 ETH  | 观望 WAIT      | V4 硬闸 | $2,514.77 | R:R 0.0:1 | 止损 0.00% | TP1 0.00% TP2 0.00% | 闸门: 15min 数据不可用 | 
[2026-09-18 11:45:27] 🟡 BTC  | 观望 WAIT      | V4 硬闸 | $77,959.80 | R:R 0.0:1 | 止损 0.00% | TP1 0.00% TP2 0.00% | 闸门: 15min 数据不可用 | 
[2026-09-18 11:45:34] 🟡 ETH  | 观望 WAIT      | V4 硬闸 | $2,506.08 | R:R 0.0:1 | 止损 0.00% | TP1 0.00% TP2 0.00% | 闸门: 15min 数据不可用 | 
[2026-09-18 13:47:32] 🟡 BTC  | 观望 WAIT      | V4 硬闸 | $79,738.10 | R:R 0.0:1 | 止损 0.00% | TP1 0.00% TP2 0.00% | 闸门: 15min 数据不可用 | 
[2026-09-18 13:47:39] 🟡 ETH  | 观望 WAIT      | V4 硬闸 | $2,546.17 | R:R 0.0:1 | 止损 0.00% | TP1 0.00% TP2 0.00% | 闸门: 15min 数据不可用 | 
[2026-09-18 14:28:09] 🟡 BTC  | 观望 WAIT      | V4 硬闸 | $80,698.90 | R:R 0.0:1 | 止损 0.00% | TP1 0.00% TP2 0.00% | 闸门: 15min 数据不可用 | 
[2026-09-18 14:28:16] 🟡 ETH  | 观望 WAIT      | V4 硬闸 | $2,571.95 | R:R 0.0:1 | 止损 0.00% | TP1 0.00% TP2 0.00% | 闸门: 15min 数据不可用 | 
[2026-09-18 14:39:26] 🟡 BTC  | 观望 WAIT      | V4 硬闸 | $80,575.60 | R:R 0.0:1 | 止损 0.00% | TP1 0.00% TP2 0.00% | 闸门: 15min 数据不可用 | 
[2026-09-18 14:39:33] 🟡 ETH  | 观望 WAIT      | V4 硬闸 | $2,569.62 | R:R 0.0:1 | 止损 0.00% | TP1 0.00% TP2 0.00% | 闸门: 15min 数据不可用 | 
[2026-09-18 14:55:33] 🟡 BTC  | 观望 WAIT      | V4 硬闸 | $80,845.90 | R:R 0.0:1 | 止损 0.00% | TP1 0.00% TP2 0.00% | 闸门: 15min 数据不可用 | 
[2026-09-18 14:55:40] 🟡 ETH  | 观望 WAIT      | V4 硬闸 | $2,579.40 | R:R 0.0:1 | 止损 0.00% | TP1 0.00% TP2 0.00% | 闸门: 15min 数据不可用 | 
[2026-09-18 15:11:41] 🟡 BTC  | 观望 WAIT      | V4 硬闸 | $80,568.10 | R:R 0.0:1 | 止损 0.00% | TP1 0.00% TP2 0.00% | 闸门: 15min 数据不可用 | 
[2026-09-18 15:11:48] 🟡 ETH  | 观望 WAIT      | V4 硬闸 | $2,568.72 | R:R 0.0:1 | 止损 0.00% | TP1 0.00% TP2 0.00% | 闸门: 15min 数据不可用 | 
[2026-09-18 17:15:06] 🟡 BTC  | 观望 WAIT      | V4 硬闸 | $80,873.00 | R:R 0.0:1 | 止损 0.00% | TP1 0.00% TP2 0.00% | 闸门: 15min 数据不可用 | 
[2026-09-18 17:15:13] 🟡 ETH  | 观望 WAIT      | V4 硬闸 | $2,595.39 | R:R 0.0:1 | 止损 0.00% | TP1 0.00% TP2 0.00% | 闸门: 15min 数据不可用 | 
[2026-09-18 17:49:40] 🟡 BTC  | 观望 WAIT      | V4 硬闸 | $80,836.50 | R:R 0.0:1 | 止损 0.00% | TP1 0.00% TP2 0.00% | 闸门: 15min 数据不可用 | 
[2026-09-18 17:49:47] 🟡 ETH  | 观望 WAIT      | V4 硬闸 | $2,599.79 | R:R 0.0:1 | 止损 0.00% | TP1 0.00% TP2 0.00% | 闸门: 15min 数据不可用 | 
[2026-09-18 18:01:22] 🟡 BTC  | 观望 WAIT      | V4 硬闸 | $80,914.30 | R:R 0.0:1 | 止损 0.00% | TP1 0.00% TP2 0.00% | 闸门: 15min 数据不可用 | 
[2026-09-18 18:01:29] 🟡 ETH  | 观望 WAIT      | V4 硬闸 | $2,603.92 | R:R 0.0:1 | 止损 0.00% | TP1 0.00% TP2 0.00% | 闸门: 15min 数据不可用 | 
[2026-09-18 18:19:08] 🟡 BTC  | 观望 WAIT      | V4 硬闸 | $80,847.40 | R:R 0.0:1 | 止损 0.00% | TP1 0.00% TP2 0.00% | 闸门: 15min 数据不可用 | 
[2026-09-18 18:19:15] 🟡 ETH  | 观望 WAIT      | V4 硬闸 | $2,604.44 | R:R 0.0:1 | 止损 0.00% | TP1 0.00% TP2 0.00% | 闸门: 15min 数据不可用 | 
[2026-09-18 18:28:03] 🟡 BTC  | 观望 WAIT      | V4 硬闸 | $80,953.50 | R:R 0.0:1 | 止损 0.00% | TP1 0.00% TP2 0.00% | 闸门: 15min 数据不可用 | 
[2026-09-18 18:28:10] 🟡 ETH  | 观望 WAIT      | V4 硬闸 | $2,607.85 | R:R 0.0:1 | 止损 0.00% | TP1 0.00% TP2 0.00% | 闸门: 15min 数据不可用 | 
[2026-09-18 19:36:17] 🟡 BTC  | 观望 WAIT      | V4 硬闸 | $81,108.40 | R:R 0.0:1 | 止损 0.00% | TP1 0.00% TP2 0.00% | 闸门: 15min 数据不可用 | 
[2026-09-18 19:36:24] 🟡 ETH  | 观望 WAIT      | V4 硬闸 | $2,631.49 | R:R 0.0:1 | 止损 0.00% | TP1 0.00% TP2 0.00% | 闸门: 15min 数据不可用 | 
[2026-09-18 20:01:23] 🟡 BTC  | 观望 WAIT      | V4 硬闸 | $81,085.70 | R:R 0.0:1 | 止损 0.00% | TP1 0.00% TP2 0.00% | 闸门: 15min 数据不可用 | 
[2026-09-18 20:01:30] 🟡 ETH  | 观望 WAIT      | V4 硬闸 | $2,631.49 | R:R 0.0:1 | 止损 0.00% | TP1 0.00% TP2 0.00% | 闸门: 15min 数据不可用 | 
[2026-09-18 20:23:39] 🟡 BTC  | 观望 WAIT      | V4 硬闸 | $81,122.10 | R:R 0.0:1 | 止损 0.00% | TP1 0.00% TP2 0.00% | 闸门: 15min 数据不可用 | 
[2026-09-18 20:23:46] 🟡 ETH  | 观望 WAIT      | V4 硬闸 | $2,635.21 | R:R 0.0:1 | 止损 0.00% | TP1 0.00% TP2 0.00% | 闸门: 15min 数据不可用 | 
[2026-09-18 20:49:37] 🟡 BTC  | 观望 WAIT      | V4 硬闸 | $81,064.00 | R:R 0.0:1 | 止损 0.00% | TP1 0.00% TP2 0.00% | 闸门: 15min 数据不可用 | 
[2026-09-18 20:49:44] 🟡 ETH  | 观望 WAIT      | V4 硬闸 | $2,631.48 | R:R 0.0:1 | 止损 0.00% | TP1 0.00% TP2 0.00% | 闸门: 15min 数据不可用 | 
[2026-09-18 21:02:07] 🟡 BTC  | 观望 WAIT      | V4 硬闸 | $81,100.20 | R:R 0.0:1 | 止损 0.00% | TP1 0.00% TP2 0.00% | 闸门: 15min 数据不可用 | 
[2026-09-18 21:02:14] 🟡 ETH  | 观望 WAIT      | V4 硬闸 | $2,631.36 | R:R 0.0:1 | 止损 0.00% | TP1 0.00% TP2 0.00% | 闸门: 15min 数据不可用 | 
[2026-09-18 21:48:52] 🟡 BTC  | 观望 WAIT      | V4 硬闸 | $81,175.00 | R:R 0.0:1 | 止损 0.00% | TP1 0.00% TP2 0.00% | 闸门: 15min 数据不可用 | 
[2026-09-18 21:48:59] 🟡 ETH  | 观望 WAIT      | V4 硬闸 | $2,628.39 | R:R 0.0:1 | 止损 0.00% | TP1 0.00% TP2 0.00% | 闸门: 15min 数据不可用 | 
[2026-09-18 22:31:23] 🟡 BTC  | 观望 WAIT      | V4 硬闸 | $81,240.80 | R:R 0.0:1 | 止损 0.00% | TP1 0.00% TP2 0.00% | 闸门: 15min 数据不可用 | 
[2026-09-18 22:31:30] 🟡 ETH  | 观望 WAIT      | V4 硬闸 | $2,630.84 | R:R 0.0:1 | 止损 0.00% | TP1 0.00% TP2 0.00% | 闸门: 15min 数据不可用 | 
[2026-09-18 22:43:51] 🟡 BTC  | 观望 WAIT      | V4 硬闸 | $81,121.30 | R:R 0.0:1 | 止损 0.00% | TP1 0.00% TP2 0.00% | 闸门: 15min 数据不可用 | 
[2026-09-18 22:43:58] 🟡 ETH  | 观望 WAIT      | V4 硬闸 | $2,620.11 | R:R 0.0:1 | 止损 0.00% | TP1 0.00% TP2 0.00% | 闸门: 15min 数据不可用 | 
[2026-09-18 23:14:52] 🟡 BTC  | 观望 WAIT      | V4 硬闸 | $81,158.80 | R:R 0.0:1 | 止损 0.00% | TP1 0.00% TP2 0.00% | 闸门: 15min 数据不可用 | 
[2026-09-18 23:14:59] 🟡 ETH  | 观望 WAIT      | V4 硬闸 | $2,619.09 | R:R 0.0:1 | 止损 0.00% | TP1 0.00% TP2 0.00% | 闸门: 15min 数据不可用 | 
[2026-09-18 23:37:06] 🟡 BTC  | 观望 WAIT      | V4 硬闸 | $80,934.00 | R:R 0.0:1 | 止损 0.00% | TP1 0.00% TP2 0.00% | 闸门: 15min 数据不可用 | 
[2026-09-18 23:37:14] 🟡 ETH  | 观望 WAIT      | V4 硬闸 | $2,610.00 | R:R 0.0:1 | 止损 0.00% | TP1 0.00% TP2 0.00% | 闸门: 15min 数据不可用 | 
[2026-09-19 00:35:12] 🟡 BTC  | 观望 WAIT      | V4 硬闸 | $81,243.60 | R:R 0.0:1 | 止损 0.00% | TP1 0.00% TP2 0.00% | 闸门: 15min 数据不可用 | 
[2026-09-19 00:35:19] 🟡 ETH  | 观望 WAIT      | V4 硬闸 | $2,620.83 | R:R 0.0:1 | 止损 0.00% | TP1 0.00% TP2 0.00% | 闸门: 15min 数据不可用 | 
[2026-09-19 01:13:35] 🟡 BTC  | 观望 WAIT      | V4 硬闸 | $81,318.70 | R:R 0.0:1 | 止损 0.00% | TP1 0.00% TP2 0.00% | 闸门: 15min 数据不可用 | 
[2026-09-19 01:13:42] 🟡 ETH  | 观望 WAIT      | V4 硬闸 | $2,614.74 | R:R 0.0:1 | 止损 0.00% | TP1 0.00% TP2 0.00% | 闸门: 15min 数据不可用 | 
[2026-09-19 01:31:48] 🟡 BTC  | 观望 WAIT      | V4 硬闸 | $81,194.90 | R:R 0.0:1 | 止损 0.00% | TP1 0.00% TP2 0.00% | 闸门: 15min 数据不可用 | 
[2026-09-19 01:31:55] 🟡 ETH  | 观望 WAIT      | V4 硬闸 | $2,609.55 | R:R 0.0:1 | 止损 0.00% | TP1 0.00% TP2 0.00% | 闸门: 15min 数据不可用 | 
[2026-09-19 05:01:09] 🟡 BTC  | 观望 WAIT      | V4 硬闸 | $81,006.90 | R:R 0.0:1 | 止损 0.00% | TP1 0.00% TP2 0.00% | 闸门: 15min 数据不可用 | 
[2026-09-19 05:01:15] 🟡 ETH  | 观望 WAIT      | V4 硬闸 | $2,620.04 | R:R 0.0:1 | 止损 0.00% | TP1 0.00% TP2 0.00% | 闸门: 15min 数据不可用 | 
[2026-09-19 05:54:06] 🟡 BTC  | 观望 WAIT      | V4 硬闸 | $81,038.50 | R:R 0.0:1 | 止损 0.00% | TP1 0.00% TP2 0.00% | 闸门: 15min 数据不可用 | 
[2026-09-19 05:54:13] 🟡 ETH  | 观望 WAIT      | V4 硬闸 | $2,631.06 | R:R 0.0:1 | 止损 0.00% | TP1 0.00% TP2 0.00% | 闸门: 15min 数据不可用 | 
[2026-09-19 06:24:41] 🟡 BTC  | 观望 WAIT      | V4 硬闸 | $80,924.60 | R:R 0.0:1 | 止损 0.00% | TP1 0.00% TP2 0.00% | 闸门: 15min 数据不可用 | 
[2026-09-19 06:24:48] 🟡 ETH  | 观望 WAIT      | V4 硬闸 | $2,621.29 | R:R 0.0:1 | 止损 0.00% | TP1 0.00% TP2 0.00% | 闸门: 15min 数据不可用 | 
[2026-09-19 09:24:50] 🟡 BTC  | 观望 WAIT      | V4 硬闸 | $81,473.40 | R:R 0.0:1 | 止损 0.00% | TP1 0.00% TP2 0.00% | 闸门: 15min 数据不可用 | 
[2026-09-19 09:24:57] 🟡 ETH  | 观望 WAIT      | V4 硬闸 | $2,652.08 | R:R 0.0:1 | 止损 0.00% | TP1 0.00% TP2 0.00% | 闸门: 15min 数据不可用 | 
[2026-09-19 09:54:54] 🟡 BTC  | 观望 WAIT      | V4 硬闸 | $81,298.10 | R:R 0.0:1 | 止损 0.00% | TP1 0.00% TP2 0.00% | 闸门: 15min 数据不可用 | 
[2026-09-19 09:55:01] 🟡 ETH  | 观望 WAIT      | V4 硬闸 | $2,642.93 | R:R 0.0:1 | 止损 0.00% | TP1 0.00% TP2 0.00% | 闸门: 15min 数据不可用 | 
[2026-09-19 10:50:40] 🟡 BTC  | 观望 WAIT      | V4 硬闸 | $81,264.20 | R:R 0.0:1 | 止损 0.00% | TP1 0.00% TP2 0.00% | 闸门: 15min 数据不可用 | 
[2026-09-19 10:50:47] 🟡 ETH  | 观望 WAIT      | V4 硬闸 | $2,641.48 | R:R 0.0:1 | 止损 0.00% | TP1 0.00% TP2 0.00% | 闸门: 15min 数据不可用 | 
[2026-09-19 11:13:35] 🟡 BTC  | 观望 WAIT      | V4 硬闸 | $81,294.00 | R:R 0.0:1 | 止损 0.00% | TP1 0.00% TP2 0.00% | 闸门: 15min 数据不可用 | 
[2026-09-19 11:13:42] 🟡 ETH  | 观望 WAIT      | V4 硬闸 | $2,637.59 | R:R 0.0:1 | 止损 0.00% | TP1 0.00% TP2 0.00% | 闸门: 15min 数据不可用 | 
[2026-09-19 11:26:14] 🟡 BTC  | 观望 WAIT      | V4 硬闸 | $81,277.40 | R:R 0.0:1 | 止损 0.00% | TP1 0.00% TP2 0.00% | 闸门: 15min 数据不可用 | 
[2026-09-19 11:26:21] 🟡 ETH  | 观望 WAIT      | V4 硬闸 | $2,638.58 | R:R 0.0:1 | 止损 0.00% | TP1 0.00% TP2 0.00% | 闸门: 15min 数据不可用 | 
[2026-09-19 13:17:46] 🟡 BTC  | 观望 WAIT      | V4 硬闸 | $81,272.20 | R:R 0.0:1 | 止损 0.00% | TP1 0.00% TP2 0.00% | 闸门: 15min 数据不可用 | 
[2026-09-19 13:17:53] 🟡 ETH  | 观望 WAIT      | V4 硬闸 | $2,639.00 | R:R 0.0:1 | 止损 0.00% | TP1 0.00% TP2 0.00% | 闸门: 15min 数据不可用 | 
[2026-09-19 13:36:01] 🟡 BTC  | 观望 WAIT      | V4 硬闸 | $81,235.00 | R:R 0.0:1 | 止损 0.00% | TP1 0.00% TP2 0.00% | 闸门: 15min 数据不可用 | 
[2026-09-19 13:36:08] 🟡 ETH  | 观望 WAIT      | V4 硬闸 | $2,634.92 | R:R 0.0:1 | 止损 0.00% | TP1 0.00% TP2 0.00% | 闸门: 15min 数据不可用 | 
[2026-09-19 14:03:05] 🟡 BTC  | 观望 WAIT      | V4 硬闸 | $81,315.50 | R:R 0.0:1 | 止损 0.00% | TP1 0.00% TP2 0.00% | 闸门: 15min 数据不可用 | 
[2026-09-19 14:03:12] 🟡 ETH  | 观望 WAIT      | V4 硬闸 | $2,638.92 | R:R 0.0:1 | 止损 0.00% | TP1 0.00% TP2 0.00% | 闸门: 15min 数据不可用 | 
[2026-09-19 14:24:02] 🟡 BTC  | 观望 WAIT      | V4 硬闸 | $81,446.90 | R:R 0.0:1 | 止损 0.00% | TP1 0.00% TP2 0.00% | 闸门: 15min 数据不可用 | 
[2026-09-19 14:24:09] 🟡 ETH  | 观望 WAIT      | V4 硬闸 | $2,642.10 | R:R 0.0:1 | 止损 0.00% | TP1 0.00% TP2 0.00% | 闸门: 15min 数据不可用 | 
[2026-09-19 14:33:18] 🟡 BTC  | 观望 WAIT      | V4 硬闸 | $81,580.90 | R:R 0.0:1 | 止损 0.00% | TP1 0.00% TP2 0.00% | 闸门: 15min 数据不可用 | 
[2026-09-19 14:33:25] 🟡 ETH  | 观望 WAIT      | V4 硬闸 | $2,643.14 | R:R 0.0:1 | 止损 0.00% | TP1 0.00% TP2 0.00% | 闸门: 15min 数据不可用 | 
[2026-09-19 16:34:17] 🟡 BTC  | 观望 WAIT      | V4 硬闸 | $81,844.90 | R:R 0.0:1 | 止损 0.00% | TP1 0.00% TP2 0.00% | 闸门: 15min 数据不可用 | 
[2026-09-19 16:34:24] 🟡 ETH  | 观望 WAIT      | V4 硬闸 | $2,649.35 | R:R 0.0:1 | 止损 0.00% | TP1 0.00% TP2 0.00% | 闸门: 15min 数据不可用 | 
[2026-09-19 16:46:26] 🟡 BTC  | 观望 WAIT      | V4 硬闸 | $81,800.10 | R:R 0.0:1 | 止损 0.00% | TP1 0.00% TP2 0.00% | 闸门: 15min 数据不可用 | 
[2026-09-19 16:46:33] 🟡 ETH  | 观望 WAIT      | V4 硬闸 | $2,645.98 | R:R 0.0:1 | 止损 0.00% | TP1 0.00% TP2 0.00% | 闸门: 15min 数据不可用 | 
[2026-09-19 17:14:35] 🟡 BTC  | 观望 WAIT      | V4 硬闸 | $81,710.90 | R:R 0.0:1 | 止损 0.00% | TP1 0.00% TP2 0.00% | 闸门: 15min 数据不可用 | 
[2026-09-19 17:14:42] 🟡 ETH  | 观望 WAIT      | V4 硬闸 | $2,650.58 | R:R 0.0:1 | 止损 0.00% | TP1 0.00% TP2 0.00% | 闸门: 15min 数据不可用 | 
[2026-09-19 17:24:17] 🟡 BTC  | 观望 WAIT      | V4 硬闸 | $81,578.00 | R:R 0.0:1 | 止损 0.00% | TP1 0.00% TP2 0.00% | 闸门: 15min 数据不可用 | 
[2026-09-19 17:24:24] 🟡 ETH  | 观望 WAIT      | V4 硬闸 | $2,647.75 | R:R 0.0:1 | 止损 0.00% | TP1 0.00% TP2 0.00% | 闸门: 15min 数据不可用 | 
[2026-09-19 18:50:18] 🟡 BTC  | 观望 WAIT      | V4 硬闸 | $81,427.80 | R:R 0.0:1 | 止损 0.00% | TP1 0.00% TP2 0.00% | 闸门: 15min 数据不可用 | 
[2026-09-19 18:50:24] 🟡 ETH  | 观望 WAIT      | V4 硬闸 | $2,636.65 | R:R 0.0:1 | 止损 0.00% | TP1 0.00% TP2 0.00% | 闸门: 15min 数据不可用 | 
[2026-09-19 19:22:35] 🟡 BTC  | 观望 WAIT      | V4 硬闸 | $81,433.00 | R:R 0.0:1 | 止损 0.00% | TP1 0.00% TP2 0.00% | 闸门: 15min 数据不可用 | 
[2026-09-19 19:22:42] 🟡 ETH  | 观望 WAIT      | V4 硬闸 | $2,636.92 | R:R 0.0:1 | 止损 0.00% | TP1 0.00% TP2 0.00% | 闸门: 15min 数据不可用 | 
[2026-09-19 21:06:59] 🟡 BTC  | 观望 WAIT      | V4 硬闸 | $81,157.80 | R:R 0.0:1 | 止损 0.00% | TP1 0.00% TP2 0.00% | 闸门: 15min 数据不可用 | 
[2026-09-19 21:07:06] 🟡 ETH  | 观望 WAIT      | V4 硬闸 | $2,635.67 | R:R 0.0:1 | 止损 0.00% | TP1 0.00% TP2 0.00% | 闸门: 15min 数据不可用 | 
[2026-09-19 21:20:20] 🟡 BTC  | 观望 WAIT      | V4 硬闸 | $80,960.00 | R:R 0.0:1 | 止损 0.00% | TP1 0.00% TP2 0.00% | 闸门: 15min 数据不可用 | 
[2026-09-19 21:20:26] 🟡 ETH  | 观望 WAIT      | V4 硬闸 | $2,622.77 | R:R 0.0:1 | 止损 0.00% | TP1 0.00% TP2 0.00% | 闸门: 15min 数据不可用 | 
[2026-09-19 21:30:25] 🟡 BTC  | 观望 WAIT      | V4 硬闸 | $81,022.50 | R:R 0.0:1 | 止损 0.00% | TP1 0.00% TP2 0.00% | 闸门: 15min 数据不可用 | 
[2026-09-19 21:30:32] 🟡 ETH  | 观望 WAIT      | V4 硬闸 | $2,626.67 | R:R 0.0:1 | 止损 0.00% | TP1 0.00% TP2 0.00% | 闸门: 15min 数据不可用 | 
[2026-09-19 23:02:20] 🟡 BTC  | 观望 WAIT      | V4 硬闸 | $81,221.00 | R:R 0.0:1 | 止损 0.00% | TP1 0.00% TP2 0.00% | 闸门: 15min 数据不可用 | 
[2026-09-19 23:02:27] 🟡 ETH  | 观望 WAIT      | V4 硬闸 | $2,630.32 | R:R 0.0:1 | 止损 0.00% | TP1 0.00% TP2 0.00% | 闸门: 15min 数据不可用 | 
[2026-09-19 23:14:45] 🟡 BTC  | 观望 WAIT      | V4 硬闸 | $81,255.80 | R:R 0.0:1 | 止损 0.00% | TP1 0.00% TP2 0.00% | 闸门: 15min 数据不可用 | 
[2026-09-19 23:14:52] 🟡 ETH  | 观望 WAIT      | V4 硬闸 | $2,635.53 | R:R 0.0:1 | 止损 0.00% | TP1 0.00% TP2 0.00% | 闸门: 15min 数据不可用 | 
[2026-09-19 23:27:45] 🟡 BTC  | 观望 WAIT      | V4 硬闸 | $81,194.70 | R:R 0.0:1 | 止损 0.00% | TP1 0.00% TP2 0.00% | 闸门: 15min 数据不可用 | 
[2026-09-19 23:27:53] 🟡 ETH  | 观望 WAIT      | V4 硬闸 | $2,629.27 | R:R 0.0:1 | 止损 0.00% | TP1 0.00% TP2 0.00% | 闸门: 15min 数据不可用 | 
[2026-09-20 00:59:00] 🟡 BTC  | 观望 WAIT      | V4 硬闸 | $81,242.30 | R:R 0.0:1 | 止损 0.00% | TP1 0.00% TP2 0.00% | 闸门: 15min 数据不可用 | 
[2026-09-20 00:59:07] 🟡 ETH  | 观望 WAIT      | V4 硬闸 | $2,626.08 | R:R 0.0:1 | 止损 0.00% | TP1 0.00% TP2 0.00% | 闸门: 15min 数据不可用 | 
[2026-09-20 01:12:10] 🟡 BTC  | 观望 WAIT      | V4 硬闸 | $81,155.20 | R:R 0.0:1 | 止损 0.00% | TP1 0.00% TP2 0.00% | 闸门: 15min 数据不可用 | 
[2026-09-20 01:12:18] 🟡 ETH  | 观望 WAIT      | V4 硬闸 | $2,621.07 | R:R 0.0:1 | 止损 0.00% | TP1 0.00% TP2 0.00% | 闸门: 15min 数据不可用 | 
[2026-09-20 01:34:38] 🟡 BTC  | 观望 WAIT      | V4 硬闸 | $81,042.60 | R:R 0.0:1 | 止损 0.00% | TP1 0.00% TP2 0.00% | 闸门: 15min 数据不可用 | 
[2026-09-20 01:34:44] 🟡 ETH  | 观望 WAIT      | V4 硬闸 | $2,617.99 | R:R 0.0:1 | 止损 0.00% | TP1 0.00% TP2 0.00% | 闸门: 15min 数据不可用 | 
[2026-09-20 06:00:23] 🟡 BTC  | 观望 WAIT      | V4 硬闸 | $80,462.10 | R:R 0.0:1 | 止损 0.00% | TP1 0.00% TP2 0.00% | 闸门: 15min 数据不可用 | 
[2026-09-20 06:00:31] 🟡 ETH  | 观望 WAIT      | V4 硬闸 | $2,576.81 | R:R 0.0:1 | 止损 0.00% | TP1 0.00% TP2 0.00% | 闸门: 15min 数据不可用 | 
[2026-09-20 06:10:46] 🟡 BTC  | 观望 WAIT      | V4 硬闸 | $80,455.00 | R:R 0.0:1 | 止损 0.00% | TP1 0.00% TP2 0.00% | 闸门: 15min 数据不可用 | 
[2026-09-20 06:10:53] 🟡 ETH  | 观望 WAIT      | V4 硬闸 | $2,574.89 | R:R 0.0:1 | 止损 0.00% | TP1 0.00% TP2 0.00% | 闸门: 15min 数据不可用 | 
[2026-09-20 06:20:20] 🟡 BTC  | 观望 WAIT      | V4 硬闸 | $80,482.90 | R:R 0.0:1 | 止损 0.00% | TP1 0.00% TP2 0.00% | 闸门: 15min 数据不可用 | 
[2026-09-20 06:20:28] 🟡 ETH  | 观望 WAIT      | V4 硬闸 | $2,581.60 | R:R 0.0:1 | 止损 0.00% | TP1 0.00% TP2 0.00% | 闸门: 15min 数据不可用 | 
[2026-09-20 06:59:02] 🟡 BTC  | 观望 WAIT      | V4 硬闸 | $80,306.50 | R:R 0.0:1 | 止损 0.00% | TP1 0.00% TP2 0.00% | 闸门: 15min 数据不可用 | 
[2026-09-20 06:59:09] 🟡 ETH  | 观望 WAIT      | V4 硬闸 | $2,574.93 | R:R 0.0:1 | 止损 0.00% | TP1 0.00% TP2 0.00% | 闸门: 15min 数据不可用 | 
[2026-09-20 11:09:50] 🟡 BTC  | 观望 WAIT      | V4 硬闸 | $80,329.90 | R:R 0.0:1 | 止损 0.00% | TP1 0.00% TP2 0.00% | 闸门: 15min 数据不可用 | 
[2026-09-20 11:09:57] 🟡 ETH  | 观望 WAIT      | V4 硬闸 | $2,570.61 | R:R 0.0:1 | 止损 0.00% | TP1 0.00% TP2 0.00% | 闸门: 15min 数据不可用 | 
[2026-09-20 11:25:41] 🟡 BTC  | 观望 WAIT      | V4 硬闸 | $80,338.40 | R:R 0.0:1 | 止损 0.00% | TP1 0.00% TP2 0.00% | 闸门: 15min 数据不可用 | 
[2026-09-20 11:25:48] 🟡 ETH  | 观望 WAIT      | V4 硬闸 | $2,571.77 | R:R 0.0:1 | 止损 0.00% | TP1 0.00% TP2 0.00% | 闸门: 15min 数据不可用 | 
[2026-09-20 11:34:23] 🟡 BTC  | 观望 WAIT      | V4 硬闸 | $80,445.80 | R:R 0.0:1 | 止损 0.00% | TP1 0.00% TP2 0.00% | 闸门: 15min 数据不可用 | 
[2026-09-20 11:34:30] 🟡 ETH  | 观望 WAIT      | V4 硬闸 | $2,576.99 | R:R 0.0:1 | 止损 0.00% | TP1 0.00% TP2 0.00% | 闸门: 15min 数据不可用 | 
[2026-09-20 11:44:23] 🟡 BTC  | 观望 WAIT      | V4 硬闸 | $80,430.70 | R:R 0.0:1 | 止损 0.00% | TP1 0.00% TP2 0.00% | 闸门: 15min 数据不可用 | 
[2026-09-20 11:44:30] 🟡 ETH  | 观望 WAIT      | V4 硬闸 | $2,574.50 | R:R 0.0:1 | 止损 0.00% | TP1 0.00% TP2 0.00% | 闸门: 15min 数据不可用 | 
[2026-09-20 12:14:39] 🟡 BTC  | 观望 WAIT      | V4 硬闸 | $80,454.40 | R:R 0.0:1 | 止损 0.00% | TP1 0.00% TP2 0.00% | 闸门: 15min 数据不可用 | 
[2026-09-20 12:14:46] 🟡 ETH  | 观望 WAIT      | V4 硬闸 | $2,579.92 | R:R 0.0:1 | 止损 0.00% | TP1 0.00% TP2 0.00% | 闸门: 15min 数据不可用 | 
[2026-09-20 14:41:39] 🟡 BTC  | 观望 WAIT      | V4 硬闸 | $80,590.40 | R:R 0.0:1 | 止损 0.00% | TP1 0.00% TP2 0.00% | 闸门: 15min 数据不可用 | 
[2026-09-20 14:41:46] 🟡 ETH  | 观望 WAIT      | V4 硬闸 | $2,582.44 | R:R 0.0:1 | 止损 0.00% | TP1 0.00% TP2 0.00% | 闸门: 15min 数据不可用 | 
[2026-09-20 14:52:10] 🟡 BTC  | 观望 WAIT      | V4 硬闸 | $80,619.40 | R:R 0.0:1 | 止损 0.00% | TP1 0.00% TP2 0.00% | 闸门: 15min 数据不可用 | 
[2026-09-20 14:52:18] 🟡 ETH  | 观望 WAIT      | V4 硬闸 | $2,583.00 | R:R 0.0:1 | 止损 0.00% | TP1 0.00% TP2 0.00% | 闸门: 15min 数据不可用 | 
[2026-09-20 16:15:08] 🟡 BTC  | 观望 WAIT      | V4 硬闸 | $81,145.00 | R:R 0.0:1 | 止损 0.00% | TP1 0.00% TP2 0.00% | 闸门: 15min 数据不可用 | 
[2026-09-20 16:15:15] 🟡 ETH  | 观望 WAIT      | V4 硬闸 | $2,623.18 | R:R 0.0:1 | 止损 0.00% | TP1 0.00% TP2 0.00% | 闸门: 15min 数据不可用 | 
[2026-09-20 17:40:40] 🟡 BTC  | 观望 WAIT      | V4 硬闸 | $81,329.70 | R:R 0.0:1 | 止损 0.00% | TP1 0.00% TP2 0.00% | 闸门: 15min 数据不可用 | 
[2026-09-20 17:40:47] 🟡 ETH  | 观望 WAIT      | V4 硬闸 | $2,633.31 | R:R 0.0:1 | 止损 0.00% | TP1 0.00% TP2 0.00% | 闸门: 15min 数据不可用 | 
[2026-09-20 18:03:25] 🟡 BTC  | 观望 WAIT      | V4 硬闸 | $81,113.90 | R:R 0.0:1 | 止损 0.00% | TP1 0.00% TP2 0.00% | 闸门: 15min 数据不可用 | 
[2026-09-20 18:03:32] 🟡 ETH  | 观望 WAIT      | V4 硬闸 | $2,626.21 | R:R 0.0:1 | 止损 0.00% | TP1 0.00% TP2 0.00% | 闸门: 15min 数据不可用 | 
[2026-09-20 18:52:51] 🟡 BTC  | 观望 WAIT      | V4 硬闸 | $81,056.90 | R:R 0.0:1 | 止损 0.00% | TP1 0.00% TP2 0.00% | 闸门: 15min 数据不可用 | 
[2026-09-20 18:52:58] 🟡 ETH  | 观望 WAIT      | V4 硬闸 | $2,624.94 | R:R 0.0:1 | 止损 0.00% | TP1 0.00% TP2 0.00% | 闸门: 15min 数据不可用 | 
[2026-09-20 19:43:16] 🟡 BTC  | 观望 WAIT      | V4 硬闸 | $81,248.80 | R:R 0.0:1 | 止损 0.00% | TP1 0.00% TP2 0.00% | 闸门: 15min 数据不可用 | 
[2026-09-20 19:43:23] 🟡 ETH  | 观望 WAIT      | V4 硬闸 | $2,635.42 | R:R 0.0:1 | 止损 0.00% | TP1 0.00% TP2 0.00% | 闸门: 15min 数据不可用 | 
[2026-09-20 20:45:02] 🟡 BTC  | 观望 WAIT      | V4 硬闸 | $81,121.40 | R:R 0.0:1 | 止损 0.00% | TP1 0.00% TP2 0.00% | 闸门: 15min 数据不可用 | 
[2026-09-20 20:45:09] 🟡 ETH  | 观望 WAIT      | V4 硬闸 | $2,635.49 | R:R 0.0:1 | 止损 0.00% | TP1 0.00% TP2 0.00% | 闸门: 15min 数据不可用 | 
[2026-09-20 21:09:13] 🟡 BTC  | 观望 WAIT      | V4 硬闸 | $80,848.00 | R:R 0.0:1 | 止损 0.00% | TP1 0.00% TP2 0.00% | 闸门: 15min 数据不可用 | 
[2026-09-20 21:09:20] 🟡 ETH  | 观望 WAIT      | V4 硬闸 | $2,619.69 | R:R 0.0:1 | 止损 0.00% | TP1 0.00% TP2 0.00% | 闸门: 15min 数据不可用 | 
[2026-09-20 21:50:19] 🟡 BTC  | 观望 WAIT      | V4 硬闸 | $80,904.30 | R:R 0.0:1 | 止损 0.00% | TP1 0.00% TP2 0.00% | 闸门: 15min 数据不可用 | 
[2026-09-20 21:50:26] 🟡 ETH  | 观望 WAIT      | V4 硬闸 | $2,624.98 | R:R 0.0:1 | 止损 0.00% | TP1 0.00% TP2 0.00% | 闸门: 15min 数据不可用 | 
[2026-09-20 22:44:00] 🟡 BTC  | 观望 WAIT      | V4 硬闸 | $81,135.30 | R:R 0.0:1 | 止损 0.00% | TP1 0.00% TP2 0.00% | 闸门: 15min 数据不可用 | 
[2026-09-20 22:44:07] 🟡 ETH  | 观望 WAIT      | V4 硬闸 | $2,637.70 | R:R 0.0:1 | 止损 0.00% | TP1 0.00% TP2 0.00% | 闸门: 15min 数据不可用 | 
[2026-09-20 23:15:26] 🟡 BTC  | 观望 WAIT      | V4 硬闸 | $81,160.50 | R:R 0.0:1 | 止损 0.00% | TP1 0.00% TP2 0.00% | 闸门: 15min 数据不可用 | 
[2026-09-20 23:15:33] 🟡 ETH  | 观望 WAIT      | V4 硬闸 | $2,634.99 | R:R 0.0:1 | 止损 0.00% | TP1 0.00% TP2 0.00% | 闸门: 15min 数据不可用 | 
[2026-09-20 23:35:12] 🟡 BTC  | 观望 WAIT      | V4 硬闸 | $81,133.90 | R:R 0.0:1 | 止损 0.00% | TP1 0.00% TP2 0.00% | 闸门: 15min 数据不可用 | 
[2026-09-20 23:35:19] 🟡 ETH  | 观望 WAIT      | V4 硬闸 | $2,637.76 | R:R 0.0:1 | 止损 0.00% | TP1 0.00% TP2 0.00% | 闸门: 15min 数据不可用 | 
[2026-09-20 23:56:22] 🟡 BTC  | 观望 WAIT      | V4 硬闸 | $81,169.90 | R:R 0.0:1 | 止损 0.00% | TP1 0.00% TP2 0.00% | 闸门: 15min 数据不可用 | 
[2026-09-20 23:56:29] 🟡 ETH  | 观望 WAIT      | V4 硬闸 | $2,646.01 | R:R 0.0:1 | 止损 0.00% | TP1 0.00% TP2 0.00% | 闸门: 15min 数据不可用 | 
[2026-09-21 00:33:27] 🟡 BTC  | 观望 WAIT      | V4 硬闸 | $81,712.50 | R:R 0.0:1 | 止损 0.00% | TP1 0.00% TP2 0.00% | 闸门: 15min 数据不可用 | 
[2026-09-21 00:33:34] 🟡 ETH  | 观望 WAIT      | V4 硬闸 | $2,684.61 | R:R 0.0:1 | 止损 0.00% | TP1 0.00% TP2 0.00% | 闸门: 15min 数据不可用 | 
[2026-09-21 01:13:35] 🟡 BTC  | 观望 WAIT      | V4 硬闸 | $81,776.50 | R:R 0.0:1 | 止损 0.00% | TP1 0.00% TP2 0.00% | 闸门: 15min 数据不可用 | 
[2026-09-21 01:13:42] 🟡 ETH  | 观望 WAIT      | V4 硬闸 | $2,688.42 | R:R 0.0:1 | 止损 0.00% | TP1 0.00% TP2 0.00% | 闸门: 15min 数据不可用 | 
[2026-09-21 01:32:38] 🟡 BTC  | 观望 WAIT      | V4 硬闸 | $81,359.70 | R:R 0.0:1 | 止损 0.00% | TP1 0.00% TP2 0.00% | 闸门: 15min 数据不可用 | 
[2026-09-21 01:32:45] 🟡 ETH  | 观望 WAIT      | V4 硬闸 | $2,672.52 | R:R 0.0:1 | 止损 0.00% | TP1 0.00% TP2 0.00% | 闸门: 15min 数据不可用 | 
[2026-09-21 01:41:11] 🟡 BTC  | 观望 WAIT      | V4 硬闸 | $81,407.40 | R:R 0.0:1 | 止损 0.00% | TP1 0.00% TP2 0.00% | 闸门: 15min 数据不可用 | 
[2026-09-21 01:41:19] 🟡 ETH  | 观望 WAIT      | V4 硬闸 | $2,676.68 | R:R 0.0:1 | 止损 0.00% | TP1 0.00% TP2 0.00% | 闸门: 15min 数据不可用 | 
[2026-09-21 04:02:57] 🟡 BTC  | 观望 WAIT      | V4 硬闸 | $81,448.30 | R:R 0.0:1 | 止损 0.00% | TP1 0.00% TP2 0.00% | 闸门: 15min 数据不可用 | 
[2026-09-21 04:03:04] 🟡 ETH  | 观望 WAIT      | V4 硬闸 | $2,666.04 | R:R 0.0:1 | 止损 0.00% | TP1 0.00% TP2 0.00% | 闸门: 15min 数据不可用 | 
[2026-09-21 05:25:05] 🟡 BTC  | 观望 WAIT      | V4 硬闸 | $81,508.00 | R:R 0.0:1 | 止损 0.00% | TP1 0.00% TP2 0.00% | 闸门: 15min 数据不可用 | 
[2026-09-21 05:25:11] 🟡 ETH  | 观望 WAIT      | V4 硬闸 | $2,669.80 | R:R 0.0:1 | 止损 0.00% | TP1 0.00% TP2 0.00% | 闸门: 15min 数据不可用 | 
[2026-09-21 06:28:27] 🟡 BTC  | 观望 WAIT      | V4 硬闸 | $81,851.60 | R:R 0.0:1 | 止损 0.00% | TP1 0.00% TP2 0.00% | 闸门: 15min 数据不可用 | 
[2026-09-21 06:28:34] 🟡 ETH  | 观望 WAIT      | V4 硬闸 | $2,673.91 | R:R 0.0:1 | 止损 0.00% | TP1 0.00% TP2 0.00% | 闸门: 15min 数据不可用 | 
[2026-09-21 06:56:30] 🟡 BTC  | 观望 WAIT      | V4 硬闸 | $81,600.80 | R:R 0.0:1 | 止损 0.00% | TP1 0.00% TP2 0.00% | 闸门: 15min 数据不可用 | 
[2026-09-21 06:56:38] 🟡 ETH  | 观望 WAIT      | V4 硬闸 | $2,661.84 | R:R 0.0:1 | 止损 0.00% | TP1 0.00% TP2 0.00% | 闸门: 15min 数据不可用 | 
[2026-09-21 07:07:21] 🟡 BTC  | 观望 WAIT      | V4 硬闸 | $81,579.10 | R:R 0.0:1 | 止损 0.00% | TP1 0.00% TP2 0.00% | 闸门: 15min 数据不可用 | 
[2026-09-21 07:07:28] 🟡 ETH  | 观望 WAIT      | V4 硬闸 | $2,663.30 | R:R 0.0:1 | 止损 0.00% | TP1 0.00% TP2 0.00% | 闸门: 15min 数据不可用 | 
[2026-09-21 09:52:04] 🟡 BTC  | 观望 WAIT      | V4 硬闸 | $84,705.00 | R:R 0.0:1 | 止损 0.00% | TP1 0.00% TP2 0.00% | 闸门: 15min 数据不可用 | 
[2026-09-21 09:52:11] 🟡 ETH  | 观望 WAIT      | V4 硬闸 | $2,720.98 | R:R 0.0:1 | 止损 0.00% | TP1 0.00% TP2 0.00% | 闸门: 15min 数据不可用 | 
[2026-09-21 11:00:06] 🟡 BTC  | 观望 WAIT      | V4 硬闸 | $84,396.20 | R:R 0.0:1 | 止损 0.00% | TP1 0.00% TP2 0.00% | 闸门: 15min 数据不可用 | 
[2026-09-21 11:00:13] 🟡 ETH  | 观望 WAIT      | V4 硬闸 | $2,714.57 | R:R 0.0:1 | 止损 0.00% | TP1 0.00% TP2 0.00% | 闸门: 15min 数据不可用 | 
[2026-09-21 13:15:32] 🟡 BTC  | 观望 WAIT      | V4 硬闸 | $85,160.60 | R:R 0.0:1 | 止损 0.00% | TP1 0.00% TP2 0.00% | 闸门: 15min 数据不可用 | 
[2026-09-21 13:15:39] 🟡 ETH  | 观望 WAIT      | V4 硬闸 | $2,731.09 | R:R 0.0:1 | 止损 0.00% | TP1 0.00% TP2 0.00% | 闸门: 15min 数据不可用 | 
[2026-09-21 13:27:39] 🟡 BTC  | 观望 WAIT      | V4 硬闸 | $84,972.20 | R:R 0.0:1 | 止损 0.00% | TP1 0.00% TP2 0.00% | 闸门: 15min 数据不可用 | 
[2026-09-21 13:27:46] 🟡 ETH  | 观望 WAIT      | V4 硬闸 | $2,732.99 | R:R 0.0:1 | 止损 0.00% | TP1 0.00% TP2 0.00% | 闸门: 15min 数据不可用 | 
[2026-09-21 13:56:17] 🟡 BTC  | 观望 WAIT      | V4 硬闸 | $85,474.00 | R:R 0.0:1 | 止损 0.00% | TP1 0.00% TP2 0.00% | 闸门: 15min 数据不可用 | 
[2026-09-21 13:56:24] 🟡 ETH  | 观望 WAIT      | V4 硬闸 | $2,732.85 | R:R 0.0:1 | 止损 0.00% | TP1 0.00% TP2 0.00% | 闸门: 15min 数据不可用 | 
[2026-09-21 14:08:00] 🟡 BTC  | 观望 WAIT      | V4 硬闸 | $85,089.00 | R:R 0.0:1 | 止损 0.00% | TP1 0.00% TP2 0.00% | 闸门: 15min 数据不可用 | 
[2026-09-21 14:08:07] 🟡 ETH  | 观望 WAIT      | V4 硬闸 | $2,716.04 | R:R 0.0:1 | 止损 0.00% | TP1 0.00% TP2 0.00% | 闸门: 15min 数据不可用 | 
[2026-09-21 16:06:40] 🟡 BTC  | 观望 WAIT      | V4 硬闸 | $85,740.30 | R:R 0.0:1 | 止损 0.00% | TP1 0.00% TP2 0.00% | 闸门: 15min 数据不可用 | 
[2026-09-21 16:06:48] 🟡 ETH  | 观望 WAIT      | V4 硬闸 | $2,745.45 | R:R 0.0:1 | 止损 0.00% | TP1 0.00% TP2 0.00% | 闸门: 15min 数据不可用 | 
[2026-09-21 16:58:35] 🟡 BTC  | 观望 WAIT      | V4 硬闸 | $86,011.30 | R:R 0.0:1 | 止损 0.00% | TP1 0.00% TP2 0.00% | 闸门: 15min 数据不可用 | 
[2026-09-21 16:58:42] 🟡 ETH  | 观望 WAIT      | V4 硬闸 | $2,754.99 | R:R 0.0:1 | 止损 0.00% | TP1 0.00% TP2 0.00% | 闸门: 15min 数据不可用 | 
[2026-09-21 18:47:03] 🟡 BTC  | 观望 WAIT      | V4 硬闸 | $85,895.20 | R:R 0.0:1 | 止损 0.00% | TP1 0.00% TP2 0.00% | 闸门: 15min 数据不可用 | 
[2026-09-21 18:47:10] 🟡 ETH  | 观望 WAIT      | V4 硬闸 | $2,747.51 | R:R 0.0:1 | 止损 0.00% | TP1 0.00% TP2 0.00% | 闸门: 15min 数据不可用 | 
[2026-09-21 18:57:56] 🟡 BTC  | 观望 WAIT      | V4 硬闸 | $86,053.70 | R:R 0.0:1 | 止损 0.00% | TP1 0.00% TP2 0.00% | 闸门: 15min 数据不可用 | 
[2026-09-21 18:58:03] 🟡 ETH  | 观望 WAIT      | V4 硬闸 | $2,756.67 | R:R 0.0:1 | 止损 0.00% | TP1 0.00% TP2 0.00% | 闸门: 15min 数据不可用 | 
[2026-09-21 19:16:48] 🟡 BTC  | 观望 WAIT      | V4 硬闸 | $86,089.00 | R:R 0.0:1 | 止损 0.00% | TP1 0.00% TP2 0.00% | 闸门: 15min 数据不可用 | 
[2026-09-21 19:16:55] 🟡 ETH  | 观望 WAIT      | V4 硬闸 | $2,763.57 | R:R 0.0:1 | 止损 0.00% | TP1 0.00% TP2 0.00% | 闸门: 15min 数据不可用 | 
[2026-09-21 19:26:29] 🟡 BTC  | 观望 WAIT      | V4 硬闸 | $86,295.80 | R:R 0.0:1 | 止损 0.00% | TP1 0.00% TP2 0.00% | 闸门: 15min 数据不可用 | 
[2026-09-21 19:26:36] 🟡 ETH  | 观望 WAIT      | V4 硬闸 | $2,764.44 | R:R 0.0:1 | 止损 0.00% | TP1 0.00% TP2 0.00% | 闸门: 15min 数据不可用 | 
[2026-09-21 20:24:54] 🟡 BTC  | 观望 WAIT      | V4 硬闸 | $86,955.80 | R:R 0.0:1 | 止损 0.00% | TP1 0.00% TP2 0.00% | 闸门: 15min 数据不可用 | 
[2026-09-21 20:25:01] 🟡 ETH  | 观望 WAIT      | V4 硬闸 | $2,802.43 | R:R 0.0:1 | 止损 0.00% | TP1 0.00% TP2 0.00% | 闸门: 15min 数据不可用 | 
[2026-09-21 20:58:00] 🟡 BTC  | 观望 WAIT      | V4 硬闸 | $87,034.30 | R:R 0.0:1 | 止损 0.00% | TP1 0.00% TP2 0.00% | 闸门: 15min 数据不可用 | 
[2026-09-21 20:58:07] 🟡 ETH  | 观望 WAIT      | V4 硬闸 | $2,785.59 | R:R 0.0:1 | 止损 0.00% | TP1 0.00% TP2 0.00% | 闸门: 15min 数据不可用 | 
[2026-09-21 22:18:52] 🟡 BTC  | 观望 WAIT      | V4 硬闸 | $86,691.20 | R:R 0.0:1 | 止损 0.00% | TP1 0.00% TP2 0.00% | 闸门: 15min 数据不可用 | 
[2026-09-21 22:18:59] 🟡 ETH  | 观望 WAIT      | V4 硬闸 | $2,781.09 | R:R 0.0:1 | 止损 0.00% | TP1 0.00% TP2 0.00% | 闸门: 15min 数据不可用 | 
[2026-09-21 22:37:01] 🟡 BTC  | 观望 WAIT      | V4 硬闸 | $86,494.60 | R:R 0.0:1 | 止损 0.00% | TP1 0.00% TP2 0.00% | 闸门: 15min 数据不可用 | 
[2026-09-21 22:37:08] 🟡 ETH  | 观望 WAIT      | V4 硬闸 | $2,779.56 | R:R 0.0:1 | 止损 0.00% | TP1 0.00% TP2 0.00% | 闸门: 15min 数据不可用 | 
[2026-09-21 22:46:57] 🟡 BTC  | 观望 WAIT      | V4 硬闸 | $86,362.40 | R:R 0.0:1 | 止损 0.00% | TP1 0.00% TP2 0.00% | 闸门: 15min 数据不可用 | 
[2026-09-21 22:47:04] 🟡 ETH  | 观望 WAIT      | V4 硬闸 | $2,773.28 | R:R 0.0:1 | 止损 0.00% | TP1 0.00% TP2 0.00% | 闸门: 15min 数据不可用 | 
[2026-09-21 23:28:45] 🟡 BTC  | 观望 WAIT      | V4 硬闸 | $86,482.00 | R:R 0.0:1 | 止损 0.00% | TP1 0.00% TP2 0.00% | 闸门: 15min 数据不可用 | 
[2026-09-21 23:28:52] 🟡 ETH  | 观望 WAIT      | V4 硬闸 | $2,773.80 | R:R 0.0:1 | 止损 0.00% | TP1 0.00% TP2 0.00% | 闸门: 15min 数据不可用 | 
[2026-09-22 00:00:13] 🟡 BTC  | 观望 WAIT      | V4 硬闸 | $86,597.40 | R:R 0.0:1 | 止损 0.00% | TP1 0.00% TP2 0.00% | 闸门: 15min 数据不可用 | 
[2026-09-22 00:00:20] 🟡 ETH  | 观望 WAIT      | V4 硬闸 | $2,775.23 | R:R 0.0:1 | 止损 0.00% | TP1 0.00% TP2 0.00% | 闸门: 15min 数据不可用 | 
[2026-09-22 00:53:30] 🟡 BTC  | 观望 WAIT      | V4 硬闸 | $86,096.70 | R:R 0.0:1 | 止损 0.00% | TP1 0.00% TP2 0.00% | 闸门: 15min 数据不可用 | 
[2026-09-22 00:53:36] 🟡 ETH  | 观望 WAIT      | V4 硬闸 | $2,767.96 | R:R 0.0:1 | 止损 0.00% | TP1 0.00% TP2 0.00% | 闸门: 15min 数据不可用 | 
[2026-09-22 01:07:12] 🟢 BTC  | 做多 LONG      | V4 硬闸 | $85,845.74 | R:R 2.0:1 | 止损 0.48% | TP1 0.72% TP2 1.19% | 闸门: 多头排列 | 回调至 15min EMA50 (偏离 0.01%)
[2026-09-22 01:07:19] 🟢 ETH  | 做多 LONG      | V4 硬闸 | $2,750.72 | R:R 2.0:1 | 止损 0.76% | TP1 1.15% TP2 1.91% | 闸门: 多头排列 | 回调至 15min EMA50 (偏离 0.13%)
[2026-09-22 01:16:25] 🟡 BTC  | 观望 WAIT      | V4 硬闸 | $85,812.60 | R:R 0.0:1 | 止损 0.00% | TP1 0.00% TP2 0.00% | 闸门: 15min 数据不可用 | 
[2026-09-22 01:16:32] 🟡 ETH  | 观望 WAIT      | V4 硬闸 | $2,749.80 | R:R 0.0:1 | 止损 0.00% | TP1 0.00% TP2 0.00% | 闸门: 15min 数据不可用 | 
[2026-09-22 01:47:03] 🟡 BTC  | 观望 WAIT      | V4 硬闸 | $85,650.80 | R:R 0.0:1 | 止损 0.00% | TP1 0.00% TP2 0.00% | 闸门: 15min 数据不可用 | 
[2026-09-22 01:47:10] 🟡 ETH  | 观望 WAIT      | V4 硬闸 | $2,747.53 | R:R 0.0:1 | 止损 0.00% | TP1 0.00% TP2 0.00% | 闸门: 15min 数据不可用 | 
[2026-09-22 04:42:16] 🟡 BTC  | 观望 WAIT      | V4 硬闸 | $85,579.60 | R:R 0.0:1 | 止损 0.00% | TP1 0.00% TP2 0.00% | 闸门: 15min 数据不可用 | 
[2026-09-22 04:42:23] 🟡 ETH  | 观望 WAIT      | V4 硬闸 | $2,731.87 | R:R 0.0:1 | 止损 0.00% | TP1 0.00% TP2 0.00% | 闸门: 15min 数据不可用 | 
[2026-09-22 05:29:57] 🟡 BTC  | 观望 WAIT      | V4 硬闸 | $85,198.00 | R:R 0.0:1 | 止损 0.00% | TP1 0.00% TP2 0.00% | 闸门: 15min 数据不可用 | 
[2026-09-22 05:30:04] 🟡 ETH  | 观望 WAIT      | V4 硬闸 | $2,720.18 | R:R 0.0:1 | 止损 0.00% | TP1 0.00% TP2 0.00% | 闸门: 15min 数据不可用 | 
[2026-09-22 06:00:26] 🟡 BTC  | 观望 WAIT      | V4 硬闸 | $85,389.50 | R:R 0.0:1 | 止损 0.00% | TP1 0.00% TP2 0.00% | 闸门: 15min 数据不可用 | 
[2026-09-22 06:00:33] 🟡 ETH  | 观望 WAIT      | V4 硬闸 | $2,732.34 | R:R 0.0:1 | 止损 0.00% | TP1 0.00% TP2 0.00% | 闸门: 15min 数据不可用 | 
[2026-09-22 06:22:20] 🟡 BTC  | 观望 WAIT      | V4 硬闸 | $85,270.00 | R:R 0.0:1 | 止损 0.00% | TP1 0.00% TP2 0.00% | 闸门: 15min 数据不可用 | 
[2026-09-22 06:22:27] 🟡 ETH  | 观望 WAIT      | V4 硬闸 | $2,727.26 | R:R 0.0:1 | 止损 0.00% | TP1 0.00% TP2 0.00% | 闸门: 15min 数据不可用 | 
[2026-09-22 06:51:50] 🟡 BTC  | 观望 WAIT      | V4 硬闸 | $85,438.20 | R:R 0.0:1 | 止损 0.00% | TP1 0.00% TP2 0.00% | 闸门: 15min 数据不可用 | 
[2026-09-22 06:51:57] 🟡 ETH  | 观望 WAIT      | V4 硬闸 | $2,732.44 | R:R 0.0:1 | 止损 0.00% | TP1 0.00% TP2 0.00% | 闸门: 15min 数据不可用 | 
[2026-09-22 09:29:52] 🟡 BTC  | 观望 WAIT      | V4 硬闸 | $85,883.70 | R:R 0.0:1 | 止损 0.00% | TP1 0.00% TP2 0.00% | 闸门: 15min 数据不可用 | 
[2026-09-22 09:29:59] 🟡 ETH  | 观望 WAIT      | V4 硬闸 | $2,738.94 | R:R 0.0:1 | 止损 0.00% | TP1 0.00% TP2 0.00% | 闸门: 15min 数据不可用 | 
[2026-09-22 10:12:24] 🟡 BTC  | 观望 WAIT      | V4 硬闸 | $86,054.70 | R:R 0.0:1 | 止损 0.00% | TP1 0.00% TP2 0.00% | 闸门: 15min 数据不可用 | 
[2026-09-22 10:12:31] 🟡 ETH  | 观望 WAIT      | V4 硬闸 | $2,744.98 | R:R 0.0:1 | 止损 0.00% | TP1 0.00% TP2 0.00% | 闸门: 15min 数据不可用 | 
[2026-09-22 11:27:47] 🟡 BTC  | 观望 WAIT      | V4 硬闸 | $85,980.00 | R:R 0.0:1 | 止损 0.00% | TP1 0.00% TP2 0.00% | 闸门: 15min 数据不可用 | 
[2026-09-22 11:27:55] 🟡 ETH  | 观望 WAIT      | V4 硬闸 | $2,740.72 | R:R 0.0:1 | 止损 0.00% | TP1 0.00% TP2 0.00% | 闸门: 15min 数据不可用 | 
[2026-09-22 11:52:34] 🟡 BTC  | 观望 WAIT      | V4 硬闸 | $85,955.90 | R:R 0.0:1 | 止损 0.00% | TP1 0.00% TP2 0.00% | 闸门: 15min 数据不可用 | 
[2026-09-22 11:52:42] 🟡 ETH  | 观望 WAIT      | V4 硬闸 | $2,740.60 | R:R 0.0:1 | 止损 0.00% | TP1 0.00% TP2 0.00% | 闸门: 15min 数据不可用 | 
[2026-09-22 12:13:17] 🟡 BTC  | 观望 WAIT      | V4 硬闸 | $85,971.80 | R:R 0.0:1 | 止损 0.00% | TP1 0.00% TP2 0.00% | 闸门: 15min 数据不可用 | 
[2026-09-22 12:13:23] 🟡 ETH  | 观望 WAIT      | V4 硬闸 | $2,745.09 | R:R 0.0:1 | 止损 0.00% | TP1 0.00% TP2 0.00% | 闸门: 15min 数据不可用 | 
[2026-09-22 14:08:59] 🟡 BTC  | 观望 WAIT      | V4 硬闸 | $86,200.70 | R:R 0.0:1 | 止损 0.00% | TP1 0.00% TP2 0.00% | 闸门: 15min 数据不可用 | 
[2026-09-22 14:09:07] 🟡 ETH  | 观望 WAIT      | V4 硬闸 | $2,750.63 | R:R 0.0:1 | 止损 0.00% | TP1 0.00% TP2 0.00% | 闸门: 15min 数据不可用 | 
[2026-09-22 14:49:53] 🟡 BTC  | 观望 WAIT      | V4 硬闸 | $86,027.00 | R:R 0.0:1 | 止损 0.00% | TP1 0.00% TP2 0.00% | 闸门: 15min 数据不可用 | 
[2026-09-22 14:50:00] 🟡 ETH  | 观望 WAIT      | V4 硬闸 | $2,733.87 | R:R 0.0:1 | 止损 0.00% | TP1 0.00% TP2 0.00% | 闸门: 15min 数据不可用 | 
[2026-09-22 15:37:32] 🟡 BTC  | 观望 WAIT      | V4 硬闸 | $86,340.60 | R:R 0.0:1 | 止损 0.00% | TP1 0.00% TP2 0.00% | 闸门: 15min 数据不可用 | 
[2026-09-22 15:37:39] 🟡 ETH  | 观望 WAIT      | V4 硬闸 | $2,745.46 | R:R 0.0:1 | 止损 0.00% | TP1 0.00% TP2 0.00% | 闸门: 15min 数据不可用 | 
[2026-09-22 15:48:12] 🟡 BTC  | 观望 WAIT      | V4 硬闸 | $86,533.60 | R:R 0.0:1 | 止损 0.00% | TP1 0.00% TP2 0.00% | 闸门: 15min 数据不可用 | 
[2026-09-22 15:48:19] 🟡 ETH  | 观望 WAIT      | V4 硬闸 | $2,750.00 | R:R 0.0:1 | 止损 0.00% | TP1 0.00% TP2 0.00% | 闸门: 15min 数据不可用 | 
[2026-09-22 17:00:47] 🟡 BTC  | 观望 WAIT      | V4 硬闸 | $86,388.70 | R:R 0.0:1 | 止损 0.00% | TP1 0.00% TP2 0.00% | 闸门: 15min 数据不可用 | 
[2026-09-22 17:00:55] 🟡 ETH  | 观望 WAIT      | V4 硬闸 | $2,744.14 | R:R 0.0:1 | 止损 0.00% | TP1 0.00% TP2 0.00% | 闸门: 15min 数据不可用 | 
[2026-09-22 18:05:06] 🟡 BTC  | 观望 WAIT      | V4 硬闸 | $86,603.00 | R:R 0.0:1 | 止损 0.00% | TP1 0.00% TP2 0.00% | 闸门: 15min 数据不可用 | 
[2026-09-22 18:05:13] 🟡 ETH  | 观望 WAIT      | V4 硬闸 | $2,751.41 | R:R 0.0:1 | 止损 0.00% | TP1 0.00% TP2 0.00% | 闸门: 15min 数据不可用 | 
[2026-09-22 18:21:02] 🟡 BTC  | 观望 WAIT      | V4 硬闸 | $86,574.40 | R:R 0.0:1 | 止损 0.00% | TP1 0.00% TP2 0.00% | 闸门: 15min 数据不可用 | 
[2026-09-22 18:21:09] 🟡 ETH  | 观望 WAIT      | V4 硬闸 | $2,753.12 | R:R 0.0:1 | 止损 0.00% | TP1 0.00% TP2 0.00% | 闸门: 15min 数据不可用 | 
[2026-09-22 19:07:02] 🟡 BTC  | 观望 WAIT      | V4 硬闸 | $86,525.00 | R:R 0.0:1 | 止损 0.00% | TP1 0.00% TP2 0.00% | 闸门: 15min 数据不可用 | 
[2026-09-22 19:07:09] 🟡 ETH  | 观望 WAIT      | V4 硬闸 | $2,755.47 | R:R 0.0:1 | 止损 0.00% | TP1 0.00% TP2 0.00% | 闸门: 15min 数据不可用 | 
[2026-09-22 19:17:35] 🟡 BTC  | 观望 WAIT      | V4 硬闸 | $86,566.00 | R:R 0.0:1 | 止损 0.00% | TP1 0.00% TP2 0.00% | 闸门: 15min 数据不可用 | 
[2026-09-22 19:17:42] 🟡 ETH  | 观望 WAIT      | V4 硬闸 | $2,759.98 | R:R 0.0:1 | 止损 0.00% | TP1 0.00% TP2 0.00% | 闸门: 15min 数据不可用 | 
[2026-09-22 20:07:35] 🟡 BTC  | 观望 WAIT      | V4 硬闸 | $86,235.50 | R:R 0.0:1 | 止损 0.00% | TP1 0.00% TP2 0.00% | 闸门: 15min 数据不可用 | 
[2026-09-22 20:07:42] 🟡 ETH  | 观望 WAIT      | V4 硬闸 | $2,749.45 | R:R 0.0:1 | 止损 0.00% | TP1 0.00% TP2 0.00% | 闸门: 15min 数据不可用 | 
[2026-09-22 21:15:02] 🟡 BTC  | 观望 WAIT      | V4 硬闸 | $86,273.30 | R:R 0.0:1 | 止损 0.00% | TP1 0.00% TP2 0.00% | 闸门: 15min 数据不可用 | 
[2026-09-22 21:15:09] 🟡 ETH  | 观望 WAIT      | V4 硬闸 | $2,747.60 | R:R 0.0:1 | 止损 0.00% | TP1 0.00% TP2 0.00% | 闸门: 15min 数据不可用 | 
[2026-09-22 21:26:45] 🟡 BTC  | 观望 WAIT      | V4 硬闸 | $86,222.50 | R:R 0.0:1 | 止损 0.00% | TP1 0.00% TP2 0.00% | 闸门: 15min 数据不可用 | 
[2026-09-22 21:26:52] 🟡 ETH  | 观望 WAIT      | V4 硬闸 | $2,749.20 | R:R 0.0:1 | 止损 0.00% | TP1 0.00% TP2 0.00% | 闸门: 15min 数据不可用 | 
[2026-09-22 22:02:19] 🟡 BTC  | 观望 WAIT      | V4 硬闸 | $86,190.40 | R:R 0.0:1 | 止损 0.00% | TP1 0.00% TP2 0.00% | 闸门: 15min 数据不可用 | 
[2026-09-22 22:02:27] 🟡 ETH  | 观望 WAIT      | V4 硬闸 | $2,746.50 | R:R 0.0:1 | 止损 0.00% | TP1 0.00% TP2 0.00% | 闸门: 15min 数据不可用 | 
[2026-09-22 22:13:25] 🟡 BTC  | 观望 WAIT      | V4 硬闸 | $86,024.80 | R:R 0.0:1 | 止损 0.00% | TP1 0.00% TP2 0.00% | 闸门: 15min 数据不可用 | 
[2026-09-22 22:13:32] 🟡 ETH  | 观望 WAIT      | V4 硬闸 | $2,738.93 | R:R 0.0:1 | 止损 0.00% | TP1 0.00% TP2 0.00% | 闸门: 15min 数据不可用 | 
[2026-09-22 22:55:50] 🟡 BTC  | 观望 WAIT      | V4 硬闸 | $86,186.00 | R:R 0.0:1 | 止损 0.00% | TP1 0.00% TP2 0.00% | 闸门: 15min 数据不可用 | 
[2026-09-22 22:55:57] 🟡 ETH  | 观望 WAIT      | V4 硬闸 | $2,756.60 | R:R 0.0:1 | 止损 0.00% | TP1 0.00% TP2 0.00% | 闸门: 15min 数据不可用 | 
[2026-09-22 23:37:41] 🟡 BTC  | 观望 WAIT      | V4 硬闸 | $86,147.10 | R:R 0.0:1 | 止损 0.00% | TP1 0.00% TP2 0.00% | 闸门: 15min 数据不可用 | 
[2026-09-22 23:37:49] 🟡 ETH  | 观望 WAIT      | V4 硬闸 | $2,749.82 | R:R 0.0:1 | 止损 0.00% | TP1 0.00% TP2 0.00% | 闸门: 15min 数据不可用 | 
[2026-09-23 00:18:29] 🟡 BTC  | 观望 WAIT      | V4 硬闸 | $86,394.70 | R:R 0.0:1 | 止损 0.00% | TP1 0.00% TP2 0.00% | 闸门: 15min 数据不可用 | 
[2026-09-23 00:18:41] 🟡 ETH  | 观望 WAIT      | V4 硬闸 | $2,758.43 | R:R 0.0:1 | 止损 0.00% | TP1 0.00% TP2 0.00% | 闸门: 15min 数据不可用 | 
[2026-09-23 00:39:43] 🟡 BTC  | 观望 WAIT      | V4 硬闸 | $86,488.20 | R:R 0.0:1 | 止损 0.00% | TP1 0.00% TP2 0.00% | 闸门: 15min 数据不可用 | 
[2026-09-23 00:39:50] 🟡 ETH  | 观望 WAIT      | V4 硬闸 | $2,761.48 | R:R 0.0:1 | 止损 0.00% | TP1 0.00% TP2 0.00% | 闸门: 15min 数据不可用 | 
[2026-09-23 01:18:34] 🟡 BTC  | 观望 WAIT      | V4 硬闸 | $86,657.50 | R:R 0.0:1 | 止损 0.00% | TP1 0.00% TP2 0.00% | 闸门: 15min 数据不可用 | 
[2026-09-23 01:18:42] 🟡 ETH  | 观望 WAIT      | V4 硬闸 | $2,770.24 | R:R 0.0:1 | 止损 0.00% | TP1 0.00% TP2 0.00% | 闸门: 15min 数据不可用 | 
[2026-09-23 01:45:48] 🟡 BTC  | 观望 WAIT      | V4 硬闸 | $86,269.50 | R:R 0.0:1 | 止损 0.00% | TP1 0.00% TP2 0.00% | 闸门: 15min 数据不可用 | 
[2026-09-23 01:45:55] 🟡 ETH  | 观望 WAIT      | V4 硬闸 | $2,752.00 | R:R 0.0:1 | 止损 0.00% | TP1 0.00% TP2 0.00% | 闸门: 15min 数据不可用 | 
[2026-09-23 04:53:12] 🟡 BTC  | 观望 WAIT      | V4 硬闸 | $87,130.50 | R:R 0.0:1 | 止损 0.00% | TP1 0.00% TP2 0.00% | 闸门: 15min 数据不可用 | 
[2026-09-23 04:53:19] 🟡 ETH  | 观望 WAIT      | V4 硬闸 | $2,781.22 | R:R 0.0:1 | 止损 0.00% | TP1 0.00% TP2 0.00% | 闸门: 15min 数据不可用 | 
[2026-09-23 05:13:12] 🟡 BTC  | 观望 WAIT      | V4 硬闸 | $86,944.40 | R:R 0.0:1 | 止损 0.00% | TP1 0.00% TP2 0.00% | 闸门: 15min 数据不可用 | 
[2026-09-23 05:13:20] 🟡 ETH  | 观望 WAIT      | V4 硬闸 | $2,771.00 | R:R 0.0:1 | 止损 0.00% | TP1 0.00% TP2 0.00% | 闸门: 15min 数据不可用 | 
[2026-09-23 06:06:28] 🟡 BTC  | 观望 WAIT      | V4 硬闸 | $86,541.00 | R:R 0.0:1 | 止损 0.00% | TP1 0.00% TP2 0.00% | 闸门: 15min 数据不可用 | 
[2026-09-23 06:06:35] 🟡 ETH  | 观望 WAIT      | V4 硬闸 | $2,758.50 | R:R 0.0:1 | 止损 0.00% | TP1 0.00% TP2 0.00% | 闸门: 15min 数据不可用 | 
[2026-09-23 06:41:55] 🟡 BTC  | 观望 WAIT      | V4 硬闸 | $86,528.90 | R:R 0.0:1 | 止损 0.00% | TP1 0.00% TP2 0.00% | 闸门: 15min 数据不可用 | 
[2026-09-23 06:42:03] 🟡 ETH  | 观望 WAIT      | V4 硬闸 | $2,758.59 | R:R 0.0:1 | 止损 0.00% | TP1 0.00% TP2 0.00% | 闸门: 15min 数据不可用 | 
[2026-09-23 09:36:15] 🟡 BTC  | 观望 WAIT      | V4 硬闸 | $85,809.50 | R:R 0.0:1 | 止损 0.00% | TP1 0.00% TP2 0.00% | 闸门: 15min 数据不可用 | 
[2026-09-23 09:36:22] 🟡 ETH  | 观望 WAIT      | V4 硬闸 | $2,735.28 | R:R 0.0:1 | 止损 0.00% | TP1 0.00% TP2 0.00% | 闸门: 15min 数据不可用 | 
[2026-09-23 10:00:41] 🟡 BTC  | 观望 WAIT      | V4 硬闸 | $85,856.30 | R:R 0.0:1 | 止损 0.00% | TP1 0.00% TP2 0.00% | 闸门: 15min 数据不可用 | 
[2026-09-23 10:00:48] 🟡 ETH  | 观望 WAIT      | V4 硬闸 | $2,736.07 | R:R 0.0:1 | 止损 0.00% | TP1 0.00% TP2 0.00% | 闸门: 15min 数据不可用 | 
[2026-09-23 11:29:26] 🟡 BTC  | 观望 WAIT      | V4 硬闸 | $85,467.10 | R:R 0.0:1 | 止损 0.00% | TP1 0.00% TP2 0.00% | 闸门: 15min 数据不可用 | 
[2026-09-23 11:29:33] 🟡 ETH  | 观望 WAIT      | V4 硬闸 | $2,720.11 | R:R 0.0:1 | 止损 0.00% | TP1 0.00% TP2 0.00% | 闸门: 15min 数据不可用 | 
[2026-09-23 12:08:00] 🟡 BTC  | 观望 WAIT      | V4 硬闸 | $85,509.50 | R:R 0.0:1 | 止损 0.00% | TP1 0.00% TP2 0.00% | 闸门: 15min 数据不可用 | 
[2026-09-23 12:08:07] 🟡 ETH  | 观望 WAIT      | V4 硬闸 | $2,725.01 | R:R 0.0:1 | 止损 0.00% | TP1 0.00% TP2 0.00% | 闸门: 15min 数据不可用 | 
[2026-09-23 12:19:44] 🟡 BTC  | 观望 WAIT      | V4 硬闸 | $85,282.00 | R:R 0.0:1 | 止损 0.00% | TP1 0.00% TP2 0.00% | 闸门: 15min 数据不可用 | 
[2026-09-23 12:19:51] 🟡 ETH  | 观望 WAIT      | V4 硬闸 | $2,713.93 | R:R 0.0:1 | 止损 0.00% | TP1 0.00% TP2 0.00% | 闸门: 15min 数据不可用 | 
[2026-09-23 14:24:48] 🟡 BTC  | 观望 WAIT      | V4 硬闸 | $84,157.70 | R:R 0.0:1 | 止损 0.00% | TP1 0.00% TP2 0.00% | 闸门: 15min 数据不可用 | 
[2026-09-23 14:24:55] 🟡 ETH  | 观望 WAIT      | V4 硬闸 | $2,655.32 | R:R 0.0:1 | 止损 0.00% | TP1 0.00% TP2 0.00% | 闸门: 15min 数据不可用 | 
[2026-09-23 14:52:23] 🟡 BTC  | 观望 WAIT      | V4 硬闸 | $84,356.50 | R:R 0.0:1 | 止损 0.00% | TP1 0.00% TP2 0.00% | 闸门: 15min 数据不可用 | 
[2026-09-23 14:52:30] 🟡 ETH  | 观望 WAIT      | V4 硬闸 | $2,665.38 | R:R 0.0:1 | 止损 0.00% | TP1 0.00% TP2 0.00% | 闸门: 15min 数据不可用 | 
[2026-09-23 15:33:06] 🟡 BTC  | 观望 WAIT      | V4 硬闸 | $84,402.80 | R:R 0.0:1 | 止损 0.00% | TP1 0.00% TP2 0.00% | 闸门: 15min 数据不可用 | 
[2026-09-23 15:33:12] 🟡 ETH  | 观望 WAIT      | V4 硬闸 | $2,665.89 | R:R 0.0:1 | 止损 0.00% | TP1 0.00% TP2 0.00% | 闸门: 15min 数据不可用 | 
[2026-09-23 16:49:47] 🟡 BTC  | 观望 WAIT      | V4 硬闸 | $83,873.90 | R:R 0.0:1 | 止损 0.00% | TP1 0.00% TP2 0.00% | 闸门: 15min 数据不可用 | 
[2026-09-23 16:49:54] 🟡 ETH  | 观望 WAIT      | V4 硬闸 | $2,657.16 | R:R 0.0:1 | 止损 0.00% | TP1 0.00% TP2 0.00% | 闸门: 15min 数据不可用 | 
[2026-09-23 16:59:17] 🟡 BTC  | 观望 WAIT      | V4 硬闸 | $84,014.80 | R:R 0.0:1 | 止损 0.00% | TP1 0.00% TP2 0.00% | 闸门: 15min 数据不可用 | 
[2026-09-23 16:59:25] 🟡 ETH  | 观望 WAIT      | V4 硬闸 | $2,659.91 | R:R 0.0:1 | 止损 0.00% | TP1 0.00% TP2 0.00% | 闸门: 15min 数据不可用 | 
[2026-09-23 17:17:15] 🟡 BTC  | 观望 WAIT      | V4 硬闸 | $83,953.20 | R:R 0.0:1 | 止损 0.00% | TP1 0.00% TP2 0.00% | 闸门: 15min 数据不可用 | 
[2026-09-23 17:17:22] 🟡 ETH  | 观望 WAIT      | V4 硬闸 | $2,658.10 | R:R 0.0:1 | 止损 0.00% | TP1 0.00% TP2 0.00% | 闸门: 15min 数据不可用 | 
[2026-09-23 18:29:14] 🟡 BTC  | 观望 WAIT      | V4 硬闸 | $84,169.10 | R:R 0.0:1 | 止损 0.00% | TP1 0.00% TP2 0.00% | 闸门: 15min 数据不可用 | 
[2026-09-23 18:29:21] 🟡 ETH  | 观望 WAIT      | V4 硬闸 | $2,662.00 | R:R 0.0:1 | 止损 0.00% | TP1 0.00% TP2 0.00% | 闸门: 15min 数据不可用 | 
[2026-09-23 18:41:55] 🟡 BTC  | 观望 WAIT      | V4 硬闸 | $84,138.60 | R:R 0.0:1 | 止损 0.00% | TP1 0.00% TP2 0.00% | 闸门: 15min 数据不可用 | 
[2026-09-23 18:42:02] 🟡 ETH  | 观望 WAIT      | V4 硬闸 | $2,659.80 | R:R 0.0:1 | 止损 0.00% | TP1 0.00% TP2 0.00% | 闸门: 15min 数据不可用 | 
[2026-09-23 18:58:49] 🟡 BTC  | 观望 WAIT      | V4 硬闸 | $84,359.80 | R:R 0.0:1 | 止损 0.00% | TP1 0.00% TP2 0.00% | 闸门: 15min 数据不可用 | 
[2026-09-23 18:58:56] 🟡 ETH  | 观望 WAIT      | V4 硬闸 | $2,669.94 | R:R 0.0:1 | 止损 0.00% | TP1 0.00% TP2 0.00% | 闸门: 15min 数据不可用 | 
[2026-09-23 19:12:17] 🟡 BTC  | 观望 WAIT      | V4 硬闸 | $84,355.30 | R:R 0.0:1 | 止损 0.00% | TP1 0.00% TP2 0.00% | 闸门: 15min 数据不可用 | 
[2026-09-23 19:12:24] 🟡 ETH  | 观望 WAIT      | V4 硬闸 | $2,667.77 | R:R 0.0:1 | 止损 0.00% | TP1 0.00% TP2 0.00% | 闸门: 15min 数据不可用 | 
[2026-09-23 19:51:57] 🟡 BTC  | 观望 WAIT      | V4 硬闸 | $84,528.10 | R:R 0.0:1 | 止损 0.00% | TP1 0.00% TP2 0.00% | 闸门: 15min 数据不可用 | 
[2026-09-23 19:52:04] 🟡 ETH  | 观望 WAIT      | V4 硬闸 | $2,677.38 | R:R 0.0:1 | 止损 0.00% | TP1 0.00% TP2 0.00% | 闸门: 15min 数据不可用 | 
[2026-09-23 20:30:36] 🟡 BTC  | 观望 WAIT      | V4 硬闸 | $84,310.20 | R:R 0.0:1 | 止损 0.00% | TP1 0.00% TP2 0.00% | 闸门: 15min 数据不可用 | 
[2026-09-23 20:30:43] 🟡 ETH  | 观望 WAIT      | V4 硬闸 | $2,672.30 | R:R 0.0:1 | 止损 0.00% | TP1 0.00% TP2 0.00% | 闸门: 15min 数据不可用 | 
[2026-09-23 21:41:26] 🟡 BTC  | 观望 WAIT      | V4 硬闸 | $84,482.60 | R:R 0.0:1 | 止损 0.00% | TP1 0.00% TP2 0.00% | 闸门: 15min 数据不可用 | 
[2026-09-23 21:41:33] 🟡 ETH  | 观望 WAIT      | V4 硬闸 | $2,676.76 | R:R 0.0:1 | 止损 0.00% | TP1 0.00% TP2 0.00% | 闸门: 15min 数据不可用 | 
[2026-09-23 22:12:16] 🟡 BTC  | 观望 WAIT      | V4 硬闸 | $84,628.50 | R:R 0.0:1 | 止损 0.00% | TP1 0.00% TP2 0.00% | 闸门: 15min 数据不可用 | 
[2026-09-23 22:12:23] 🟡 ETH  | 观望 WAIT      | V4 硬闸 | $2,694.38 | R:R 0.0:1 | 止损 0.00% | TP1 0.00% TP2 0.00% | 闸门: 15min 数据不可用 | 
[2026-09-23 22:29:02] 🟡 BTC  | 观望 WAIT      | V4 硬闸 | $84,480.70 | R:R 0.0:1 | 止损 0.00% | TP1 0.00% TP2 0.00% | 闸门: 15min 数据不可用 | 
[2026-09-23 22:29:09] 🟡 ETH  | 观望 WAIT      | V4 硬闸 | $2,687.65 | R:R 0.0:1 | 止损 0.00% | TP1 0.00% TP2 0.00% | 闸门: 15min 数据不可用 | 
[2026-09-23 23:06:19] 🟡 BTC  | 观望 WAIT      | V4 硬闸 | $84,514.80 | R:R 0.0:1 | 止损 0.00% | TP1 0.00% TP2 0.00% | 闸门: 15min 数据不可用 | 
[2026-09-23 23:06:26] 🟡 ETH  | 观望 WAIT      | V4 硬闸 | $2,687.90 | R:R 0.0:1 | 止损 0.00% | TP1 0.00% TP2 0.00% | 闸门: 15min 数据不可用 | 
[2026-09-23 23:58:18] 🟡 BTC  | 观望 WAIT      | V4 硬闸 | $84,385.50 | R:R 0.0:1 | 止损 0.00% | TP1 0.00% TP2 0.00% | 闸门: 15min 数据不可用 | 
[2026-09-23 23:58:25] 🟡 ETH  | 观望 WAIT      | V4 硬闸 | $2,685.00 | R:R 0.0:1 | 止损 0.00% | TP1 0.00% TP2 0.00% | 闸门: 15min 数据不可用 | 
[2026-09-24 00:32:30] 🟡 BTC  | 观望 WAIT      | V4 硬闸 | $84,415.50 | R:R 0.0:1 | 止损 0.00% | TP1 0.00% TP2 0.00% | 闸门: 15min 数据不可用 | 
[2026-09-24 00:32:38] 🟡 ETH  | 观望 WAIT      | V4 硬闸 | $2,691.07 | R:R 0.0:1 | 止损 0.00% | TP1 0.00% TP2 0.00% | 闸门: 15min 数据不可用 | 
[2026-09-24 00:41:30] 🟡 BTC  | 观望 WAIT      | V4 硬闸 | $84,291.30 | R:R 0.0:1 | 止损 0.00% | TP1 0.00% TP2 0.00% | 闸门: 15min 数据不可用 | 
[2026-09-24 00:41:38] 🟡 ETH  | 观望 WAIT      | V4 硬闸 | $2,684.50 | R:R 0.0:1 | 止损 0.00% | TP1 0.00% TP2 0.00% | 闸门: 15min 数据不可用 | 
[2026-09-24 00:50:20] 🟡 BTC  | 观望 WAIT      | V4 硬闸 | $84,318.00 | R:R 0.0:1 | 止损 0.00% | TP1 0.00% TP2 0.00% | 闸门: 15min 数据不可用 | 
[2026-09-24 00:50:28] 🟡 ETH  | 观望 WAIT      | V4 硬闸 | $2,683.07 | R:R 0.0:1 | 止损 0.00% | TP1 0.00% TP2 0.00% | 闸门: 15min 数据不可用 | 
[2026-09-24 01:21:35] 🟡 BTC  | 观望 WAIT      | V4 硬闸 | $84,252.80 | R:R 0.0:1 | 止损 0.00% | TP1 0.00% TP2 0.00% | 闸门: 15min 数据不可用 | 
[2026-09-24 01:21:42] 🟡 ETH  | 观望 WAIT      | V4 硬闸 | $2,681.68 | R:R 0.0:1 | 止损 0.00% | TP1 0.00% TP2 0.00% | 闸门: 15min 数据不可用 | 
[2026-09-24 03:32:01] 🟡 BTC  | 观望 WAIT      | V4 硬闸 | $84,006.20 | R:R 0.0:1 | 止损 0.00% | TP1 0.00% TP2 0.00% | 闸门: 15min 数据不可用 | 
[2026-09-24 03:32:09] 🟡 ETH  | 观望 WAIT      | V4 硬闸 | $2,674.24 | R:R 0.0:1 | 止损 0.00% | TP1 0.00% TP2 0.00% | 闸门: 15min 数据不可用 | 
[2026-09-24 04:33:22] 🟡 BTC  | 观望 WAIT      | V4 硬闸 | $83,879.40 | R:R 0.0:1 | 止损 0.00% | TP1 0.00% TP2 0.00% | 闸门: 15min 数据不可用 | 
[2026-09-24 04:33:30] 🟡 ETH  | 观望 WAIT      | V4 硬闸 | $2,676.63 | R:R 0.0:1 | 止损 0.00% | TP1 0.00% TP2 0.00% | 闸门: 15min 数据不可用 | 
[2026-09-24 05:19:55] 🟡 BTC  | 观望 WAIT      | V4 硬闸 | $84,161.00 | R:R 0.0:1 | 止损 0.00% | TP1 0.00% TP2 0.00% | 闸门: 15min 数据不可用 | 
[2026-09-24 05:20:02] 🟡 ETH  | 观望 WAIT      | V4 硬闸 | $2,690.26 | R:R 0.0:1 | 止损 0.00% | TP1 0.00% TP2 0.00% | 闸门: 15min 数据不可用 | 
[2026-09-24 05:31:15] 🟡 BTC  | 观望 WAIT      | V4 硬闸 | $84,135.80 | R:R 0.0:1 | 止损 0.00% | TP1 0.00% TP2 0.00% | 闸门: 15min 数据不可用 | 
[2026-09-24 05:31:23] 🟡 ETH  | 观望 WAIT      | V4 硬闸 | $2,689.57 | R:R 0.0:1 | 止损 0.00% | TP1 0.00% TP2 0.00% | 闸门: 15min 数据不可用 | 
[2026-09-24 06:22:38] 🟡 BTC  | 观望 WAIT      | V4 硬闸 | $84,099.40 | R:R 0.0:1 | 止损 0.00% | TP1 0.00% TP2 0.00% | 闸门: 15min 数据不可用 | 
[2026-09-24 06:22:45] 🟡 ETH  | 观望 WAIT      | V4 硬闸 | $2,686.44 | R:R 0.0:1 | 止损 0.00% | TP1 0.00% TP2 0.00% | 闸门: 15min 数据不可用 | 
[2026-09-24 08:43:12] 🟡 BTC  | 观望 WAIT      | V4 硬闸 | $83,721.70 | R:R 0.0:1 | 止损 0.00% | TP1 0.00% TP2 0.00% | 闸门: 15min 数据不可用 | 
[2026-09-24 08:43:19] 🟡 ETH  | 观望 WAIT      | V4 硬闸 | $2,669.00 | R:R 0.0:1 | 止损 0.00% | TP1 0.00% TP2 0.00% | 闸门: 15min 数据不可用 | 
[2026-09-24 09:28:32] 🟡 BTC  | 观望 WAIT      | V4 硬闸 | $83,386.10 | R:R 0.0:1 | 止损 0.00% | TP1 0.00% TP2 0.00% | 闸门: 15min 数据不可用 | 
[2026-09-24 09:28:39] 🟡 ETH  | 观望 WAIT      | V4 硬闸 | $2,656.25 | R:R 0.0:1 | 止损 0.00% | TP1 0.00% TP2 0.00% | 闸门: 15min 数据不可用 | 
[2026-09-24 10:12:15] 🟡 BTC  | 观望 WAIT      | V4 硬闸 | $83,320.90 | R:R 0.0:1 | 止损 0.00% | TP1 0.00% TP2 0.00% | 闸门: 15min 数据不可用 | 
[2026-09-24 10:12:22] 🟡 ETH  | 观望 WAIT      | V4 硬闸 | $2,639.70 | R:R 0.0:1 | 止损 0.00% | TP1 0.00% TP2 0.00% | 闸门: 15min 数据不可用 | 
[2026-09-24 10:27:51] 🟡 BTC  | 观望 WAIT      | V4 硬闸 | $83,212.00 | R:R 0.0:1 | 止损 0.00% | TP1 0.00% TP2 0.00% | 闸门: 15min 数据不可用 | 
[2026-09-24 10:27:58] 🟡 ETH  | 观望 WAIT      | V4 硬闸 | $2,635.96 | R:R 0.0:1 | 止损 0.00% | TP1 0.00% TP2 0.00% | 闸门: 15min 数据不可用 | 
[2026-09-24 12:03:18] 🟡 BTC  | 观望 WAIT      | V4 硬闸 | $83,412.90 | R:R 0.0:1 | 止损 0.00% | TP1 0.00% TP2 0.00% | 闸门: 15min 数据不可用 | 
[2026-09-24 12:03:26] 🟡 ETH  | 观望 WAIT      | V4 硬闸 | $2,645.16 | R:R 0.0:1 | 止损 0.00% | TP1 0.00% TP2 0.00% | 闸门: 15min 数据不可用 | 
[2026-09-24 13:48:11] 🟡 BTC  | 观望 WAIT      | V4 硬闸 | $84,042.20 | R:R 0.0:1 | 止损 0.00% | TP1 0.00% TP2 0.00% | 闸门: 15min 数据不可用 | 
[2026-09-24 13:48:18] 🟡 ETH  | 观望 WAIT      | V4 硬闸 | $2,666.39 | R:R 0.0:1 | 止损 0.00% | TP1 0.00% TP2 0.00% | 闸门: 15min 数据不可用 | 
[2026-09-24 14:22:13] 🟡 BTC  | 观望 WAIT      | V4 硬闸 | $84,287.20 | R:R 0.0:1 | 止损 0.00% | TP1 0.00% TP2 0.00% | 闸门: 15min 数据不可用 | 
[2026-09-24 14:22:20] 🟡 ETH  | 观望 WAIT      | V4 硬闸 | $2,672.68 | R:R 0.0:1 | 止损 0.00% | TP1 0.00% TP2 0.00% | 闸门: 15min 数据不可用 | 
[2026-09-24 15:02:21] 🟡 BTC  | 观望 WAIT      | V4 硬闸 | $83,609.50 | R:R 0.0:1 | 止损 0.00% | TP1 0.00% TP2 0.00% | 闸门: 15min 数据不可用 | 
[2026-09-24 15:02:29] 🟡 ETH  | 观望 WAIT      | V4 硬闸 | $2,658.63 | R:R 0.0:1 | 止损 0.00% | TP1 0.00% TP2 0.00% | 闸门: 15min 数据不可用 | 
[2026-09-24 15:15:22] 🟡 BTC  | 观望 WAIT      | V4 硬闸 | $83,935.10 | R:R 0.0:1 | 止损 0.00% | TP1 0.00% TP2 0.00% | 闸门: 15min 数据不可用 | 
[2026-09-24 15:15:30] 🟡 ETH  | 观望 WAIT      | V4 硬闸 | $2,664.89 | R:R 0.0:1 | 止损 0.00% | TP1 0.00% TP2 0.00% | 闸门: 15min 数据不可用 | 
[2026-09-24 17:04:55] 🟡 BTC  | 观望 WAIT      | V4 硬闸 | $84,419.10 | R:R 0.0:1 | 止损 0.00% | TP1 0.00% TP2 0.00% | 闸门: 15min 数据不可用 | 
[2026-09-24 17:05:02] 🟡 ETH  | 观望 WAIT      | V4 硬闸 | $2,685.80 | R:R 0.0:1 | 止损 0.00% | TP1 0.00% TP2 0.00% | 闸门: 15min 数据不可用 | 
[2026-09-24 17:59:14] 🟡 BTC  | 观望 WAIT      | V4 硬闸 | $84,051.10 | R:R 0.0:1 | 止损 0.00% | TP1 0.00% TP2 0.00% | 闸门: 15min 数据不可用 | 
[2026-09-24 17:59:21] 🟡 ETH  | 观望 WAIT      | V4 硬闸 | $2,668.31 | R:R 0.0:1 | 止损 0.00% | TP1 0.00% TP2 0.00% | 闸门: 15min 数据不可用 | 
[2026-09-24 18:28:44] 🟡 BTC  | 观望 WAIT      | V4 硬闸 | $84,431.30 | R:R 0.0:1 | 止损 0.00% | TP1 0.00% TP2 0.00% | 闸门: 15min 数据不可用 | 
[2026-09-24 18:28:51] 🟡 ETH  | 观望 WAIT      | V4 硬闸 | $2,682.81 | R:R 0.0:1 | 止损 0.00% | TP1 0.00% TP2 0.00% | 闸门: 15min 数据不可用 | 
[2026-09-24 18:56:02] 🟡 BTC  | 观望 WAIT      | V4 硬闸 | $84,456.40 | R:R 0.0:1 | 止损 0.00% | TP1 0.00% TP2 0.00% | 闸门: 15min 数据不可用 | 
[2026-09-24 18:56:09] 🟡 ETH  | 观望 WAIT      | V4 硬闸 | $2,692.18 | R:R 0.0:1 | 止损 0.00% | TP1 0.00% TP2 0.00% | 闸门: 15min 数据不可用 | 
[2026-09-24 19:16:13] 🟡 BTC  | 观望 WAIT      | V4 硬闸 | $84,512.30 | R:R 0.0:1 | 止损 0.00% | TP1 0.00% TP2 0.00% | 闸门: 15min 数据不可用 | 
[2026-09-24 19:16:21] 🟡 ETH  | 观望 WAIT      | V4 硬闸 | $2,689.72 | R:R 0.0:1 | 止损 0.00% | TP1 0.00% TP2 0.00% | 闸门: 15min 数据不可用 | 
[2026-09-24 20:27:16] 🟡 BTC  | 观望 WAIT      | V4 硬闸 | $84,235.00 | R:R 0.0:1 | 止损 0.00% | TP1 0.00% TP2 0.00% | 闸门: 15min 数据不可用 | 
[2026-09-24 20:27:23] 🟡 ETH  | 观望 WAIT      | V4 硬闸 | $2,686.04 | R:R 0.0:1 | 止损 0.00% | TP1 0.00% TP2 0.00% | 闸门: 15min 数据不可用 | 
[2026-09-24 21:19:08] 🟡 BTC  | 观望 WAIT      | V4 硬闸 | $84,401.60 | R:R 0.0:1 | 止损 0.00% | TP1 0.00% TP2 0.00% | 闸门: 15min 数据不可用 | 
[2026-09-24 21:19:15] 🟡 ETH  | 观望 WAIT      | V4 硬闸 | $2,688.58 | R:R 0.0:1 | 止损 0.00% | TP1 0.00% TP2 0.00% | 闸门: 15min 数据不可用 | 
[2026-09-24 21:43:48] 🟡 BTC  | 观望 WAIT      | V4 硬闸 | $84,454.80 | R:R 0.0:1 | 止损 0.00% | TP1 0.00% TP2 0.00% | 闸门: 15min 数据不可用 | 
[2026-09-24 21:43:55] 🟡 ETH  | 观望 WAIT      | V4 硬闸 | $2,689.39 | R:R 0.0:1 | 止损 0.00% | TP1 0.00% TP2 0.00% | 闸门: 15min 数据不可用 | 
[2026-09-24 21:52:41] 🟡 BTC  | 观望 WAIT      | V4 硬闸 | $84,405.20 | R:R 0.0:1 | 止损 0.00% | TP1 0.00% TP2 0.00% | 闸门: 15min 数据不可用 | 
[2026-09-24 21:52:48] 🟡 ETH  | 观望 WAIT      | V4 硬闸 | $2,689.39 | R:R 0.0:1 | 止损 0.00% | TP1 0.00% TP2 0.00% | 闸门: 15min 数据不可用 | 
[2026-09-24 22:25:35] 🟡 BTC  | 观望 WAIT      | V4 硬闸 | $84,139.00 | R:R 0.0:1 | 止损 0.00% | TP1 0.00% TP2 0.00% | 闸门: 15min 数据不可用 | 
[2026-09-24 22:25:42] 🟡 ETH  | 观望 WAIT      | V4 硬闸 | $2,680.52 | R:R 0.0:1 | 止损 0.00% | TP1 0.00% TP2 0.00% | 闸门: 15min 数据不可用 | 
[2026-09-24 23:21:53] 🟡 BTC  | 观望 WAIT      | V4 硬闸 | $84,355.20 | R:R 0.0:1 | 止损 0.00% | TP1 0.00% TP2 0.00% | 闸门: 15min 数据不可用 | 
[2026-09-24 23:22:00] 🟡 ETH  | 观望 WAIT      | V4 硬闸 | $2,688.78 | R:R 0.0:1 | 止损 0.00% | TP1 0.00% TP2 0.00% | 闸门: 15min 数据不可用 | 
[2026-09-24 23:54:48] 🟡 BTC  | 观望 WAIT      | V4 硬闸 | $84,374.10 | R:R 0.0:1 | 止损 0.00% | TP1 0.00% TP2 0.00% | 闸门: 15min 数据不可用 | 
[2026-09-24 23:54:55] 🟡 ETH  | 观望 WAIT      | V4 硬闸 | $2,687.69 | R:R 0.0:1 | 止损 0.00% | TP1 0.00% TP2 0.00% | 闸门: 15min 数据不可用 | 
[2026-09-25 00:05:16] 🟡 BTC  | 观望 WAIT      | V4 硬闸 | $84,485.50 | R:R 0.0:1 | 止损 0.00% | TP1 0.00% TP2 0.00% | 闸门: 15min 数据不可用 | 
[2026-09-25 00:05:23] 🟡 ETH  | 观望 WAIT      | V4 硬闸 | $2,691.41 | R:R 0.0:1 | 止损 0.00% | TP1 0.00% TP2 0.00% | 闸门: 15min 数据不可用 | 
[2026-09-25 00:37:52] 🟡 BTC  | 观望 WAIT      | V4 硬闸 | $84,574.30 | R:R 0.0:1 | 止损 0.00% | TP1 0.00% TP2 0.00% | 闸门: 15min 数据不可用 | 
[2026-09-25 00:37:59] 🟡 ETH  | 观望 WAIT      | V4 硬闸 | $2,690.17 | R:R 0.0:1 | 止损 0.00% | TP1 0.00% TP2 0.00% | 闸门: 15min 数据不可用 | 
[2026-09-25 01:41:17] 🟡 BTC  | 观望 WAIT      | V4 硬闸 | $84,448.00 | R:R 0.0:1 | 止损 0.00% | TP1 0.00% TP2 0.00% | 闸门: 15min 数据不可用 | 
[2026-09-25 01:41:23] 🟡 ETH  | 观望 WAIT      | V4 硬闸 | $2,684.54 | R:R 0.0:1 | 止损 0.00% | TP1 0.00% TP2 0.00% | 闸门: 15min 数据不可用 | 
[2026-09-25 02:39:02] 🟡 BTC  | 观望 WAIT      | V4 硬闸 | $84,447.00 | R:R 0.0:1 | 止损 0.00% | TP1 0.00% TP2 0.00% | 闸门: 15min 数据不可用 | 
[2026-09-25 02:39:09] 🟡 ETH  | 观望 WAIT      | V4 硬闸 | $2,683.46 | R:R 0.0:1 | 止损 0.00% | TP1 0.00% TP2 0.00% | 闸门: 15min 数据不可用 | 
[2026-09-25 04:44:24] 🟡 BTC  | 观望 WAIT      | V4 硬闸 | $84,266.70 | R:R 0.0:1 | 止损 0.00% | TP1 0.00% TP2 0.00% | 闸门: 15min 数据不可用 | 
[2026-09-25 04:44:32] 🟡 ETH  | 观望 WAIT      | V4 硬闸 | $2,683.15 | R:R 0.0:1 | 止损 0.00% | TP1 0.00% TP2 0.00% | 闸门: 15min 数据不可用 | 
[2026-09-25 05:19:50] 🟡 BTC  | 观望 WAIT      | V4 硬闸 | $84,184.90 | R:R 0.0:1 | 止损 0.00% | TP1 0.00% TP2 0.00% | 闸门: 15min 数据不可用 | 
[2026-09-25 05:19:57] 🟡 ETH  | 观望 WAIT      | V4 硬闸 | $2,678.19 | R:R 0.0:1 | 止损 0.00% | TP1 0.00% TP2 0.00% | 闸门: 15min 数据不可用 | 
[2026-09-25 05:28:55] 🟡 BTC  | 观望 WAIT      | V4 硬闸 | $84,166.80 | R:R 0.0:1 | 止损 0.00% | TP1 0.00% TP2 0.00% | 闸门: 15min 数据不可用 | 
[2026-09-25 05:29:02] 🟡 ETH  | 观望 WAIT      | V4 硬闸 | $2,679.40 | R:R 0.0:1 | 止损 0.00% | TP1 0.00% TP2 0.00% | 闸门: 15min 数据不可用 | 
[2026-09-25 06:40:34] 🟡 BTC  | 观望 WAIT      | V4 硬闸 | $83,987.50 | R:R 0.0:1 | 止损 0.00% | TP1 0.00% TP2 0.00% | 闸门: 15min 数据不可用 | 
[2026-09-25 06:40:41] 🟡 ETH  | 观望 WAIT      | V4 硬闸 | $2,672.77 | R:R 0.0:1 | 止损 0.00% | TP1 0.00% TP2 0.00% | 闸门: 15min 数据不可用 | 
[2026-09-25 08:10:33] 🟡 BTC  | 观望 WAIT      | V4 硬闸 | $84,068.40 | R:R 0.0:1 | 止损 0.00% | TP1 0.00% TP2 0.00% | 闸门: 15min 数据不可用 | 
[2026-09-25 08:10:40] 🟡 ETH  | 观望 WAIT      | V4 硬闸 | $2,675.59 | R:R 0.0:1 | 止损 0.00% | TP1 0.00% TP2 0.00% | 闸门: 15min 数据不可用 | 
[2026-09-25 09:48:49] 🟡 BTC  | 观望 WAIT      | V4 硬闸 | $84,599.90 | R:R 0.0:1 | 止损 0.00% | TP1 0.00% TP2 0.00% | 闸门: 15min 数据不可用 | 
[2026-09-25 09:48:56] 🟡 ETH  | 观望 WAIT      | V4 硬闸 | $2,704.47 | R:R 0.0:1 | 止损 0.00% | TP1 0.00% TP2 0.00% | 闸门: 15min 数据不可用 | 
[2026-09-25 10:15:57] 🟡 BTC  | 观望 WAIT      | V4 硬闸 | $84,471.90 | R:R 0.0:1 | 止损 0.00% | TP1 0.00% TP2 0.00% | 闸门: 15min 数据不可用 | 
[2026-09-25 10:16:04] 🟡 ETH  | 观望 WAIT      | V4 硬闸 | $2,699.21 | R:R 0.0:1 | 止损 0.00% | TP1 0.00% TP2 0.00% | 闸门: 15min 数据不可用 | 
[2026-09-25 10:29:40] 🟡 BTC  | 观望 WAIT      | V4 硬闸 | $84,696.00 | R:R 0.0:1 | 止损 0.00% | TP1 0.00% TP2 0.00% | 闸门: 15min 数据不可用 | 
[2026-09-25 10:29:48] 🟡 ETH  | 观望 WAIT      | V4 硬闸 | $2,713.06 | R:R 0.0:1 | 止损 0.00% | TP1 0.00% TP2 0.00% | 闸门: 15min 数据不可用 | 
[2026-09-25 12:17:43] 🟡 BTC  | 观望 WAIT      | V4 硬闸 | $84,011.40 | R:R 0.0:1 | 止损 0.00% | TP1 0.00% TP2 0.00% | 闸门: 15min 数据不可用 | 
[2026-09-25 12:17:50] 🟡 ETH  | 观望 WAIT      | V4 硬闸 | $2,690.34 | R:R 0.0:1 | 止损 0.00% | TP1 0.00% TP2 0.00% | 闸门: 15min 数据不可用 | 
[2026-09-25 13:44:16] 🟡 BTC  | 观望 WAIT      | V4 硬闸 | $83,825.00 | R:R 0.0:1 | 止损 0.00% | TP1 0.00% TP2 0.00% | 闸门: 15min 数据不可用 | 
[2026-09-25 13:44:23] 🟡 ETH  | 观望 WAIT      | V4 硬闸 | $2,689.15 | R:R 0.0:1 | 止损 0.00% | TP1 0.00% TP2 0.00% | 闸门: 15min 数据不可用 | 
[2026-09-25 14:45:49] 🟡 BTC  | 观望 WAIT      | V4 硬闸 | $83,641.10 | R:R 0.0:1 | 止损 0.00% | TP1 0.00% TP2 0.00% | 闸门: 15min 数据不可用 | 
[2026-09-25 14:45:57] 🟡 ETH  | 观望 WAIT      | V4 硬闸 | $2,685.25 | R:R 0.0:1 | 止损 0.00% | TP1 0.00% TP2 0.00% | 闸门: 15min 数据不可用 | 
[2026-09-25 15:17:01] 🟡 BTC  | 观望 WAIT      | V4 硬闸 | $83,927.70 | R:R 0.0:1 | 止损 0.00% | TP1 0.00% TP2 0.00% | 闸门: 15min 数据不可用 | 
[2026-09-25 15:17:08] 🟡 ETH  | 观望 WAIT      | V4 硬闸 | $2,696.48 | R:R 0.0:1 | 止损 0.00% | TP1 0.00% TP2 0.00% | 闸门: 15min 数据不可用 | 
[2026-09-25 15:29:47] 🟡 BTC  | 观望 WAIT      | V4 硬闸 | $83,751.10 | R:R 0.0:1 | 止损 0.00% | TP1 0.00% TP2 0.00% | 闸门: 15min 数据不可用 | 
[2026-09-25 15:29:54] 🟡 ETH  | 观望 WAIT      | V4 硬闸 | $2,689.59 | R:R 0.0:1 | 止损 0.00% | TP1 0.00% TP2 0.00% | 闸门: 15min 数据不可用 | 
[2026-09-25 17:20:17] 🟡 BTC  | 观望 WAIT      | V4 硬闸 | $83,911.00 | R:R 0.0:1 | 止损 0.00% | TP1 0.00% TP2 0.00% | 闸门: 15min 数据不可用 | 
[2026-09-25 17:20:24] 🟡 ETH  | 观望 WAIT      | V4 硬闸 | $2,690.41 | R:R 0.0:1 | 止损 0.00% | TP1 0.00% TP2 0.00% | 闸门: 15min 数据不可用 | 
[2026-09-25 18:05:20] 🟡 BTC  | 观望 WAIT      | V4 硬闸 | $83,812.60 | R:R 0.0:1 | 止损 0.00% | TP1 0.00% TP2 0.00% | 闸门: 15min 数据不可用 | 
[2026-09-25 18:05:27] 🟡 ETH  | 观望 WAIT      | V4 硬闸 | $2,685.88 | R:R 0.0:1 | 止损 0.00% | TP1 0.00% TP2 0.00% | 闸门: 15min 数据不可用 | 
[2026-09-25 18:54:52] 🟡 BTC  | 观望 WAIT      | V4 硬闸 | $83,925.10 | R:R 0.0:1 | 止损 0.00% | TP1 0.00% TP2 0.00% | 闸门: 15min 数据不可用 | 
[2026-09-25 18:54:59] 🟡 ETH  | 观望 WAIT      | V4 硬闸 | $2,693.42 | R:R 0.0:1 | 止损 0.00% | TP1 0.00% TP2 0.00% | 闸门: 15min 数据不可用 | 
[2026-09-25 19:16:15] 🟡 BTC  | 观望 WAIT      | V4 硬闸 | $83,995.50 | R:R 0.0:1 | 止损 0.00% | TP1 0.00% TP2 0.00% | 闸门: 15min 数据不可用 | 
[2026-09-25 19:16:22] 🟡 ETH  | 观望 WAIT      | V4 硬闸 | $2,694.27 | R:R 0.0:1 | 止损 0.00% | TP1 0.00% TP2 0.00% | 闸门: 15min 数据不可用 | 
[2026-09-25 19:29:05] 🟡 BTC  | 观望 WAIT      | V4 硬闸 | $83,972.60 | R:R 0.0:1 | 止损 0.00% | TP1 0.00% TP2 0.00% | 闸门: 15min 数据不可用 | 
[2026-09-25 19:29:12] 🟡 ETH  | 观望 WAIT      | V4 硬闸 | $2,692.07 | R:R 0.0:1 | 止损 0.00% | TP1 0.00% TP2 0.00% | 闸门: 15min 数据不可用 | 
[2026-09-25 20:34:49] 🟡 BTC  | 观望 WAIT      | V4 硬闸 | $84,066.70 | R:R 0.0:1 | 止损 0.00% | TP1 0.00% TP2 0.00% | 闸门: 15min 数据不可用 | 
[2026-09-25 20:34:56] 🟡 ETH  | 观望 WAIT      | V4 硬闸 | $2,694.20 | R:R 0.0:1 | 止损 0.00% | TP1 0.00% TP2 0.00% | 闸门: 15min 数据不可用 | 
[2026-09-25 21:30:26] 🟡 BTC  | 观望 WAIT      | V4 硬闸 | $83,765.50 | R:R 0.0:1 | 止损 0.00% | TP1 0.00% TP2 0.00% | 闸门: 15min 数据不可用 | 
[2026-09-25 21:30:33] 🟡 ETH  | 观望 WAIT      | V4 硬闸 | $2,680.92 | R:R 0.0:1 | 止损 0.00% | TP1 0.00% TP2 0.00% | 闸门: 15min 数据不可用 | 
[2026-09-25 21:52:29] 🟡 BTC  | 观望 WAIT      | V4 硬闸 | $83,869.70 | R:R 0.0:1 | 止损 0.00% | TP1 0.00% TP2 0.00% | 闸门: 15min 数据不可用 | 
[2026-09-25 21:52:36] 🟡 ETH  | 观望 WAIT      | V4 硬闸 | $2,682.76 | R:R 0.0:1 | 止损 0.00% | TP1 0.00% TP2 0.00% | 闸门: 15min 数据不可用 | 
[2026-09-25 22:12:20] 🟡 BTC  | 观望 WAIT      | V4 硬闸 | $83,920.00 | R:R 0.0:1 | 止损 0.00% | TP1 0.00% TP2 0.00% | 闸门: 15min 数据不可用 | 
[2026-09-25 22:12:27] 🟡 ETH  | 观望 WAIT      | V4 硬闸 | $2,685.02 | R:R 0.0:1 | 止损 0.00% | TP1 0.00% TP2 0.00% | 闸门: 15min 数据不可用 | 
[2026-09-25 22:21:52] 🟡 BTC  | 观望 WAIT      | V4 硬闸 | $83,924.30 | R:R 0.0:1 | 止损 0.00% | TP1 0.00% TP2 0.00% | 闸门: 15min 数据不可用 | 
[2026-09-25 22:22:00] 🟡 ETH  | 观望 WAIT      | V4 硬闸 | $2,687.17 | R:R 0.0:1 | 止损 0.00% | TP1 0.00% TP2 0.00% | 闸门: 15min 数据不可用 | 
[2026-09-25 22:43:59] 🟡 BTC  | 观望 WAIT      | V4 硬闸 | $84,072.60 | R:R 0.0:1 | 止损 0.00% | TP1 0.00% TP2 0.00% | 闸门: 15min 数据不可用 | 
[2026-09-25 22:44:05] 🟡 ETH  | 观望 WAIT      | V4 硬闸 | $2,693.12 | R:R 0.0:1 | 止损 0.00% | TP1 0.00% TP2 0.00% | 闸门: 15min 数据不可用 | 
[2026-09-25 23:31:13] 🟡 BTC  | 观望 WAIT      | V4 硬闸 | $84,078.00 | R:R 0.0:1 | 止损 0.00% | TP1 0.00% TP2 0.00% | 闸门: 15min 数据不可用 | 
[2026-09-25 23:31:21] 🟡 ETH  | 观望 WAIT      | V4 硬闸 | $2,692.94 | R:R 0.0:1 | 止损 0.00% | TP1 0.00% TP2 0.00% | 闸门: 15min 数据不可用 | 
[2026-09-26 00:05:43] 🟡 BTC  | 观望 WAIT      | V4 硬闸 | $84,043.10 | R:R 0.0:1 | 止损 0.00% | TP1 0.00% TP2 0.00% | 闸门: 15min 数据不可用 | 
[2026-09-26 00:05:50] 🟡 ETH  | 观望 WAIT      | V4 硬闸 | $2,689.29 | R:R 0.0:1 | 止损 0.00% | TP1 0.00% TP2 0.00% | 闸门: 15min 数据不可用 | 
[2026-09-26 00:37:45] 🟡 BTC  | 观望 WAIT      | V4 硬闸 | $83,797.50 | R:R 0.0:1 | 止损 0.00% | TP1 0.00% TP2 0.00% | 闸门: 15min 数据不可用 | 
[2026-09-26 00:37:52] 🟡 ETH  | 观望 WAIT      | V4 硬闸 | $2,681.34 | R:R 0.0:1 | 止损 0.00% | TP1 0.00% TP2 0.00% | 闸门: 15min 数据不可用 | 
[2026-09-26 00:55:42] 🟡 BTC  | 观望 WAIT      | V4 硬闸 | $83,906.90 | R:R 0.0:1 | 止损 0.00% | TP1 0.00% TP2 0.00% | 闸门: 15min 数据不可用 | 
[2026-09-26 00:55:49] 🟡 ETH  | 观望 WAIT      | V4 硬闸 | $2,687.54 | R:R 0.0:1 | 止损 0.00% | TP1 0.00% TP2 0.00% | 闸门: 15min 数据不可用 | 
[2026-09-26 01:55:23] 🟡 BTC  | 观望 WAIT      | V4 硬闸 | $84,068.40 | R:R 0.0:1 | 止损 0.00% | TP1 0.00% TP2 0.00% | 闸门: 15min 数据不可用 | 
[2026-09-26 01:55:30] 🟡 ETH  | 观望 WAIT      | V4 硬闸 | $2,694.33 | R:R 0.0:1 | 止损 0.00% | TP1 0.00% TP2 0.00% | 闸门: 15min 数据不可用 | 
[2026-09-26 04:49:19] 🟡 BTC  | 观望 WAIT      | V4 硬闸 | $83,969.70 | R:R 0.0:1 | 止损 0.00% | TP1 0.00% TP2 0.00% | 闸门: 15min 数据不可用 | 
[2026-09-26 04:49:26] 🟡 ETH  | 观望 WAIT      | V4 硬闸 | $2,688.82 | R:R 0.0:1 | 止损 0.00% | TP1 0.00% TP2 0.00% | 闸门: 15min 数据不可用 | 
[2026-09-26 05:29:30] 🟡 BTC  | 观望 WAIT      | V4 硬闸 | $83,915.10 | R:R 0.0:1 | 止损 0.00% | TP1 0.00% TP2 0.00% | 闸门: 15min 数据不可用 | 
[2026-09-26 05:29:37] 🟡 ETH  | 观望 WAIT      | V4 硬闸 | $2,686.96 | R:R 0.0:1 | 止损 0.00% | TP1 0.00% TP2 0.00% | 闸门: 15min 数据不可用 | 
[2026-09-26 05:56:03] 🟡 BTC  | 观望 WAIT      | V4 硬闸 | $83,908.70 | R:R 0.0:1 | 止损 0.00% | TP1 0.00% TP2 0.00% | 闸门: 15min 数据不可用 | 
[2026-09-26 05:56:10] 🟡 ETH  | 观望 WAIT      | V4 硬闸 | $2,685.75 | R:R 0.0:1 | 止损 0.00% | TP1 0.00% TP2 0.00% | 闸门: 15min 数据不可用 | 
[2026-09-26 07:12:20] 🟡 BTC  | 观望 WAIT      | V4 硬闸 | $83,989.40 | R:R 0.0:1 | 止损 0.00% | TP1 0.00% TP2 0.00% | 闸门: 15min 数据不可用 | 
[2026-09-26 07:12:27] 🟡 ETH  | 观望 WAIT      | V4 硬闸 | $2,689.28 | R:R 0.0:1 | 止损 0.00% | TP1 0.00% TP2 0.00% | 闸门: 15min 数据不可用 | 
[2026-09-26 09:34:20] 🟡 BTC  | 观望 WAIT      | V4 硬闸 | $84,021.60 | R:R 0.0:1 | 止损 0.00% | TP1 0.00% TP2 0.00% | 闸门: 15min 数据不可用 | 
[2026-09-26 09:34:27] 🟡 ETH  | 观望 WAIT      | V4 硬闸 | $2,681.63 | R:R 0.0:1 | 止损 0.00% | TP1 0.00% TP2 0.00% | 闸门: 15min 数据不可用 | 
[2026-09-26 10:08:56] 🟡 BTC  | 观望 WAIT      | V4 硬闸 | $84,085.00 | R:R 0.0:1 | 止损 0.00% | TP1 0.00% TP2 0.00% | 闸门: 15min 数据不可用 | 
[2026-09-26 10:09:03] 🟡 ETH  | 观望 WAIT      | V4 硬闸 | $2,684.35 | R:R 0.0:1 | 止损 0.00% | TP1 0.00% TP2 0.00% | 闸门: 15min 数据不可用 | 
[2026-09-26 11:01:37] 🟡 BTC  | 观望 WAIT      | V4 硬闸 | $84,119.00 | R:R 0.0:1 | 止损 0.00% | TP1 0.00% TP2 0.00% | 闸门: 15min 数据不可用 | 
[2026-09-26 11:01:44] 🟡 ETH  | 观望 WAIT      | V4 硬闸 | $2,685.81 | R:R 0.0:1 | 止损 0.00% | TP1 0.00% TP2 0.00% | 闸门: 15min 数据不可用 | 
[2026-09-26 11:17:16] 🟡 BTC  | 观望 WAIT      | V4 硬闸 | $84,190.20 | R:R 0.0:1 | 止损 0.00% | TP1 0.00% TP2 0.00% | 闸门: 15min 数据不可用 | 
[2026-09-26 11:17:22] 🟡 ETH  | 观望 WAIT      | V4 硬闸 | $2,688.99 | R:R 0.0:1 | 止损 0.00% | TP1 0.00% TP2 0.00% | 闸门: 15min 数据不可用 | 
[2026-09-26 12:15:54] 🟡 BTC  | 观望 WAIT      | V4 硬闸 | $84,158.60 | R:R 0.0:1 | 止损 0.00% | TP1 0.00% TP2 0.00% | 闸门: 15min 数据不可用 | 
[2026-09-26 12:16:01] 🟡 ETH  | 观望 WAIT      | V4 硬闸 | $2,690.11 | R:R 0.0:1 | 止损 0.00% | TP1 0.00% TP2 0.00% | 闸门: 15min 数据不可用 | 
[2026-09-26 13:50:31] 🟡 BTC  | 观望 WAIT      | V4 硬闸 | $83,928.20 | R:R 0.0:1 | 止损 0.00% | TP1 0.00% TP2 0.00% | 闸门: 15min 数据不可用 | 
[2026-09-26 13:50:38] 🟡 ETH  | 观望 WAIT      | V4 硬闸 | $2,684.78 | R:R 0.0:1 | 止损 0.00% | TP1 0.00% TP2 0.00% | 闸门: 15min 数据不可用 | 
[2026-09-26 14:29:20] 🟡 BTC  | 观望 WAIT      | V4 硬闸 | $83,960.90 | R:R 0.0:1 | 止损 0.00% | TP1 0.00% TP2 0.00% | 闸门: 15min 数据不可用 | 
[2026-09-26 14:29:27] 🟡 ETH  | 观望 WAIT      | V4 硬闸 | $2,687.56 | R:R 0.0:1 | 止损 0.00% | TP1 0.00% TP2 0.00% | 闸门: 15min 数据不可用 | 
[2026-09-26 14:57:56] 🟡 BTC  | 观望 WAIT      | V4 硬闸 | $84,026.10 | R:R 0.0:1 | 止损 0.00% | TP1 0.00% TP2 0.00% | 闸门: 15min 数据不可用 | 
[2026-09-26 14:58:04] 🟡 ETH  | 观望 WAIT      | V4 硬闸 | $2,688.55 | R:R 0.0:1 | 止损 0.00% | TP1 0.00% TP2 0.00% | 闸门: 15min 数据不可用 | 
[2026-09-26 16:30:43] 🟡 BTC  | 观望 WAIT      | V4 硬闸 | $84,102.90 | R:R 0.0:1 | 止损 0.00% | TP1 0.00% TP2 0.00% | 闸门: 15min 数据不可用 | 
[2026-09-26 16:30:51] 🟡 ETH  | 观望 WAIT      | V4 硬闸 | $2,690.66 | R:R 0.0:1 | 止损 0.00% | TP1 0.00% TP2 0.00% | 闸门: 15min 数据不可用 | 
[2026-09-26 17:24:46] 🟡 BTC  | 观望 WAIT      | V4 硬闸 | $84,056.50 | R:R 0.0:1 | 止损 0.00% | TP1 0.00% TP2 0.00% | 闸门: 15min 数据不可用 | 
[2026-09-26 17:24:53] 🟡 ETH  | 观望 WAIT      | V4 硬闸 | $2,687.62 | R:R 0.0:1 | 止损 0.00% | TP1 0.00% TP2 0.00% | 闸门: 15min 数据不可用 | 
[2026-09-26 17:53:26] 🟡 BTC  | 观望 WAIT      | V4 硬闸 | $84,105.50 | R:R 0.0:1 | 止损 0.00% | TP1 0.00% TP2 0.00% | 闸门: 15min 数据不可用 | 
[2026-09-26 17:53:34] 🟡 ETH  | 观望 WAIT      | V4 硬闸 | $2,688.87 | R:R 0.0:1 | 止损 0.00% | TP1 0.00% TP2 0.00% | 闸门: 15min 数据不可用 | 
[2026-09-26 18:28:49] 🟡 BTC  | 观望 WAIT      | V4 硬闸 | $84,055.90 | R:R 0.0:1 | 止损 0.00% | TP1 0.00% TP2 0.00% | 闸门: 15min 数据不可用 | 
[2026-09-26 18:28:56] 🟡 ETH  | 观望 WAIT      | V4 硬闸 | $2,687.73 | R:R 0.0:1 | 止损 0.00% | TP1 0.00% TP2 0.00% | 闸门: 15min 数据不可用 | 
[2026-09-26 19:20:39] 🟡 BTC  | 观望 WAIT      | V4 硬闸 | $84,018.50 | R:R 0.0:1 | 止损 0.00% | TP1 0.00% TP2 0.00% | 闸门: 15min 数据不可用 | 
[2026-09-26 19:20:46] 🟡 ETH  | 观望 WAIT      | V4 硬闸 | $2,684.75 | R:R 0.0:1 | 止损 0.00% | TP1 0.00% TP2 0.00% | 闸门: 15min 数据不可用 | 
[2026-09-26 19:58:36] 🟡 BTC  | 观望 WAIT      | V4 硬闸 | $84,007.50 | R:R 0.0:1 | 止损 0.00% | TP1 0.00% TP2 0.00% | 闸门: 15min 数据不可用 | 
[2026-09-26 19:58:43] 🟡 ETH  | 观望 WAIT      | V4 硬闸 | $2,684.00 | R:R 0.0:1 | 止损 0.00% | TP1 0.00% TP2 0.00% | 闸门: 15min 数据不可用 | 
[2026-09-26 20:14:57] 🟡 BTC  | 观望 WAIT      | V4 硬闸 | $84,001.20 | R:R 0.0:1 | 止损 0.00% | TP1 0.00% TP2 0.00% | 闸门: 15min 数据不可用 | 
[2026-09-26 20:15:04] 🟡 ETH  | 观望 WAIT      | V4 硬闸 | $2,681.23 | R:R 0.0:1 | 止损 0.00% | TP1 0.00% TP2 0.00% | 闸门: 15min 数据不可用 | 
[2026-09-26 20:59:54] 🟡 BTC  | 观望 WAIT      | V4 硬闸 | $84,014.40 | R:R 0.0:1 | 止损 0.00% | TP1 0.00% TP2 0.00% | 闸门: 15min 数据不可用 | 
[2026-09-26 21:00:01] 🟡 ETH  | 观望 WAIT      | V4 硬闸 | $2,676.06 | R:R 0.0:1 | 止损 0.00% | TP1 0.00% TP2 0.00% | 闸门: 15min 数据不可用 | 
[2026-09-26 21:26:28] 🟡 BTC  | 观望 WAIT      | V4 硬闸 | $84,147.40 | R:R 0.0:1 | 止损 0.00% | TP1 0.00% TP2 0.00% | 闸门: 15min 数据不可用 | 
[2026-09-26 21:26:36] 🟡 ETH  | 观望 WAIT      | V4 硬闸 | $2,682.87 | R:R 0.0:1 | 止损 0.00% | TP1 0.00% TP2 0.00% | 闸门: 15min 数据不可用 | 
[2026-09-26 22:02:02] 🟡 BTC  | 观望 WAIT      | V4 硬闸 | $84,189.00 | R:R 0.0:1 | 止损 0.00% | TP1 0.00% TP2 0.00% | 闸门: 15min 数据不可用 | 
[2026-09-26 22:02:08] 🟡 ETH  | 观望 WAIT      | V4 硬闸 | $2,686.58 | R:R 0.0:1 | 止损 0.00% | TP1 0.00% TP2 0.00% | 闸门: 15min 数据不可用 | 
[2026-09-26 22:19:30] 🟡 BTC  | 观望 WAIT      | V4 硬闸 | $84,270.30 | R:R 0.0:1 | 止损 0.00% | TP1 0.00% TP2 0.00% | 闸门: 15min 数据不可用 | 
[2026-09-26 22:19:37] 🟡 ETH  | 观望 WAIT      | V4 硬闸 | $2,687.60 | R:R 0.0:1 | 止损 0.00% | TP1 0.00% TP2 0.00% | 闸门: 15min 数据不可用 | 
[2026-09-26 22:39:20] 🟡 BTC  | 观望 WAIT      | V4 硬闸 | $84,248.00 | R:R 0.0:1 | 止损 0.00% | TP1 0.00% TP2 0.00% | 闸门: 15min 数据不可用 | 
[2026-09-26 22:39:27] 🟡 ETH  | 观望 WAIT      | V4 硬闸 | $2,686.90 | R:R 0.0:1 | 止损 0.00% | TP1 0.00% TP2 0.00% | 闸门: 15min 数据不可用 | 
[2026-09-26 22:51:42] 🟡 BTC  | 观望 WAIT      | V4 硬闸 | $84,305.60 | R:R 0.0:1 | 止损 0.00% | TP1 0.00% TP2 0.00% | 闸门: 15min 数据不可用 | 
[2026-09-26 22:51:50] 🟡 ETH  | 观望 WAIT      | V4 硬闸 | $2,689.57 | R:R 0.0:1 | 止损 0.00% | TP1 0.00% TP2 0.00% | 闸门: 15min 数据不可用 | 
[2026-09-26 23:29:12] 🟡 BTC  | 观望 WAIT      | V4 硬闸 | $84,358.40 | R:R 0.0:1 | 止损 0.00% | TP1 0.00% TP2 0.00% | 闸门: 15min 数据不可用 | 
[2026-09-26 23:29:19] 🟡 ETH  | 观望 WAIT      | V4 硬闸 | $2,693.36 | R:R 0.0:1 | 止损 0.00% | TP1 0.00% TP2 0.00% | 闸门: 15min 数据不可用 | 
[2026-09-26 23:46:28] 🟡 BTC  | 观望 WAIT      | V4 硬闸 | $84,410.00 | R:R 0.0:1 | 止损 0.00% | TP1 0.00% TP2 0.00% | 闸门: 15min 入场 Setup 不满足 | 
[2026-09-26 23:46:31] 🟢 ETH  | 做多 LONG      | V4 硬闸 | $2,694.18 | R:R 0.8:1 | 止损 1.29% | TP1 1.93% TP2 0.07% | 闸门: 多头排列 | 回调至 15min EMA50 (偏离 0.23%)
[2026-09-27 00:29:36] 🟡 BTC  | 观望 WAIT      | V4 硬闸 | $84,240.70 | R:R 0.0:1 | 止损 0.00% | TP1 0.00% TP2 0.00% | 闸门: 15min 数据不可用 | 
[2026-09-27 00:29:43] 🟡 ETH  | 观望 WAIT      | V4 硬闸 | $2,691.32 | R:R 0.0:1 | 止损 0.00% | TP1 0.00% TP2 0.00% | 闸门: 15min 数据不可用 | 
[2026-09-27 00:40:50] 🟡 BTC  | 观望 WAIT      | V4 硬闸 | $84,335.40 | R:R 0.0:1 | 止损 0.00% | TP1 0.00% TP2 0.00% | 闸门: 15min 数据不可用 | 
[2026-09-27 00:40:57] 🟡 ETH  | 观望 WAIT      | V4 硬闸 | $2,694.93 | R:R 0.0:1 | 止损 0.00% | TP1 0.00% TP2 0.00% | 闸门: 15min 数据不可用 | 
[2026-09-27 00:51:50] 🟡 BTC  | 观望 WAIT      | V4 硬闸 | $84,302.30 | R:R 0.0:1 | 止损 0.00% | TP1 0.00% TP2 0.00% | 闸门: 15min 数据不可用 | 
[2026-09-27 00:51:57] 🟡 ETH  | 观望 WAIT      | V4 硬闸 | $2,693.56 | R:R 0.0:1 | 止损 0.00% | TP1 0.00% TP2 0.00% | 闸门: 15min 数据不可用 | 
[2026-09-27 01:42:04] 🟡 BTC  | 观望 WAIT      | V4 硬闸 | $84,365.40 | R:R 0.0:1 | 止损 0.00% | TP1 0.00% TP2 0.00% | 闸门: 15min 数据不可用 | 
[2026-09-27 01:42:11] 🟡 ETH  | 观望 WAIT      | V4 硬闸 | $2,693.65 | R:R 0.0:1 | 止损 0.00% | TP1 0.00% TP2 0.00% | 闸门: 15min 数据不可用 | 
[2026-09-27 01:54:12] 🟡 BTC  | 观望 WAIT      | V4 硬闸 | $84,502.90 | R:R 0.0:1 | 止损 0.00% | TP1 0.00% TP2 0.00% | 闸门: 15min 数据不可用 | 
[2026-09-27 01:54:19] 🟡 ETH  | 观望 WAIT      | V4 硬闸 | $2,702.66 | R:R 0.0:1 | 止损 0.00% | TP1 0.00% TP2 0.00% | 闸门: 15min 数据不可用 | 
[2026-09-27 02:24:13] 🟡 BTC  | 观望 WAIT      | V4 硬闸 | $84,509.70 | R:R 0.0:1 | 止损 0.00% | TP1 0.00% TP2 0.00% | 闸门: 15min 数据不可用 | 
[2026-09-27 02:24:20] 🟡 ETH  | 观望 WAIT      | V4 硬闸 | $2,703.32 | R:R 0.0:1 | 止损 0.00% | TP1 0.00% TP2 0.00% | 闸门: 15min 数据不可用 | 
[2026-09-27 05:39:23] 🟡 BTC  | 观望 WAIT      | V4 硬闸 | $84,588.60 | R:R 0.0:1 | 止损 0.00% | TP1 0.00% TP2 0.00% | 闸门: 15min 数据不可用 | 
[2026-09-27 05:39:31] 🟡 ETH  | 观望 WAIT      | V4 硬闸 | $2,706.87 | R:R 0.0:1 | 止损 0.00% | TP1 0.00% TP2 0.00% | 闸门: 15min 数据不可用 | 
[2026-09-27 05:53:35] 🟡 BTC  | 观望 WAIT      | V4 硬闸 | $84,475.10 | R:R 0.0:1 | 止损 0.00% | TP1 0.00% TP2 0.00% | 闸门: 15min 数据不可用 | 
[2026-09-27 05:53:42] 🟡 ETH  | 观望 WAIT      | V4 硬闸 | $2,704.37 | R:R 0.0:1 | 止损 0.00% | TP1 0.00% TP2 0.00% | 闸门: 15min 数据不可用 | 
[2026-09-27 06:10:49] 🟡 BTC  | 观望 WAIT      | V4 硬闸 | $84,573.70 | R:R 0.0:1 | 止损 0.00% | TP1 0.00% TP2 0.00% | 闸门: 15min 数据不可用 | 
[2026-09-27 06:10:56] 🟡 ETH  | 观望 WAIT      | V4 硬闸 | $2,709.03 | R:R 0.0:1 | 止损 0.00% | TP1 0.00% TP2 0.00% | 闸门: 15min 数据不可用 | 
[2026-09-27 07:05:46] 🟡 BTC  | 观望 WAIT      | V4 硬闸 | $84,526.50 | R:R 0.0:1 | 止损 0.00% | TP1 0.00% TP2 0.00% | 闸门: 15min 数据不可用 | 
[2026-09-27 07:05:53] 🟡 ETH  | 观望 WAIT      | V4 硬闸 | $2,707.64 | R:R 0.0:1 | 止损 0.00% | TP1 0.00% TP2 0.00% | 闸门: 15min 数据不可用 | 
[2026-09-27 07:35:48] 🟡 BTC  | 观望 WAIT      | V4 硬闸 | $84,543.60 | R:R 0.0:1 | 止损 0.00% | TP1 0.00% TP2 0.00% | 闸门: 15min 数据不可用 | 
[2026-09-27 07:35:55] 🟡 ETH  | 观望 WAIT      | V4 硬闸 | $2,709.43 | R:R 0.0:1 | 止损 0.00% | TP1 0.00% TP2 0.00% | 闸门: 15min 数据不可用 | 
[2026-09-27 08:28:01] 🟡 BTC  | 观望 WAIT      | V4 硬闸 | $84,762.20 | R:R 0.0:1 | 止损 0.00% | TP1 0.00% TP2 0.00% | 闸门: 15min 数据不可用 | 
[2026-09-27 08:28:08] 🟡 ETH  | 观望 WAIT      | V4 硬闸 | $2,715.25 | R:R 0.0:1 | 止损 0.00% | TP1 0.00% TP2 0.00% | 闸门: 15min 数据不可用 | 
[2026-09-27 10:44:38] 🟡 BTC  | 观望 WAIT      | V4 硬闸 | $84,835.80 | R:R 0.0:1 | 止损 0.00% | TP1 0.00% TP2 0.00% | 闸门: 15min 数据不可用 | 
[2026-09-27 10:44:45] 🟡 ETH  | 观望 WAIT      | V4 硬闸 | $2,708.95 | R:R 0.0:1 | 止损 0.00% | TP1 0.00% TP2 0.00% | 闸门: 15min 数据不可用 | 
[2026-09-27 10:56:40] 🟡 BTC  | 观望 WAIT      | V4 硬闸 | $84,838.10 | R:R 0.0:1 | 止损 0.00% | TP1 0.00% TP2 0.00% | 闸门: 15min 数据不可用 | 
[2026-09-27 10:56:47] 🟡 ETH  | 观望 WAIT      | V4 硬闸 | $2,709.52 | R:R 0.0:1 | 止损 0.00% | TP1 0.00% TP2 0.00% | 闸门: 15min 数据不可用 | 
[2026-09-27 12:03:13] 🟡 BTC  | 观望 WAIT      | V4 硬闸 | $84,934.90 | R:R 0.0:1 | 止损 0.00% | TP1 0.00% TP2 0.00% | 闸门: 15min 数据不可用 | 
[2026-09-27 12:03:20] 🟡 ETH  | 观望 WAIT      | V4 硬闸 | $2,711.94 | R:R 0.0:1 | 止损 0.00% | TP1 0.00% TP2 0.00% | 闸门: 15min 数据不可用 | 
[2026-09-27 13:00:19] 🟡 BTC  | 观望 WAIT      | V4 硬闸 | $84,730.90 | R:R 0.0:1 | 止损 0.00% | TP1 0.00% TP2 0.00% | 闸门: 15min 数据不可用 | 
[2026-09-27 13:00:25] 🟡 ETH  | 观望 WAIT      | V4 硬闸 | $2,705.14 | R:R 0.0:1 | 止损 0.00% | TP1 0.00% TP2 0.00% | 闸门: 15min 数据不可用 | 
[2026-09-27 13:17:27] 🟡 BTC  | 观望 WAIT      | V4 硬闸 | $84,730.40 | R:R 0.0:1 | 止损 0.00% | TP1 0.00% TP2 0.00% | 闸门: 15min 数据不可用 | 
[2026-09-27 13:17:35] 🟡 ETH  | 观望 WAIT      | V4 硬闸 | $2,701.91 | R:R 0.0:1 | 止损 0.00% | TP1 0.00% TP2 0.00% | 闸门: 15min 数据不可用 | 
[2026-09-27 14:14:46] 🟡 BTC  | 观望 WAIT      | V4 硬闸 | $84,984.50 | R:R 0.0:1 | 止损 0.00% | TP1 0.00% TP2 0.00% | 闸门: 15min 数据不可用 | 
[2026-09-27 14:14:53] 🟡 ETH  | 观望 WAIT      | V4 硬闸 | $2,706.26 | R:R 0.0:1 | 止损 0.00% | TP1 0.00% TP2 0.00% | 闸门: 15min 数据不可用 | 
[2026-09-27 15:19:02] 🟡 BTC  | 观望 WAIT      | V4 硬闸 | $84,546.00 | R:R 0.0:1 | 止损 0.00% | TP1 0.00% TP2 0.00% | 闸门: 15min 数据不可用 | 
[2026-09-27 15:19:09] 🟡 ETH  | 观望 WAIT      | V4 硬闸 | $2,690.46 | R:R 0.0:1 | 止损 0.00% | TP1 0.00% TP2 0.00% | 闸门: 15min 数据不可用 | 
[2026-09-27 15:30:20] 🟡 BTC  | 观望 WAIT      | V4 硬闸 | $84,570.80 | R:R 0.0:1 | 止损 0.00% | TP1 0.00% TP2 0.00% | 闸门: 15min 数据不可用 | 
[2026-09-27 15:30:27] 🟡 ETH  | 观望 WAIT      | V4 硬闸 | $2,688.68 | R:R 0.0:1 | 止损 0.00% | TP1 0.00% TP2 0.00% | 闸门: 15min 数据不可用 | 
[2026-09-27 16:53:01] 🟡 BTC  | 观望 WAIT      | V4 硬闸 | $84,428.80 | R:R 0.0:1 | 止损 0.00% | TP1 0.00% TP2 0.00% | 闸门: 15min 数据不可用 | 
[2026-09-27 16:53:08] 🟡 ETH  | 观望 WAIT      | V4 硬闸 | $2,687.29 | R:R 0.0:1 | 止损 0.00% | TP1 0.00% TP2 0.00% | 闸门: 15min 数据不可用 | 
[2026-09-27 17:39:20] 🟡 BTC  | 观望 WAIT      | V4 硬闸 | $84,475.60 | R:R 0.0:1 | 止损 0.00% | TP1 0.00% TP2 0.00% | 闸门: 15min 数据不可用 | 
[2026-09-27 17:39:27] 🟡 ETH  | 观望 WAIT      | V4 硬闸 | $2,687.36 | R:R 0.0:1 | 止损 0.00% | TP1 0.00% TP2 0.00% | 闸门: 15min 数据不可用 | 
[2026-09-27 17:49:22] 🟡 BTC  | 观望 WAIT      | V4 硬闸 | $84,532.80 | R:R 0.0:1 | 止损 0.00% | TP1 0.00% TP2 0.00% | 闸门: 15min 数据不可用 | 
[2026-09-27 17:49:29] 🟡 ETH  | 观望 WAIT      | V4 硬闸 | $2,690.12 | R:R 0.0:1 | 止损 0.00% | TP1 0.00% TP2 0.00% | 闸门: 15min 数据不可用 | 
[2026-09-27 18:29:50] 🟡 BTC  | 观望 WAIT      | V4 硬闸 | $84,724.10 | R:R 0.0:1 | 止损 0.00% | TP1 0.00% TP2 0.00% | 闸门: 15min 数据不可用 | 
[2026-09-27 18:29:57] 🟡 ETH  | 观望 WAIT      | V4 硬闸 | $2,697.10 | R:R 0.0:1 | 止损 0.00% | TP1 0.00% TP2 0.00% | 闸门: 15min 数据不可用 | 
[2026-09-27 19:00:24] 🟡 BTC  | 观望 WAIT      | V4 硬闸 | $84,802.90 | R:R 0.0:1 | 止损 0.00% | TP1 0.00% TP2 0.00% | 闸门: 15min 数据不可用 | 
[2026-09-27 19:00:31] 🟡 ETH  | 观望 WAIT      | V4 硬闸 | $2,697.15 | R:R 0.0:1 | 止损 0.00% | TP1 0.00% TP2 0.00% | 闸门: 15min 数据不可用 | 
[2026-09-27 19:13:08] 🟡 BTC  | 观望 WAIT      | V4 硬闸 | $84,785.80 | R:R 0.0:1 | 止损 0.00% | TP1 0.00% TP2 0.00% | 闸门: 15min 数据不可用 | 
[2026-09-27 19:13:15] 🟡 ETH  | 观望 WAIT      | V4 硬闸 | $2,694.50 | R:R 0.0:1 | 止损 0.00% | TP1 0.00% TP2 0.00% | 闸门: 15min 数据不可用 | 
[2026-09-27 19:53:51] 🟡 BTC  | 观望 WAIT      | V4 硬闸 | $84,728.90 | R:R 0.0:1 | 止损 0.00% | TP1 0.00% TP2 0.00% | 闸门: 15min 数据不可用 | 
[2026-09-27 19:53:58] 🟡 ETH  | 观望 WAIT      | V4 硬闸 | $2,691.93 | R:R 0.0:1 | 止损 0.00% | TP1 0.00% TP2 0.00% | 闸门: 15min 数据不可用 | 
[2026-09-27 20:24:02] 🟡 BTC  | 观望 WAIT      | V4 硬闸 | $84,613.10 | R:R 0.0:1 | 止损 0.00% | TP1 0.00% TP2 0.00% | 闸门: 15min 数据不可用 | 
[2026-09-27 20:24:09] 🟡 ETH  | 观望 WAIT      | V4 硬闸 | $2,689.13 | R:R 0.0:1 | 止损 0.00% | TP1 0.00% TP2 0.00% | 闸门: 15min 数据不可用 | 
[2026-09-27 21:33:38] 🟡 BTC  | 观望 WAIT      | V4 硬闸 | $84,590.10 | R:R 0.0:1 | 止损 0.00% | TP1 0.00% TP2 0.00% | 闸门: 15min 数据不可用 | 
[2026-09-27 21:33:45] 🟡 ETH  | 观望 WAIT      | V4 硬闸 | $2,686.21 | R:R 0.0:1 | 止损 0.00% | TP1 0.00% TP2 0.00% | 闸门: 15min 数据不可用 | 
[2026-09-27 21:51:31] 🟡 BTC  | 观望 WAIT      | V4 硬闸 | $84,663.00 | R:R 0.0:1 | 止损 0.00% | TP1 0.00% TP2 0.00% | 闸门: 15min 数据不可用 | 
[2026-09-27 21:51:38] 🟡 ETH  | 观望 WAIT      | V4 硬闸 | $2,684.26 | R:R 0.0:1 | 止损 0.00% | TP1 0.00% TP2 0.00% | 闸门: 15min 数据不可用 | 
[2026-09-27 22:09:03] 🟡 BTC  | 观望 WAIT      | V4 硬闸 | $84,376.80 | R:R 0.0:1 | 止损 0.00% | TP1 0.00% TP2 0.00% | 闸门: 15min 数据不可用 | 
[2026-09-27 22:09:10] 🟡 ETH  | 观望 WAIT      | V4 硬闸 | $2,675.16 | R:R 0.0:1 | 止损 0.00% | TP1 0.00% TP2 0.00% | 闸门: 15min 数据不可用 | 
[2026-09-27 22:37:04] 🟡 BTC  | 观望 WAIT      | V4 硬闸 | $84,192.70 | R:R 0.0:1 | 止损 0.00% | TP1 0.00% TP2 0.00% | 闸门: 15min 数据不可用 | 
[2026-09-27 22:37:11] 🟡 ETH  | 观望 WAIT      | V4 硬闸 | $2,672.70 | R:R 0.0:1 | 止损 0.00% | TP1 0.00% TP2 0.00% | 闸门: 15min 数据不可用 | 
[2026-09-27 23:11:43] 🟡 BTC  | 观望 WAIT      | V4 硬闸 | $84,174.10 | R:R 0.0:1 | 止损 0.00% | TP1 0.00% TP2 0.00% | 闸门: 15min 数据不可用 | 
[2026-09-27 23:11:50] 🟡 ETH  | 观望 WAIT      | V4 硬闸 | $2,675.54 | R:R 0.0:1 | 止损 0.00% | TP1 0.00% TP2 0.00% | 闸门: 15min 数据不可用 | 
[2026-09-27 23:21:17] 🟡 BTC  | 观望 WAIT      | V4 硬闸 | $84,312.20 | R:R 0.0:1 | 止损 0.00% | TP1 0.00% TP2 0.00% | 闸门: 15min 数据不可用 | 
[2026-09-27 23:21:25] 🟡 ETH  | 观望 WAIT      | V4 硬闸 | $2,681.50 | R:R 0.0:1 | 止损 0.00% | TP1 0.00% TP2 0.00% | 闸门: 15min 数据不可用 | 
[2026-09-27 23:56:44] 🟡 BTC  | 观望 WAIT      | V4 硬闸 | $84,500.00 | R:R 0.0:1 | 止损 0.00% | TP1 0.00% TP2 0.00% | 闸门: 15min 数据不可用 | 
[2026-09-27 23:56:52] 🟡 ETH  | 观望 WAIT      | V4 硬闸 | $2,689.99 | R:R 0.0:1 | 止损 0.00% | TP1 0.00% TP2 0.00% | 闸门: 15min 数据不可用 | 
[2026-09-28 00:45:26] 🟡 BTC  | 观望 WAIT      | V4 硬闸 | $84,324.60 | R:R 0.0:1 | 止损 0.00% | TP1 0.00% TP2 0.00% | 闸门: 15min 数据不可用 | 
[2026-09-28 00:45:33] 🟡 ETH  | 观望 WAIT      | V4 硬闸 | $2,680.35 | R:R 0.0:1 | 止损 0.00% | TP1 0.00% TP2 0.00% | 闸门: 15min 数据不可用 | 
[2026-09-28 01:07:56] 🟡 BTC  | 观望 WAIT      | V4 硬闸 | $84,177.70 | R:R 0.0:1 | 止损 0.00% | TP1 0.00% TP2 0.00% | 闸门: 15min 数据不可用 | 
[2026-09-28 01:08:04] 🟡 ETH  | 观望 WAIT      | V4 硬闸 | $2,678.38 | R:R 0.0:1 | 止损 0.00% | TP1 0.00% TP2 0.00% | 闸门: 15min 数据不可用 | 
[2026-09-28 01:39:35] 🟡 BTC  | 观望 WAIT      | V4 硬闸 | $83,871.70 | R:R 0.0:1 | 止损 0.00% | TP1 0.00% TP2 0.00% | 闸门: 15min 数据不可用 | 
[2026-09-28 01:39:42] 🟡 ETH  | 观望 WAIT      | V4 硬闸 | $2,667.44 | R:R 0.0:1 | 止损 0.00% | TP1 0.00% TP2 0.00% | 闸门: 15min 数据不可用 | 
[2026-09-28 01:49:36] 🟡 BTC  | 观望 WAIT      | V4 硬闸 | $83,711.80 | R:R 0.0:1 | 止损 0.00% | TP1 0.00% TP2 0.00% | 闸门: 15min 数据不可用 | 
[2026-09-28 01:49:43] 🟡 ETH  | 观望 WAIT      | V4 硬闸 | $2,656.03 | R:R 0.0:1 | 止损 0.00% | TP1 0.00% TP2 0.00% | 闸门: 15min 数据不可用 | 
[2026-09-28 04:21:16] 🟡 BTC  | 观望 WAIT      | V4 硬闸 | $83,477.10 | R:R 0.0:1 | 止损 0.00% | TP1 0.00% TP2 0.00% | 闸门: 15min 数据不可用 | 
[2026-09-28 04:21:23] 🟡 ETH  | 观望 WAIT      | V4 硬闸 | $2,657.51 | R:R 0.0:1 | 止损 0.00% | TP1 0.00% TP2 0.00% | 闸门: 15min 数据不可用 | 
[2026-09-28 05:05:39] 🟡 BTC  | 观望 WAIT      | V4 硬闸 | $83,406.60 | R:R 0.0:1 | 止损 0.00% | TP1 0.00% TP2 0.00% | 闸门: 15min 数据不可用 | 
[2026-09-28 05:05:46] 🟡 ETH  | 观望 WAIT      | V4 硬闸 | $2,656.00 | R:R 0.0:1 | 止损 0.00% | TP1 0.00% TP2 0.00% | 闸门: 15min 数据不可用 | 
[2026-09-28 05:55:48] 🟡 BTC  | 观望 WAIT      | V4 硬闸 | $83,095.70 | R:R 0.0:1 | 止损 0.00% | TP1 0.00% TP2 0.00% | 闸门: 15min 数据不可用 | 
[2026-09-28 05:55:55] 🟡 ETH  | 观望 WAIT      | V4 硬闸 | $2,648.49 | R:R 0.0:1 | 止损 0.00% | TP1 0.00% TP2 0.00% | 闸门: 15min 数据不可用 | 
[2026-09-28 06:44:27] 🟡 BTC  | 观望 WAIT      | V4 硬闸 | $83,184.10 | R:R 0.0:1 | 止损 0.00% | TP1 0.00% TP2 0.00% | 闸门: 15min 数据不可用 | 
[2026-09-28 06:44:34] 🟡 ETH  | 观望 WAIT      | V4 硬闸 | $2,651.14 | R:R 0.0:1 | 止损 0.00% | TP1 0.00% TP2 0.00% | 闸门: 15min 数据不可用 | 
[2026-09-28 07:38:27] 🟡 BTC  | 观望 WAIT      | V4 硬闸 | $82,948.70 | R:R 0.0:1 | 止损 0.00% | TP1 0.00% TP2 0.00% | 闸门: 15min 数据不可用 | 
[2026-09-28 07:38:34] 🟡 ETH  | 观望 WAIT      | V4 硬闸 | $2,644.40 | R:R 0.0:1 | 止损 0.00% | TP1 0.00% TP2 0.00% | 闸门: 15min 数据不可用 | 
[2026-09-28 11:01:46] 🟡 BTC  | 观望 WAIT      | V4 硬闸 | $82,971.30 | R:R 0.0:1 | 止损 0.00% | TP1 0.00% TP2 0.00% | 闸门: 15min 数据不可用 | 
[2026-09-28 11:01:53] 🟡 ETH  | 观望 WAIT      | V4 硬闸 | $2,658.16 | R:R 0.0:1 | 止损 0.00% | TP1 0.00% TP2 0.00% | 闸门: 15min 数据不可用 | 
[2026-09-28 11:39:32] 🟡 BTC  | 观望 WAIT      | V4 硬闸 | $83,035.30 | R:R 0.0:1 | 止损 0.00% | TP1 0.00% TP2 0.00% | 闸门: 15min 数据不可用 | 
[2026-09-28 11:39:39] 🟡 ETH  | 观望 WAIT      | V4 硬闸 | $2,666.61 | R:R 0.0:1 | 止损 0.00% | TP1 0.00% TP2 0.00% | 闸门: 15min 数据不可用 | 
[2026-09-28 12:39:23] 🟡 BTC  | 观望 WAIT      | V4 硬闸 | $83,301.20 | R:R 0.0:1 | 止损 0.00% | TP1 0.00% TP2 0.00% | 闸门: 15min 数据不可用 | 
[2026-09-28 12:39:30] 🟡 ETH  | 观望 WAIT      | V4 硬闸 | $2,677.62 | R:R 0.0:1 | 止损 0.00% | TP1 0.00% TP2 0.00% | 闸门: 15min 数据不可用 | 
[2026-09-28 13:41:09] 🟡 BTC  | 观望 WAIT      | V4 硬闸 | $83,710.60 | R:R 0.0:1 | 止损 0.00% | TP1 0.00% TP2 0.00% | 闸门: 15min 数据不可用 | 
[2026-09-28 13:41:17] 🟡 ETH  | 观望 WAIT      | V4 硬闸 | $2,696.02 | R:R 0.0:1 | 止损 0.00% | TP1 0.00% TP2 0.00% | 闸门: 15min 数据不可用 | 
[2026-09-28 14:30:15] 🟡 BTC  | 观望 WAIT      | V4 硬闸 | $83,228.10 | R:R 0.0:1 | 止损 0.00% | TP1 0.00% TP2 0.00% | 闸门: 15min 数据不可用 | 
[2026-09-28 14:30:23] 🟡 ETH  | 观望 WAIT      | V4 硬闸 | $2,673.88 | R:R 0.0:1 | 止损 0.00% | TP1 0.00% TP2 0.00% | 闸门: 15min 数据不可用 | 
[2026-09-28 15:58:25] 🟡 BTC  | 观望 WAIT      | V4 硬闸 | $83,348.60 | R:R 0.0:1 | 止损 0.00% | TP1 0.00% TP2 0.00% | 闸门: 15min 数据不可用 | 
[2026-09-28 15:58:32] 🟡 ETH  | 观望 WAIT      | V4 硬闸 | $2,677.97 | R:R 0.0:1 | 止损 0.00% | TP1 0.00% TP2 0.00% | 闸门: 15min 数据不可用 | 
[2026-09-28 18:32:19] 🟡 BTC  | 观望 WAIT      | V4 硬闸 | $83,833.10 | R:R 0.0:1 | 止损 0.00% | TP1 0.00% TP2 0.00% | 闸门: 15min 数据不可用 | 
[2026-09-28 18:32:26] 🟡 ETH  | 观望 WAIT      | V4 硬闸 | $2,689.01 | R:R 0.0:1 | 止损 0.00% | TP1 0.00% TP2 0.00% | 闸门: 15min 数据不可用 | 
[2026-09-28 18:43:55] 🟡 BTC  | 观望 WAIT      | V4 硬闸 | $83,809.40 | R:R 0.0:1 | 止损 0.00% | TP1 0.00% TP2 0.00% | 闸门: 15min 数据不可用 | 
[2026-09-28 18:44:03] 🟡 ETH  | 观望 WAIT      | V4 硬闸 | $2,688.21 | R:R 0.0:1 | 止损 0.00% | TP1 0.00% TP2 0.00% | 闸门: 15min 数据不可用 | 
[2026-09-28 19:49:57] 🟡 BTC  | 观望 WAIT      | V4 硬闸 | $83,253.40 | R:R 0.0:1 | 止损 0.00% | TP1 0.00% TP2 0.00% | 闸门: 15min 数据不可用 | 
[2026-09-28 19:50:04] 🟡 ETH  | 观望 WAIT      | V4 硬闸 | $2,670.07 | R:R 0.0:1 | 止损 0.00% | TP1 0.00% TP2 0.00% | 闸门: 15min 数据不可用 | 
[2026-09-28 20:14:48] 🟡 BTC  | 观望 WAIT      | V4 硬闸 | $83,537.50 | R:R 0.0:1 | 止损 0.00% | TP1 0.00% TP2 0.00% | 闸门: 15min 数据不可用 | 
[2026-09-28 20:14:54] 🟡 ETH  | 观望 WAIT      | V4 硬闸 | $2,684.85 | R:R 0.0:1 | 止损 0.00% | TP1 0.00% TP2 0.00% | 闸门: 15min 数据不可用 | 
[2026-09-28 20:40:11] 🟡 BTC  | 观望 WAIT      | V4 硬闸 | $83,524.50 | R:R 0.0:1 | 止损 0.00% | TP1 0.00% TP2 0.00% | 闸门: 15min 数据不可用 | 
[2026-09-28 20:40:19] 🟡 ETH  | 观望 WAIT      | V4 硬闸 | $2,681.35 | R:R 0.0:1 | 止损 0.00% | TP1 0.00% TP2 0.00% | 闸门: 15min 数据不可用 | 
[2026-09-28 21:48:36] 🟡 BTC  | 观望 WAIT      | V4 硬闸 | $83,354.40 | R:R 0.0:1 | 止损 0.00% | TP1 0.00% TP2 0.00% | 闸门: 15min 数据不可用 | 
[2026-09-28 21:48:43] 🟡 ETH  | 观望 WAIT      | V4 硬闸 | $2,676.70 | R:R 0.0:1 | 止损 0.00% | TP1 0.00% TP2 0.00% | 闸门: 15min 数据不可用 | 
[2026-09-28 23:27:06] 🟡 BTC  | 观望 WAIT      | V4 硬闸 | $83,538.60 | R:R 0.0:1 | 止损 0.00% | TP1 0.00% TP2 0.00% | 闸门: 15min 数据不可用 | 
[2026-09-28 23:27:13] 🟡 ETH  | 观望 WAIT      | V4 硬闸 | $2,689.98 | R:R 0.0:1 | 止损 0.00% | TP1 0.00% TP2 0.00% | 闸门: 15min 数据不可用 | 
[2026-09-28 23:58:54] 🟡 BTC  | 观望 WAIT      | V4 硬闸 | $83,497.40 | R:R 0.0:1 | 止损 0.00% | TP1 0.00% TP2 0.00% | 闸门: 15min 数据不可用 | 
[2026-09-28 23:59:01] 🟡 ETH  | 观望 WAIT      | V4 硬闸 | $2,687.97 | R:R 0.0:1 | 止损 0.00% | TP1 0.00% TP2 0.00% | 闸门: 15min 数据不可用 | 
[2026-09-29 00:24:54] 🟡 BTC  | 观望 WAIT      | V4 硬闸 | $83,338.70 | R:R 0.0:1 | 止损 0.00% | TP1 0.00% TP2 0.00% | 闸门: 15min 数据不可用 | 
[2026-09-29 00:25:01] 🟡 ETH  | 观望 WAIT      | V4 硬闸 | $2,682.30 | R:R 0.0:1 | 止损 0.00% | TP1 0.00% TP2 0.00% | 闸门: 15min 数据不可用 | 
[2026-09-29 01:18:44] 🟡 BTC  | 观望 WAIT      | V4 硬闸 | $82,870.50 | R:R 0.0:1 | 止损 0.00% | TP1 0.00% TP2 0.00% | 闸门: 15min 数据不可用 | 
[2026-09-29 01:18:52] 🟡 ETH  | 观望 WAIT      | V4 硬闸 | $2,665.62 | R:R 0.0:1 | 止损 0.00% | TP1 0.00% TP2 0.00% | 闸门: 15min 数据不可用 | 
[2026-09-29 01:32:53] 🟡 BTC  | 观望 WAIT      | V4 硬闸 | $82,839.90 | R:R 0.0:1 | 止损 0.00% | TP1 0.00% TP2 0.00% | 闸门: 15min 数据不可用 | 
[2026-09-29 01:33:00] 🟡 ETH  | 观望 WAIT      | V4 硬闸 | $2,662.09 | R:R 0.0:1 | 止损 0.00% | TP1 0.00% TP2 0.00% | 闸门: 15min 数据不可用 | 
[2026-09-29 02:37:45] 🟡 BTC  | 观望 WAIT      | V4 硬闸 | $82,899.80 | R:R 0.0:1 | 止损 0.00% | TP1 0.00% TP2 0.00% | 闸门: 15min 数据不可用 | 
[2026-09-29 02:37:53] 🟡 ETH  | 观望 WAIT      | V4 硬闸 | $2,654.53 | R:R 0.0:1 | 止损 0.00% | TP1 0.00% TP2 0.00% | 闸门: 15min 数据不可用 | 
[2026-09-29 04:51:43] 🟡 BTC  | 观望 WAIT      | V4 硬闸 | $83,111.80 | R:R 0.0:1 | 止损 0.00% | TP1 0.00% TP2 0.00% | 闸门: 15min 数据不可用 | 
[2026-09-29 04:51:51] 🟡 ETH  | 观望 WAIT      | V4 硬闸 | $2,664.30 | R:R 0.0:1 | 止损 0.00% | TP1 0.00% TP2 0.00% | 闸门: 15min 数据不可用 | 
[2026-09-29 06:00:07] 🟡 BTC  | 观望 WAIT      | V4 硬闸 | $83,404.20 | R:R 0.0:1 | 止损 0.00% | TP1 0.00% TP2 0.00% | 闸门: 15min 数据不可用 | 
[2026-09-29 06:00:15] 🟡 ETH  | 观望 WAIT      | V4 硬闸 | $2,676.08 | R:R 0.0:1 | 止损 0.00% | TP1 0.00% TP2 0.00% | 闸门: 15min 数据不可用 | 
[2026-09-29 07:01:48] 🟡 BTC  | 观望 WAIT      | V4 硬闸 | $83,844.60 | R:R 0.0:1 | 止损 0.00% | TP1 0.00% TP2 0.00% | 闸门: 15min 数据不可用 | 
[2026-09-29 07:01:55] 🟡 ETH  | 观望 WAIT      | V4 硬闸 | $2,699.92 | R:R 0.0:1 | 止损 0.00% | TP1 0.00% TP2 0.00% | 闸门: 15min 数据不可用 | 
[2026-09-29 07:28:23] 🟡 BTC  | 观望 WAIT      | V4 硬闸 | $84,023.16 | R:R 0.0:1 | 止损 0.00% | TP1 0.00% TP2 0.00% | 闸门: 15min 入场 Setup 不满足 | 
[2026-09-29 07:28:27] 🟡 ETH  | 观望 WAIT      | V4 硬闸 | $2,715.67 | R:R 0.0:1 | 止损 0.00% | TP1 0.00% TP2 0.00% | 闸门: 15min 入场 Setup 不满足 | 
[2026-09-29 08:59:30] 🟡 BTC  | 观望 WAIT      | V4 硬闸 | $83,847.40 | R:R 0.0:1 | 止损 0.00% | TP1 0.00% TP2 0.00% | 闸门: 15min 数据不可用 | 
[2026-09-29 08:59:38] 🟡 ETH  | 观望 WAIT      | V4 硬闸 | $2,707.96 | R:R 0.0:1 | 止损 0.00% | TP1 0.00% TP2 0.00% | 闸门: 15min 数据不可用 | 
[2026-09-29 10:56:13] 🟡 BTC  | 观望 WAIT      | V4 硬闸 | $84,037.00 | R:R 0.0:1 | 止损 0.00% | TP1 0.00% TP2 0.00% | 闸门: 15min 数据不可用 | 
[2026-09-29 10:56:20] 🟡 ETH  | 观望 WAIT      | V4 硬闸 | $2,712.23 | R:R 0.0:1 | 止损 0.00% | TP1 0.00% TP2 0.00% | 闸门: 15min 数据不可用 | 
[2026-09-29 12:40:52] 🟡 BTC  | 观望 WAIT      | V4 硬闸 | $84,368.10 | R:R 0.0:1 | 止损 0.00% | TP1 0.00% TP2 0.00% | 闸门: 15min 数据不可用 | 
[2026-09-29 12:40:59] 🟡 ETH  | 观望 WAIT      | V4 硬闸 | $2,739.96 | R:R 0.0:1 | 止损 0.00% | TP1 0.00% TP2 0.00% | 闸门: 15min 数据不可用 | 
[2026-09-29 13:58:36] 🟡 BTC  | 观望 WAIT      | V4 硬闸 | $84,230.00 | R:R 0.0:1 | 止损 0.00% | TP1 0.00% TP2 0.00% | 闸门: 15min 数据不可用 | 
[2026-09-29 13:58:44] 🟡 ETH  | 观望 WAIT      | V4 硬闸 | $2,727.56 | R:R 0.0:1 | 止损 0.00% | TP1 0.00% TP2 0.00% | 闸门: 15min 数据不可用 | 
[2026-09-29 14:17:02] 🟡 BTC  | 观望 WAIT      | V4 硬闸 | $83,865.80 | R:R 0.0:1 | 止损 0.00% | TP1 0.00% TP2 0.00% | 闸门: 15min 数据不可用 | 
[2026-09-29 14:17:09] 🟡 ETH  | 观望 WAIT      | V4 硬闸 | $2,713.99 | R:R 0.0:1 | 止损 0.00% | TP1 0.00% TP2 0.00% | 闸门: 15min 数据不可用 | 
[2026-09-29 15:21:37] 🟡 BTC  | 观望 WAIT      | V4 硬闸 | $83,263.80 | R:R 0.0:1 | 止损 0.00% | TP1 0.00% TP2 0.00% | 闸门: 15min 数据不可用 | 
[2026-09-29 15:21:45] 🟡 ETH  | 观望 WAIT      | V4 硬闸 | $2,687.05 | R:R 0.0:1 | 止损 0.00% | TP1 0.00% TP2 0.00% | 闸门: 15min 数据不可用 | 
[2026-09-29 15:46:54] 🟡 BTC  | 观望 WAIT      | V4 硬闸 | $83,100.00 | R:R 0.0:1 | 止损 0.00% | TP1 0.00% TP2 0.00% | 闸门: 15min 数据不可用 | 
[2026-09-29 15:47:01] 🟡 ETH  | 观望 WAIT      | V4 硬闸 | $2,678.37 | R:R 0.0:1 | 止损 0.00% | TP1 0.00% TP2 0.00% | 闸门: 15min 数据不可用 | 
[2026-09-29 16:44:23] 🟡 BTC  | 观望 WAIT      | V4 硬闸 | $83,035.20 | R:R 0.0:1 | 止损 0.00% | TP1 0.00% TP2 0.00% | 闸门: 15min 数据不可用 | 
[2026-09-29 16:44:29] 🟡 ETH  | 观望 WAIT      | V4 硬闸 | $2,672.38 | R:R 0.0:1 | 止损 0.00% | TP1 0.00% TP2 0.00% | 闸门: 15min 数据不可用 | 
[2026-09-29 18:16:42] 🟡 BTC  | 观望 WAIT      | V4 硬闸 | $83,455.40 | R:R 0.0:1 | 止损 0.00% | TP1 0.00% TP2 0.00% | 闸门: 15min 数据不可用 | 
[2026-09-29 18:16:49] 🟡 ETH  | 观望 WAIT      | V4 硬闸 | $2,686.32 | R:R 0.0:1 | 止损 0.00% | TP1 0.00% TP2 0.00% | 闸门: 15min 数据不可用 | 
[2026-09-29 19:16:19] 🟡 BTC  | 观望 WAIT      | V4 硬闸 | $83,564.70 | R:R 0.0:1 | 止损 0.00% | TP1 0.00% TP2 0.00% | 闸门: 15min 数据不可用 | 
[2026-09-29 19:16:26] 🟡 ETH  | 观望 WAIT      | V4 硬闸 | $2,695.19 | R:R 0.0:1 | 止损 0.00% | TP1 0.00% TP2 0.00% | 闸门: 15min 数据不可用 | 
[2026-09-29 19:29:05] 🟡 BTC  | 观望 WAIT      | V4 硬闸 | $83,508.70 | R:R 0.0:1 | 止损 0.00% | TP1 0.00% TP2 0.00% | 闸门: 15min 数据不可用 | 
[2026-09-29 19:29:13] 🟡 ETH  | 观望 WAIT      | V4 硬闸 | $2,694.35 | R:R 0.0:1 | 止损 0.00% | TP1 0.00% TP2 0.00% | 闸门: 15min 数据不可用 | 
[2026-09-29 20:02:26] 🟡 BTC  | 观望 WAIT      | V4 硬闸 | $83,505.40 | R:R 0.0:1 | 止损 0.00% | TP1 0.00% TP2 0.00% | 闸门: 15min 数据不可用 | 
[2026-09-29 20:02:33] 🟡 ETH  | 观望 WAIT      | V4 硬闸 | $2,686.66 | R:R 0.0:1 | 止损 0.00% | TP1 0.00% TP2 0.00% | 闸门: 15min 数据不可用 | 
[2026-09-29 20:16:18] 🟡 BTC  | 观望 WAIT      | V4 硬闸 | $83,535.50 | R:R 0.0:1 | 止损 0.00% | TP1 0.00% TP2 0.00% | 闸门: 15min 数据不可用 | 
[2026-09-29 20:16:25] 🟡 ETH  | 观望 WAIT      | V4 硬闸 | $2,690.08 | R:R 0.0:1 | 止损 0.00% | TP1 0.00% TP2 0.00% | 闸门: 15min 数据不可用 | 
[2026-09-29 21:04:00] 🟡 BTC  | 观望 WAIT      | V4 硬闸 | $83,503.30 | R:R 0.0:1 | 止损 0.00% | TP1 0.00% TP2 0.00% | 闸门: 15min 数据不可用 | 
[2026-09-29 21:04:07] 🟡 ETH  | 观望 WAIT      | V4 硬闸 | $2,685.41 | R:R 0.0:1 | 止损 0.00% | TP1 0.00% TP2 0.00% | 闸门: 15min 数据不可用 | 
[2026-09-29 22:17:10] 🟡 BTC  | 观望 WAIT      | V4 硬闸 | $83,540.40 | R:R 0.0:1 | 止损 0.00% | TP1 0.00% TP2 0.00% | 闸门: 15min 数据不可用 | 
[2026-09-29 22:17:17] 🟡 ETH  | 观望 WAIT      | V4 硬闸 | $2,678.43 | R:R 0.0:1 | 止损 0.00% | TP1 0.00% TP2 0.00% | 闸门: 15min 数据不可用 | 
[2026-09-29 23:02:20] 🟡 BTC  | 观望 WAIT      | V4 硬闸 | $83,631.30 | R:R 0.0:1 | 止损 0.00% | TP1 0.00% TP2 0.00% | 闸门: 15min 数据不可用 | 
[2026-09-29 23:02:28] 🟡 ETH  | 观望 WAIT      | V4 硬闸 | $2,682.24 | R:R 0.0:1 | 止损 0.00% | TP1 0.00% TP2 0.00% | 闸门: 15min 数据不可用 | 
[2026-09-29 23:34:52] 🟡 BTC  | 观望 WAIT      | V4 硬闸 | $83,676.30 | R:R 0.0:1 | 止损 0.00% | TP1 0.00% TP2 0.00% | 闸门: 15min 数据不可用 | 
[2026-09-29 23:34:59] 🟡 ETH  | 观望 WAIT      | V4 硬闸 | $2,677.67 | R:R 0.0:1 | 止损 0.00% | TP1 0.00% TP2 0.00% | 闸门: 15min 数据不可用 | 
[2026-09-29 23:47:18] 🟡 BTC  | 观望 WAIT      | V4 硬闸 | $83,665.50 | R:R 0.0:1 | 止损 0.00% | TP1 0.00% TP2 0.00% | 闸门: 15min 数据不可用 | 
[2026-09-29 23:47:25] 🟡 ETH  | 观望 WAIT      | V4 硬闸 | $2,677.05 | R:R 0.0:1 | 止损 0.00% | TP1 0.00% TP2 0.00% | 闸门: 15min 数据不可用 | 
[2026-09-30 00:20:03] 🟡 BTC  | 观望 WAIT      | V4 硬闸 | $83,403.60 | R:R 0.0:1 | 止损 0.00% | TP1 0.00% TP2 0.00% | 闸门: 15min 数据不可用 | 
[2026-09-30 00:20:10] 🟡 ETH  | 观望 WAIT      | V4 硬闸 | $2,668.72 | R:R 0.0:1 | 止损 0.00% | TP1 0.00% TP2 0.00% | 闸门: 15min 数据不可用 | 
[2026-09-30 01:18:54] 🟡 BTC  | 观望 WAIT      | V4 硬闸 | $83,391.40 | R:R 0.0:1 | 止损 0.00% | TP1 0.00% TP2 0.00% | 闸门: 15min 数据不可用 | 
[2026-09-30 01:19:00] 🟡 ETH  | 观望 WAIT      | V4 硬闸 | $2,671.20 | R:R 0.0:1 | 止损 0.00% | TP1 0.00% TP2 0.00% | 闸门: 15min 数据不可用 | 
[2026-09-30 02:00:44] 🟡 BTC  | 观望 WAIT      | V4 硬闸 | $83,428.10 | R:R 0.0:1 | 止损 0.00% | TP1 0.00% TP2 0.00% | 闸门: 15min 数据不可用 | 
[2026-09-30 02:00:52] 🟡 ETH  | 观望 WAIT      | V4 硬闸 | $2,672.59 | R:R 0.0:1 | 止损 0.00% | TP1 0.00% TP2 0.00% | 闸门: 15min 数据不可用 | 
[2026-09-30 02:19:29] 🟡 BTC  | 观望 WAIT      | V4 硬闸 | $83,375.50 | R:R 0.0:1 | 止损 0.00% | TP1 0.00% TP2 0.00% | 闸门: 15min 数据不可用 | 
[2026-09-30 02:19:37] 🟡 ETH  | 观望 WAIT      | V4 硬闸 | $2,668.32 | R:R 0.0:1 | 止损 0.00% | TP1 0.00% TP2 0.00% | 闸门: 15min 数据不可用 | 
[2026-09-30 02:28:45] 🟡 BTC  | 观望 WAIT      | V4 硬闸 | $83,395.70 | R:R 0.0:1 | 止损 0.00% | TP1 0.00% TP2 0.00% | 闸门: 15min 数据不可用 | 
[2026-09-30 02:28:52] 🟡 ETH  | 观望 WAIT      | V4 硬闸 | $2,668.05 | R:R 0.0:1 | 止损 0.00% | TP1 0.00% TP2 0.00% | 闸门: 15min 数据不可用 | 
[2026-09-30 05:43:14] 🟡 BTC  | 观望 WAIT      | V4 硬闸 | $83,417.40 | R:R 0.0:1 | 止损 0.00% | TP1 0.00% TP2 0.00% | 闸门: 15min 数据不可用 | 
[2026-09-30 05:43:21] 🟡 ETH  | 观望 WAIT      | V4 硬闸 | $2,675.87 | R:R 0.0:1 | 止损 0.00% | TP1 0.00% TP2 0.00% | 闸门: 15min 数据不可用 | 
[2026-09-30 06:47:53] 🟡 BTC  | 观望 WAIT      | V4 硬闸 | $82,970.00 | R:R 0.0:1 | 止损 0.00% | TP1 0.00% TP2 0.00% | 闸门: 15min 数据不可用 | 
[2026-09-30 06:48:00] 🟡 ETH  | 观望 WAIT      | V4 硬闸 | $2,657.99 | R:R 0.0:1 | 止损 0.00% | TP1 0.00% TP2 0.00% | 闸门: 15min 数据不可用 | 
[2026-09-30 07:09:55] 🟡 BTC  | 观望 WAIT      | V4 硬闸 | $82,998.40 | R:R 0.0:1 | 止损 0.00% | TP1 0.00% TP2 0.00% | 闸门: 15min 数据不可用 | 
[2026-09-30 07:10:02] 🟡 ETH  | 观望 WAIT      | V4 硬闸 | $2,662.25 | R:R 0.0:1 | 止损 0.00% | TP1 0.00% TP2 0.00% | 闸门: 15min 数据不可用 | 
[2026-09-30 08:19:27] 🟡 BTC  | 观望 WAIT      | V4 硬闸 | $83,195.80 | R:R 0.0:1 | 止损 0.00% | TP1 0.00% TP2 0.00% | 闸门: 15min 数据不可用 | 
[2026-09-30 08:19:34] 🟡 ETH  | 观望 WAIT      | V4 硬闸 | $2,669.03 | R:R 0.0:1 | 止损 0.00% | TP1 0.00% TP2 0.00% | 闸门: 15min 数据不可用 | 
[2026-09-30 08:28:57] 🟡 BTC  | 观望 WAIT      | V4 硬闸 | $83,126.10 | R:R 0.0:1 | 止损 0.00% | TP1 0.00% TP2 0.00% | 闸门: 15min 数据不可用 | 
[2026-09-30 08:29:04] 🟡 ETH  | 观望 WAIT      | V4 硬闸 | $2,669.48 | R:R 0.0:1 | 止损 0.00% | TP1 0.00% TP2 0.00% | 闸门: 15min 数据不可用 | 
[2026-09-30 08:39:42] 🟡 BTC  | 观望 WAIT      | V4 硬闸 | $83,101.40 | R:R 0.0:1 | 止损 0.00% | TP1 0.00% TP2 0.00% | 闸门: 15min 数据不可用 | 
[2026-09-30 08:39:49] 🟡 ETH  | 观望 WAIT      | V4 硬闸 | $2,668.22 | R:R 0.0:1 | 止损 0.00% | TP1 0.00% TP2 0.00% | 闸门: 15min 数据不可用 | 
[2026-09-30 08:56:57] 🟡 BTC  | 观望 WAIT      | V4 硬闸 | $83,017.80 | R:R 0.0:1 | 止损 0.00% | TP1 0.00% TP2 0.00% | 闸门: 15min 数据不可用 | 
[2026-09-30 08:57:04] 🟡 ETH  | 观望 WAIT      | V4 硬闸 | $2,669.84 | R:R 0.0:1 | 止损 0.00% | TP1 0.00% TP2 0.00% | 闸门: 15min 数据不可用 | 
[2026-09-30 11:22:07] 🟡 BTC  | 观望 WAIT      | V4 硬闸 | $83,701.00 | R:R 0.0:1 | 止损 0.00% | TP1 0.00% TP2 0.00% | 闸门: 15min 数据不可用 | 
[2026-09-30 11:22:15] 🟡 ETH  | 观望 WAIT      | V4 硬闸 | $2,686.85 | R:R 0.0:1 | 止损 0.00% | TP1 0.00% TP2 0.00% | 闸门: 15min 数据不可用 | 
[2026-09-30 13:02:08] 🟡 BTC  | 观望 WAIT      | V4 硬闸 | $85,119.80 | R:R 0.0:1 | 止损 0.00% | TP1 0.00% TP2 0.00% | 闸门: 15min 数据不可用 | 
[2026-09-30 13:02:15] 🟡 ETH  | 观望 WAIT      | V4 硬闸 | $2,726.76 | R:R 0.0:1 | 止损 0.00% | TP1 0.00% TP2 0.00% | 闸门: 15min 数据不可用 | 
[2026-09-30 13:44:10] 🟡 BTC  | 观望 WAIT      | V4 硬闸 | $84,467.50 | R:R 0.0:1 | 止损 0.00% | TP1 0.00% TP2 0.00% | 闸门: 15min 数据不可用 | 
[2026-09-30 13:44:18] 🟡 ETH  | 观望 WAIT      | V4 硬闸 | $2,702.28 | R:R 0.0:1 | 止损 0.00% | TP1 0.00% TP2 0.00% | 闸门: 15min 数据不可用 | 
[2026-09-30 15:00:02] 🟡 BTC  | 观望 WAIT      | V4 硬闸 | $83,734.20 | R:R 0.0:1 | 止损 0.00% | TP1 0.00% TP2 0.00% | 闸门: 15min 数据不可用 | 
[2026-09-30 15:00:09] 🟡 ETH  | 观望 WAIT      | V4 硬闸 | $2,676.05 | R:R 0.0:1 | 止损 0.00% | TP1 0.00% TP2 0.00% | 闸门: 15min 数据不可用 | 
[2026-09-30 15:13:01] 🟡 BTC  | 观望 WAIT      | V4 硬闸 | $83,885.00 | R:R 0.0:1 | 止损 0.00% | TP1 0.00% TP2 0.00% | 闸门: 15min 数据不可用 | 
[2026-09-30 15:13:08] 🟡 ETH  | 观望 WAIT      | V4 硬闸 | $2,680.86 | R:R 0.0:1 | 止损 0.00% | TP1 0.00% TP2 0.00% | 闸门: 15min 数据不可用 | 
[2026-09-30 15:49:58] 🟡 BTC  | 观望 WAIT      | V4 硬闸 | $84,225.20 | R:R 0.0:1 | 止损 0.00% | TP1 0.00% TP2 0.00% | 闸门: 15min 数据不可用 | 
[2026-09-30 15:50:04] 🟡 ETH  | 观望 WAIT      | V4 硬闸 | $2,687.47 | R:R 0.0:1 | 止损 0.00% | TP1 0.00% TP2 0.00% | 闸门: 15min 数据不可用 | 
[2026-09-30 16:52:12] 🟡 BTC  | 观望 WAIT      | V4 硬闸 | $84,328.90 | R:R 0.0:1 | 止损 0.00% | TP1 0.00% TP2 0.00% | 闸门: 15min 数据不可用 | 
[2026-09-30 16:52:19] 🟡 ETH  | 观望 WAIT      | V4 硬闸 | $2,691.05 | R:R 0.0:1 | 止损 0.00% | TP1 0.00% TP2 0.00% | 闸门: 15min 数据不可用 | 
[2026-09-30 18:23:47] 🟡 BTC  | 观望 WAIT      | V4 硬闸 | $83,893.10 | R:R 0.0:1 | 止损 0.00% | TP1 0.00% TP2 0.00% | 闸门: 15min 数据不可用 | 
[2026-09-30 18:23:54] 🟡 ETH  | 观望 WAIT      | V4 硬闸 | $2,678.77 | R:R 0.0:1 | 止损 0.00% | TP1 0.00% TP2 0.00% | 闸门: 15min 数据不可用 | 
[2026-09-30 18:36:20] 🟡 BTC  | 观望 WAIT      | V4 硬闸 | $83,804.30 | R:R 0.0:1 | 止损 0.00% | TP1 0.00% TP2 0.00% | 闸门: 15min 数据不可用 | 
[2026-09-30 18:36:27] 🟡 ETH  | 观望 WAIT      | V4 硬闸 | $2,675.28 | R:R 0.0:1 | 止损 0.00% | TP1 0.00% TP2 0.00% | 闸门: 15min 数据不可用 | 
[2026-09-30 19:55:46] 🟡 BTC  | 观望 WAIT      | V4 硬闸 | $83,516.80 | R:R 0.0:1 | 止损 0.00% | TP1 0.00% TP2 0.00% | 闸门: 15min 数据不可用 | 
[2026-09-30 19:55:54] 🟡 ETH  | 观望 WAIT      | V4 硬闸 | $2,669.00 | R:R 0.0:1 | 止损 0.00% | TP1 0.00% TP2 0.00% | 闸门: 15min 数据不可用 | 
[2026-09-30 20:04:27] 🟡 BTC  | 观望 WAIT      | V4 硬闸 | $83,557.00 | R:R 0.0:1 | 止损 0.00% | TP1 0.00% TP2 0.00% | 闸门: 15min 数据不可用 | 
[2026-09-30 20:04:34] 🟡 ETH  | 观望 WAIT      | V4 硬闸 | $2,670.15 | R:R 0.0:1 | 止损 0.00% | TP1 0.00% TP2 0.00% | 闸门: 15min 数据不可用 | 
[2026-09-30 20:23:05] 🟡 BTC  | 观望 WAIT      | V4 硬闸 | $83,678.60 | R:R 0.0:1 | 止损 0.00% | TP1 0.00% TP2 0.00% | 闸门: 15min 数据不可用 | 
[2026-09-30 20:23:13] 🟡 ETH  | 观望 WAIT      | V4 硬闸 | $2,678.45 | R:R 0.0:1 | 止损 0.00% | TP1 0.00% TP2 0.00% | 闸门: 15min 数据不可用 | 
[2026-09-30 21:03:44] 🟡 BTC  | 观望 WAIT      | V4 硬闸 | $83,700.90 | R:R 0.0:1 | 止损 0.00% | TP1 0.00% TP2 0.00% | 闸门: 15min 数据不可用 | 
[2026-09-30 21:03:51] 🟡 ETH  | 观望 WAIT      | V4 硬闸 | $2,681.80 | R:R 0.0:1 | 止损 0.00% | TP1 0.00% TP2 0.00% | 闸门: 15min 数据不可用 | 
[2026-09-30 22:24:44] 🟡 BTC  | 观望 WAIT      | V4 硬闸 | $83,721.20 | R:R 0.0:1 | 止损 0.00% | TP1 0.00% TP2 0.00% | 闸门: 15min 数据不可用 | 
[2026-09-30 22:24:52] 🟡 ETH  | 观望 WAIT      | V4 硬闸 | $2,684.62 | R:R 0.0:1 | 止损 0.00% | TP1 0.00% TP2 0.00% | 闸门: 15min 数据不可用 | 
[2026-09-30 22:37:06] 🟡 BTC  | 观望 WAIT      | V4 硬闸 | $83,779.70 | R:R 0.0:1 | 止损 0.00% | TP1 0.00% TP2 0.00% | 闸门: 15min 数据不可用 | 
[2026-09-30 22:37:13] 🟡 ETH  | 观望 WAIT      | V4 硬闸 | $2,689.79 | R:R 0.0:1 | 止损 0.00% | TP1 0.00% TP2 0.00% | 闸门: 15min 数据不可用 | 
[2026-09-30 23:34:09] 🟡 BTC  | 观望 WAIT      | V4 硬闸 | $83,521.30 | R:R 0.0:1 | 止损 0.00% | TP1 0.00% TP2 0.00% | 闸门: 15min 数据不可用 | 
[2026-09-30 23:34:16] 🟡 ETH  | 观望 WAIT      | V4 硬闸 | $2,684.64 | R:R 0.0:1 | 止损 0.00% | TP1 0.00% TP2 0.00% | 闸门: 15min 数据不可用 | 
[2026-09-30 23:43:56] 🟡 BTC  | 观望 WAIT      | V4 硬闸 | $83,569.50 | R:R 0.0:1 | 止损 0.00% | TP1 0.00% TP2 0.00% | 闸门: 15min 数据不可用 | 
[2026-09-30 23:44:04] 🟡 ETH  | 观望 WAIT      | V4 硬闸 | $2,687.86 | R:R 0.0:1 | 止损 0.00% | TP1 0.00% TP2 0.00% | 闸门: 15min 数据不可用 | 
[2026-10-01 00:03:20] 🟡 BTC  | 观望 WAIT      | V4 硬闸 | $83,474.90 | R:R 0.0:1 | 止损 0.00% | TP1 0.00% TP2 0.00% | 闸门: 15min 数据不可用 | 
[2026-10-01 00:03:27] 🟡 ETH  | 观望 WAIT      | V4 硬闸 | $2,681.91 | R:R 0.0:1 | 止损 0.00% | TP1 0.00% TP2 0.00% | 闸门: 15min 数据不可用 | 
[2026-10-01 00:30:18] 🟡 BTC  | 观望 WAIT      | V4 硬闸 | $83,405.50 | R:R 0.0:1 | 止损 0.00% | TP1 0.00% TP2 0.00% | 闸门: 15min 数据不可用 | 
[2026-10-01 00:30:26] 🟡 ETH  | 观望 WAIT      | V4 硬闸 | $2,679.41 | R:R 0.0:1 | 止损 0.00% | TP1 0.00% TP2 0.00% | 闸门: 15min 数据不可用 | 
[2026-10-01 01:21:24] 🟡 BTC  | 观望 WAIT      | V4 硬闸 | $83,634.60 | R:R 0.0:1 | 止损 0.00% | TP1 0.00% TP2 0.00% | 闸门: 15min 数据不可用 | 
[2026-10-01 01:21:31] 🟡 ETH  | 观望 WAIT      | V4 硬闸 | $2,689.96 | R:R 0.0:1 | 止损 0.00% | TP1 0.00% TP2 0.00% | 闸门: 15min 数据不可用 | 
[2026-10-01 01:34:04] 🟡 BTC  | 观望 WAIT      | V4 硬闸 | $83,505.00 | R:R 0.0:1 | 止损 0.00% | TP1 0.00% TP2 0.00% | 闸门: 15min 数据不可用 | 
[2026-10-01 01:34:11] 🟡 ETH  | 观望 WAIT      | V4 硬闸 | $2,688.63 | R:R 0.0:1 | 止损 0.00% | TP1 0.00% TP2 0.00% | 闸门: 15min 数据不可用 | 
[2026-10-01 02:20:00] 🟡 BTC  | 观望 WAIT      | V4 硬闸 | $83,467.10 | R:R 0.0:1 | 止损 0.00% | TP1 0.00% TP2 0.00% | 闸门: 15min 数据不可用 | 
[2026-10-01 02:20:06] 🟡 ETH  | 观望 WAIT      | V4 硬闸 | $2,684.50 | R:R 0.0:1 | 止损 0.00% | TP1 0.00% TP2 0.00% | 闸门: 15min 数据不可用 | 
[2026-10-01 02:29:14] 🟡 BTC  | 观望 WAIT      | V4 硬闸 | $83,452.90 | R:R 0.0:1 | 止损 0.00% | TP1 0.00% TP2 0.00% | 闸门: 15min 数据不可用 | 
[2026-10-01 02:29:22] 🟡 ETH  | 观望 WAIT      | V4 硬闸 | $2,685.63 | R:R 0.0:1 | 止损 0.00% | TP1 0.00% TP2 0.00% | 闸门: 15min 数据不可用 | 
[2026-10-01 05:43:56] 🟡 BTC  | 观望 WAIT      | V4 硬闸 | $84,178.50 | R:R 0.0:1 | 止损 0.00% | TP1 0.00% TP2 0.00% | 闸门: 15min 数据不可用 | 
[2026-10-01 05:44:04] 🟡 ETH  | 观望 WAIT      | V4 硬闸 | $2,713.70 | R:R 0.0:1 | 止损 0.00% | TP1 0.00% TP2 0.00% | 闸门: 15min 数据不可用 | 
[2026-10-01 06:25:28] 🟡 BTC  | 观望 WAIT      | V4 硬闸 | $84,262.20 | R:R 0.0:1 | 止损 0.00% | TP1 0.00% TP2 0.00% | 闸门: 15min 数据不可用 | 
[2026-10-01 06:25:35] 🟡 ETH  | 观望 WAIT      | V4 硬闸 | $2,717.54 | R:R 0.0:1 | 止损 0.00% | TP1 0.00% TP2 0.00% | 闸门: 15min 数据不可用 | 
[2026-10-01 07:17:08] 🟡 BTC  | 观望 WAIT      | V4 硬闸 | $84,012.10 | R:R 0.0:1 | 止损 0.00% | TP1 0.00% TP2 0.00% | 闸门: 15min 数据不可用 | 
[2026-10-01 07:17:15] 🟡 ETH  | 观望 WAIT      | V4 硬闸 | $2,710.99 | R:R 0.0:1 | 止损 0.00% | TP1 0.00% TP2 0.00% | 闸门: 15min 数据不可用 | 
[2026-10-01 07:45:59] 🟡 BTC  | 观望 WAIT      | V4 硬闸 | $83,545.90 | R:R 0.0:1 | 止损 0.00% | TP1 0.00% TP2 0.00% | 闸门: 15min 数据不可用 | 
[2026-10-01 07:46:06] 🟡 ETH  | 观望 WAIT      | V4 硬闸 | $2,681.25 | R:R 0.0:1 | 止损 0.00% | TP1 0.00% TP2 0.00% | 闸门: 15min 数据不可用 | 
[2026-10-01 09:03:31] 🟡 BTC  | 观望 WAIT      | V4 硬闸 | $83,526.00 | R:R 0.0:1 | 止损 0.00% | TP1 0.00% TP2 0.00% | 闸门: 15min 数据不可用 | 
[2026-10-01 09:03:38] 🟡 ETH  | 观望 WAIT      | V4 硬闸 | $2,685.51 | R:R 0.0:1 | 止损 0.00% | TP1 0.00% TP2 0.00% | 闸门: 15min 数据不可用 | 
[2026-10-01 09:20:55] 🟡 BTC  | 观望 WAIT      | V4 硬闸 | $83,671.60 | R:R 0.0:1 | 止损 0.00% | TP1 0.00% TP2 0.00% | 闸门: 15min 数据不可用 | 
[2026-10-01 09:21:02] 🟡 ETH  | 观望 WAIT      | V4 硬闸 | $2,688.44 | R:R 0.0:1 | 止损 0.00% | TP1 0.00% TP2 0.00% | 闸门: 15min 数据不可用 | 
[2026-10-01 11:51:21] 🟡 BTC  | 观望 WAIT      | V4 硬闸 | $83,969.60 | R:R 0.0:1 | 止损 0.00% | TP1 0.00% TP2 0.00% | 闸门: 15min 数据不可用 | 
[2026-10-01 11:51:28] 🟡 ETH  | 观望 WAIT      | V4 硬闸 | $2,705.52 | R:R 0.0:1 | 止损 0.00% | TP1 0.00% TP2 0.00% | 闸门: 15min 数据不可用 | 
[2026-10-01 13:39:39] 🟡 BTC  | 观望 WAIT      | V4 硬闸 | $83,881.00 | R:R 0.0:1 | 止损 0.00% | TP1 0.00% TP2 0.00% | 闸门: 15min 数据不可用 | 
[2026-10-01 13:39:46] 🟡 ETH  | 观望 WAIT      | V4 硬闸 | $2,696.44 | R:R 0.0:1 | 止损 0.00% | TP1 0.00% TP2 0.00% | 闸门: 15min 数据不可用 | 
[2026-10-01 14:29:45] 🟡 BTC  | 观望 WAIT      | V4 硬闸 | $84,114.10 | R:R 0.0:1 | 止损 0.00% | TP1 0.00% TP2 0.00% | 闸门: 15min 数据不可用 | 
[2026-10-01 14:29:52] 🟡 ETH  | 观望 WAIT      | V4 硬闸 | $2,696.91 | R:R 0.0:1 | 止损 0.00% | TP1 0.00% TP2 0.00% | 闸门: 15min 数据不可用 | 
[2026-10-01 14:49:43] 🟡 BTC  | 观望 WAIT      | V4 硬闸 | $83,866.10 | R:R 0.0:1 | 止损 0.00% | TP1 0.00% TP2 0.00% | 闸门: 15min 数据不可用 | 
[2026-10-01 14:49:50] 🟡 ETH  | 观望 WAIT      | V4 硬闸 | $2,686.32 | R:R 0.0:1 | 止损 0.00% | TP1 0.00% TP2 0.00% | 闸门: 15min 数据不可用 | 
[2026-10-01 16:17:27] 🟡 BTC  | 观望 WAIT      | V4 硬闸 | $84,309.90 | R:R 0.0:1 | 止损 0.00% | TP1 0.00% TP2 0.00% | 闸门: 15min 数据不可用 | 
[2026-10-01 16:17:35] 🟡 ETH  | 观望 WAIT      | V4 硬闸 | $2,685.09 | R:R 0.0:1 | 止损 0.00% | TP1 0.00% TP2 0.00% | 闸门: 15min 数据不可用 | 
[2026-10-01 16:33:31] 🟡 BTC  | 观望 WAIT      | V4 硬闸 | $84,399.90 | R:R 0.0:1 | 止损 0.00% | TP1 0.00% TP2 0.00% | 闸门: 15min 数据不可用 | 
[2026-10-01 16:33:39] 🟡 ETH  | 观望 WAIT      | V4 硬闸 | $2,689.61 | R:R 0.0:1 | 止损 0.00% | TP1 0.00% TP2 0.00% | 闸门: 15min 数据不可用 | 
[2026-10-01 17:47:43] 🟡 BTC  | 观望 WAIT      | V4 硬闸 | $84,985.40 | R:R 0.0:1 | 止损 0.00% | TP1 0.00% TP2 0.00% | 闸门: 15min 数据不可用 | 
[2026-10-01 17:47:50] 🟡 ETH  | 观望 WAIT      | V4 硬闸 | $2,706.60 | R:R 0.0:1 | 止损 0.00% | TP1 0.00% TP2 0.00% | 闸门: 15min 数据不可用 | 
[2026-10-01 19:01:46] 🟡 BTC  | 观望 WAIT      | V4 硬闸 | $84,716.40 | R:R 0.0:1 | 止损 0.00% | TP1 0.00% TP2 0.00% | 闸门: 15min 数据不可用 | 
[2026-10-01 19:01:53] 🟡 ETH  | 观望 WAIT      | V4 硬闸 | $2,697.37 | R:R 0.0:1 | 止损 0.00% | TP1 0.00% TP2 0.00% | 闸门: 15min 数据不可用 | 
[2026-10-01 19:40:33] 🟡 BTC  | 观望 WAIT      | V4 硬闸 | $84,617.00 | R:R 0.0:1 | 止损 0.00% | TP1 0.00% TP2 0.00% | 闸门: 15min 数据不可用 | 
[2026-10-01 19:40:40] 🟡 ETH  | 观望 WAIT      | V4 硬闸 | $2,694.74 | R:R 0.0:1 | 止损 0.00% | TP1 0.00% TP2 0.00% | 闸门: 15min 数据不可用 | 
[2026-10-01 19:55:23] 🟡 BTC  | 观望 WAIT      | V4 硬闸 | $84,583.80 | R:R 0.0:1 | 止损 0.00% | TP1 0.00% TP2 0.00% | 闸门: 15min 数据不可用 | 
[2026-10-01 19:55:31] 🟡 ETH  | 观望 WAIT      | V4 硬闸 | $2,695.29 | R:R 0.0:1 | 止损 0.00% | TP1 0.00% TP2 0.00% | 闸门: 15min 数据不可用 | 
[2026-10-01 21:03:10] 🟡 BTC  | 观望 WAIT      | V4 硬闸 | $84,604.80 | R:R 0.0:1 | 止损 0.00% | TP1 0.00% TP2 0.00% | 闸门: 15min 数据不可用 | 
[2026-10-01 21:03:17] 🟡 ETH  | 观望 WAIT      | V4 硬闸 | $2,696.87 | R:R 0.0:1 | 止损 0.00% | TP1 0.00% TP2 0.00% | 闸门: 15min 数据不可用 | 
[2026-10-01 21:16:44] 🟡 BTC  | 观望 WAIT      | V4 硬闸 | $84,544.00 | R:R 0.0:1 | 止损 0.00% | TP1 0.00% TP2 0.00% | 闸门: 15min 数据不可用 | 
[2026-10-01 21:16:51] 🟡 ETH  | 观望 WAIT      | V4 硬闸 | $2,693.25 | R:R 0.0:1 | 止损 0.00% | TP1 0.00% TP2 0.00% | 闸门: 15min 数据不可用 | 
[2026-10-01 22:01:47] 🟡 BTC  | 观望 WAIT      | V4 硬闸 | $84,621.40 | R:R 0.0:1 | 止损 0.00% | TP1 0.00% TP2 0.00% | 闸门: 15min 数据不可用 | 
[2026-10-01 22:01:54] 🟡 ETH  | 观望 WAIT      | V4 硬闸 | $2,696.87 | R:R 0.0:1 | 止损 0.00% | TP1 0.00% TP2 0.00% | 闸门: 15min 数据不可用 | 
[2026-10-01 23:04:53] 🟡 BTC  | 观望 WAIT      | V4 硬闸 | $84,700.20 | R:R 0.0:1 | 止损 0.00% | TP1 0.00% TP2 0.00% | 闸门: 15min 数据不可用 | 
[2026-10-01 23:05:00] 🟡 ETH  | 观望 WAIT      | V4 硬闸 | $2,702.04 | R:R 0.0:1 | 止损 0.00% | TP1 0.00% TP2 0.00% | 闸门: 15min 数据不可用 | 
[2026-10-01 23:25:50] 🟡 BTC  | 观望 WAIT      | V4 硬闸 | $84,728.80 | R:R 0.0:1 | 止损 0.00% | TP1 0.00% TP2 0.00% | 闸门: 15min 数据不可用 | 
[2026-10-01 23:25:57] 🟡 ETH  | 观望 WAIT      | V4 硬闸 | $2,701.08 | R:R 0.0:1 | 止损 0.00% | TP1 0.00% TP2 0.00% | 闸门: 15min 数据不可用 | 
[2026-10-01 23:44:33] 🟡 BTC  | 观望 WAIT      | V4 硬闸 | $84,826.10 | R:R 0.0:1 | 止损 0.00% | TP1 0.00% TP2 0.00% | 闸门: 15min 数据不可用 | 
[2026-10-01 23:44:40] 🟡 ETH  | 观望 WAIT      | V4 硬闸 | $2,705.26 | R:R 0.0:1 | 止损 0.00% | TP1 0.00% TP2 0.00% | 闸门: 15min 数据不可用 | 
[2026-10-02 00:39:04] 🟡 BTC  | 观望 WAIT      | V4 硬闸 | $84,683.30 | R:R 0.0:1 | 止损 0.00% | TP1 0.00% TP2 0.00% | 闸门: 15min 数据不可用 | 
[2026-10-02 00:39:11] 🟡 ETH  | 观望 WAIT      | V4 硬闸 | $2,701.26 | R:R 0.0:1 | 止损 0.00% | TP1 0.00% TP2 0.00% | 闸门: 15min 数据不可用 | 
[2026-10-02 00:55:36] 🟡 BTC  | 观望 WAIT      | V4 硬闸 | $84,752.60 | R:R 0.0:1 | 止损 0.00% | TP1 0.00% TP2 0.00% | 闸门: 15min 数据不可用 | 
[2026-10-02 00:55:43] 🟡 ETH  | 观望 WAIT      | V4 硬闸 | $2,706.54 | R:R 0.0:1 | 止损 0.00% | TP1 0.00% TP2 0.00% | 闸门: 15min 数据不可用 | 
[2026-10-02 01:37:50] 🟡 BTC  | 观望 WAIT      | V4 硬闸 | $84,613.70 | R:R 0.0:1 | 止损 0.00% | TP1 0.00% TP2 0.00% | 闸门: 15min 数据不可用 | 
[2026-10-02 01:37:57] 🟡 ETH  | 观望 WAIT      | V4 硬闸 | $2,700.43 | R:R 0.0:1 | 止损 0.00% | TP1 0.00% TP2 0.00% | 闸门: 15min 数据不可用 | 
[2026-10-02 02:09:04] 🟡 BTC  | 观望 WAIT      | V4 硬闸 | $85,076.00 | R:R 0.0:1 | 止损 0.00% | TP1 0.00% TP2 0.00% | 闸门: 15min 入场 Setup 不满足 | 
[2026-10-02 02:09:07] 🟡 ETH  | 观望 WAIT      | V4 硬闸 | $2,718.23 | R:R 0.0:1 | 止损 0.00% | TP1 0.00% TP2 0.00% | 闸门: 15min 入场 Setup 不满足 | 
[2026-10-02 02:21:13] 🟡 BTC  | 观望 WAIT      | V4 硬闸 | $84,914.30 | R:R 0.0:1 | 止损 0.00% | TP1 0.00% TP2 0.00% | 闸门: 15min 数据不可用 | 
[2026-10-02 02:21:20] 🟡 ETH  | 观望 WAIT      | V4 硬闸 | $2,712.54 | R:R 0.0:1 | 止损 0.00% | TP1 0.00% TP2 0.00% | 闸门: 15min 数据不可用 | 
[2026-10-02 02:36:31] 🟡 BTC  | 观望 WAIT      | V4 硬闸 | $84,920.20 | R:R 0.0:1 | 止损 0.00% | TP1 0.00% TP2 0.00% | 闸门: 15min 数据不可用 | 
[2026-10-02 02:36:38] 🟡 ETH  | 观望 WAIT      | V4 硬闸 | $2,709.84 | R:R 0.0:1 | 止损 0.00% | TP1 0.00% TP2 0.00% | 闸门: 15min 数据不可用 | 
[2026-10-02 06:08:27] 🟡 BTC  | 观望 WAIT      | V4 硬闸 | $85,878.40 | R:R 0.0:1 | 止损 0.00% | TP1 0.00% TP2 0.00% | 闸门: 15min 数据不可用 | 
[2026-10-02 06:08:34] 🟡 ETH  | 观望 WAIT      | V4 硬闸 | $2,721.51 | R:R 0.0:1 | 止损 0.00% | TP1 0.00% TP2 0.00% | 闸门: 15min 数据不可用 | 
[2026-10-02 06:48:19] 🟡 BTC  | 观望 WAIT      | V4 硬闸 | $85,931.40 | R:R 0.0:1 | 止损 0.00% | TP1 0.00% TP2 0.00% | 闸门: 15min 数据不可用 | 
[2026-10-02 06:48:26] 🟡 ETH  | 观望 WAIT      | V4 硬闸 | $2,729.60 | R:R 0.0:1 | 止损 0.00% | TP1 0.00% TP2 0.00% | 闸门: 15min 数据不可用 | 
[2026-10-02 07:31:38] 🟡 BTC  | 观望 WAIT      | V4 硬闸 | $85,895.90 | R:R 0.0:1 | 止损 0.00% | TP1 0.00% TP2 0.00% | 闸门: 15min 数据不可用 | 
[2026-10-02 07:31:45] 🟡 ETH  | 观望 WAIT      | V4 硬闸 | $2,724.58 | R:R 0.0:1 | 止损 0.00% | TP1 0.00% TP2 0.00% | 闸门: 15min 数据不可用 | 
[2026-10-02 08:26:48] 🟡 BTC  | 观望 WAIT      | V4 硬闸 | $86,419.70 | R:R 0.0:1 | 止损 0.00% | TP1 0.00% TP2 0.00% | 闸门: 15min 数据不可用 | 
[2026-10-02 08:26:55] 🟡 ETH  | 观望 WAIT      | V4 硬闸 | $2,761.48 | R:R 0.0:1 | 止损 0.00% | TP1 0.00% TP2 0.00% | 闸门: 15min 数据不可用 | 
[2026-10-02 08:41:25] 🟡 BTC  | 观望 WAIT      | V4 硬闸 | $86,394.00 | R:R 0.0:1 | 止损 0.00% | TP1 0.00% TP2 0.00% | 闸门: 15min 数据不可用 | 
[2026-10-02 08:41:32] 🟡 ETH  | 观望 WAIT      | V4 硬闸 | $2,762.22 | R:R 0.0:1 | 止损 0.00% | TP1 0.00% TP2 0.00% | 闸门: 15min 数据不可用 | 
[2026-10-02 09:00:14] 🟡 BTC  | 观望 WAIT      | V4 硬闸 | $86,214.60 | R:R 0.0:1 | 止损 0.00% | TP1 0.00% TP2 0.00% | 闸门: 15min 数据不可用 | 
[2026-10-02 09:00:21] 🟡 ETH  | 观望 WAIT      | V4 硬闸 | $2,752.82 | R:R 0.0:1 | 止损 0.00% | TP1 0.00% TP2 0.00% | 闸门: 15min 数据不可用 | 
[2026-10-02 12:24:28] 🟡 BTC  | 观望 WAIT      | V4 硬闸 | $86,560.30 | R:R 0.0:1 | 止损 0.00% | TP1 0.00% TP2 0.00% | 闸门: 15min 数据不可用 | 
[2026-10-02 12:24:35] 🟡 ETH  | 观望 WAIT      | V4 硬闸 | $2,745.65 | R:R 0.0:1 | 止损 0.00% | TP1 0.00% TP2 0.00% | 闸门: 15min 数据不可用 | 
[2026-10-02 13:15:31] 🟡 BTC  | 观望 WAIT      | V4 硬闸 | $86,637.30 | R:R 0.0:1 | 止损 0.00% | TP1 0.00% TP2 0.00% | 闸门: 15min 数据不可用 | 
[2026-10-02 13:15:38] 🟡 ETH  | 观望 WAIT      | V4 硬闸 | $2,746.87 | R:R 0.0:1 | 止损 0.00% | TP1 0.00% TP2 0.00% | 闸门: 15min 数据不可用 | 
[2026-10-02 13:28:10] 🟡 BTC  | 观望 WAIT      | V4 硬闸 | $86,656.00 | R:R 0.0:1 | 止损 0.00% | TP1 0.00% TP2 0.00% | 闸门: 15min 数据不可用 | 
[2026-10-02 13:28:17] 🟡 ETH  | 观望 WAIT      | V4 硬闸 | $2,751.17 | R:R 0.0:1 | 止损 0.00% | TP1 0.00% TP2 0.00% | 闸门: 15min 数据不可用 | 
[2026-10-02 14:06:31] 🟡 BTC  | 观望 WAIT      | V4 硬闸 | $86,663.60 | R:R 0.0:1 | 止损 0.00% | TP1 0.00% TP2 0.00% | 闸门: 15min 数据不可用 | 
[2026-10-02 14:06:38] 🟡 ETH  | 观望 WAIT      | V4 硬闸 | $2,743.74 | R:R 0.0:1 | 止损 0.00% | TP1 0.00% TP2 0.00% | 闸门: 15min 数据不可用 | 
[2026-10-02 14:52:44] 🟡 BTC  | 观望 WAIT      | V4 硬闸 | $85,800.40 | R:R 0.0:1 | 止损 0.00% | TP1 0.00% TP2 0.00% | 闸门: 15min 数据不可用 | 
[2026-10-02 14:52:51] 🟡 ETH  | 观望 WAIT      | V4 硬闸 | $2,719.94 | R:R 0.0:1 | 止损 0.00% | TP1 0.00% TP2 0.00% | 闸门: 15min 数据不可用 | 
[2026-10-02 15:01:32] 🟡 BTC  | 观望 WAIT      | V4 硬闸 | $85,676.00 | R:R 0.0:1 | 止损 0.00% | TP1 0.00% TP2 0.00% | 闸门: 15min 数据不可用 | 
[2026-10-02 15:01:39] 🟡 ETH  | 观望 WAIT      | V4 硬闸 | $2,710.62 | R:R 0.0:1 | 止损 0.00% | TP1 0.00% TP2 0.00% | 闸门: 15min 数据不可用 | 
[2026-10-02 15:43:23] 🟡 BTC  | 观望 WAIT      | V4 硬闸 | $85,411.30 | R:R 0.0:1 | 止损 0.00% | TP1 0.00% TP2 0.00% | 闸门: 15min 数据不可用 | 
[2026-10-02 15:43:30] 🟡 ETH  | 观望 WAIT      | V4 硬闸 | $2,697.06 | R:R 0.0:1 | 止损 0.00% | TP1 0.00% TP2 0.00% | 闸门: 15min 数据不可用 | 
[2026-10-02 17:55:41] 🟡 BTC  | 观望 WAIT      | V4 硬闸 | $84,752.00 | R:R 0.0:1 | 止损 0.00% | TP1 0.00% TP2 0.00% | 闸门: 15min 数据不可用 | 
[2026-10-02 17:55:48] 🟡 ETH  | 观望 WAIT      | V4 硬闸 | $2,683.17 | R:R 0.0:1 | 止损 0.00% | TP1 0.00% TP2 0.00% | 闸门: 15min 数据不可用 | 
[2026-10-02 18:30:57] 🟡 BTC  | 观望 WAIT      | V4 硬闸 | $84,541.50 | R:R 0.0:1 | 止损 0.00% | TP1 0.00% TP2 0.00% | 闸门: 15min 数据不可用 | 
[2026-10-02 18:31:04] 🟡 ETH  | 观望 WAIT      | V4 硬闸 | $2,677.99 | R:R 0.0:1 | 止损 0.00% | TP1 0.00% TP2 0.00% | 闸门: 15min 数据不可用 | 
[2026-10-02 19:16:31] 🟡 BTC  | 观望 WAIT      | V4 硬闸 | $83,978.90 | R:R 0.0:1 | 止损 0.00% | TP1 0.00% TP2 0.00% | 闸门: 15min 数据不可用 | 
[2026-10-02 19:16:38] 🟡 ETH  | 观望 WAIT      | V4 硬闸 | $2,656.80 | R:R 0.0:1 | 止损 0.00% | TP1 0.00% TP2 0.00% | 闸门: 15min 数据不可用 | 
[2026-10-02 19:35:05] 🟡 BTC  | 观望 WAIT      | V4 硬闸 | $84,144.90 | R:R 0.0:1 | 止损 0.00% | TP1 0.00% TP2 0.00% | 闸门: 15min 数据不可用 | 
[2026-10-02 19:35:12] 🟡 ETH  | 观望 WAIT      | V4 硬闸 | $2,666.93 | R:R 0.0:1 | 止损 0.00% | TP1 0.00% TP2 0.00% | 闸门: 15min 数据不可用 | 
[2026-10-02 19:52:21] 🟡 BTC  | 观望 WAIT      | V4 硬闸 | $84,191.80 | R:R 0.0:1 | 止损 0.00% | TP1 0.00% TP2 0.00% | 闸门: 15min 数据不可用 | 
[2026-10-02 19:52:28] 🟡 ETH  | 观望 WAIT      | V4 硬闸 | $2,663.33 | R:R 0.0:1 | 止损 0.00% | TP1 0.00% TP2 0.00% | 闸门: 15min 数据不可用 | 
[2026-10-02 20:10:17] 🟡 BTC  | 观望 WAIT      | V4 硬闸 | $84,334.40 | R:R 0.0:1 | 止损 0.00% | TP1 0.00% TP2 0.00% | 闸门: 15min 数据不可用 | 
[2026-10-02 20:10:25] 🟡 ETH  | 观望 WAIT      | V4 硬闸 | $2,666.14 | R:R 0.0:1 | 止损 0.00% | TP1 0.00% TP2 0.00% | 闸门: 15min 数据不可用 | 
[2026-10-02 21:28:57] 🟡 BTC  | 观望 WAIT      | V4 硬闸 | $84,423.80 | R:R 0.0:1 | 止损 0.00% | TP1 0.00% TP2 0.00% | 闸门: 15min 数据不可用 | 
[2026-10-02 21:29:04] 🟡 ETH  | 观望 WAIT      | V4 硬闸 | $2,658.70 | R:R 0.0:1 | 止损 0.00% | TP1 0.00% TP2 0.00% | 闸门: 15min 数据不可用 | 
[2026-10-02 22:30:45] 🟡 BTC  | 观望 WAIT      | V4 硬闸 | $84,505.60 | R:R 0.0:1 | 止损 0.00% | TP1 0.00% TP2 0.00% | 闸门: 15min 数据不可用 | 
[2026-10-02 22:30:51] 🟡 ETH  | 观望 WAIT      | V4 硬闸 | $2,664.80 | R:R 0.0:1 | 止损 0.00% | TP1 0.00% TP2 0.00% | 闸门: 15min 数据不可用 | 
[2026-10-02 23:04:32] 🟡 BTC  | 观望 WAIT      | V4 硬闸 | $84,528.40 | R:R 0.0:1 | 止损 0.00% | TP1 0.00% TP2 0.00% | 闸门: 15min 数据不可用 | 
[2026-10-02 23:04:39] 🟡 ETH  | 观望 WAIT      | V4 硬闸 | $2,667.39 | R:R 0.0:1 | 止损 0.00% | TP1 0.00% TP2 0.00% | 闸门: 15min 数据不可用 | 
[2026-10-02 23:13:38] 🟡 BTC  | 观望 WAIT      | V4 硬闸 | $84,473.10 | R:R 0.0:1 | 止损 0.00% | TP1 0.00% TP2 0.00% | 闸门: 15min 数据不可用 | 
[2026-10-02 23:13:45] 🟡 ETH  | 观望 WAIT      | V4 硬闸 | $2,665.45 | R:R 0.0:1 | 止损 0.00% | TP1 0.00% TP2 0.00% | 闸门: 15min 数据不可用 | 
[2026-10-02 23:47:14] 🟡 BTC  | 观望 WAIT      | V4 硬闸 | $84,541.40 | R:R 0.0:1 | 止损 0.00% | TP1 0.00% TP2 0.00% | 闸门: 15min 数据不可用 | 
[2026-10-02 23:47:21] 🟡 ETH  | 观望 WAIT      | V4 硬闸 | $2,669.13 | R:R 0.0:1 | 止损 0.00% | TP1 0.00% TP2 0.00% | 闸门: 15min 数据不可用 | 
[2026-10-03 00:36:26] 🟡 BTC  | 观望 WAIT      | V4 硬闸 | $84,624.10 | R:R 0.0:1 | 止损 0.00% | TP1 0.00% TP2 0.00% | 闸门: 15min 数据不可用 | 
[2026-10-03 00:36:33] 🟡 ETH  | 观望 WAIT      | V4 硬闸 | $2,675.71 | R:R 0.0:1 | 止损 0.00% | TP1 0.00% TP2 0.00% | 闸门: 15min 数据不可用 | 
[2026-10-03 01:23:08] 🟡 BTC  | 观望 WAIT      | V4 硬闸 | $84,599.70 | R:R 0.0:1 | 止损 0.00% | TP1 0.00% TP2 0.00% | 闸门: 15min 数据不可用 | 
[2026-10-03 01:23:14] 🟡 ETH  | 观望 WAIT      | V4 硬闸 | $2,677.75 | R:R 0.0:1 | 止损 0.00% | TP1 0.00% TP2 0.00% | 闸门: 15min 数据不可用 | 
[2026-10-03 01:54:35] 🟡 BTC  | 观望 WAIT      | V4 硬闸 | $84,607.90 | R:R 0.0:1 | 止损 0.00% | TP1 0.00% TP2 0.00% | 闸门: 15min 数据不可用 | 
[2026-10-03 01:54:43] 🟡 ETH  | 观望 WAIT      | V4 硬闸 | $2,677.90 | R:R 0.0:1 | 止损 0.00% | TP1 0.00% TP2 0.00% | 闸门: 15min 数据不可用 | 
[2026-10-03 02:04:19] 🟡 BTC  | 观望 WAIT      | V4 硬闸 | $84,629.10 | R:R 0.0:1 | 止损 0.00% | TP1 0.00% TP2 0.00% | 闸门: 15min 数据不可用 | 
[2026-10-03 02:04:26] 🟡 ETH  | 观望 WAIT      | V4 硬闸 | $2,678.90 | R:R 0.0:1 | 止损 0.00% | TP1 0.00% TP2 0.00% | 闸门: 15min 数据不可用 | 
[2026-10-03 02:23:31] 🟡 BTC  | 观望 WAIT      | V4 硬闸 | $84,663.40 | R:R 0.0:1 | 止损 0.00% | TP1 0.00% TP2 0.00% | 闸门: 15min 数据不可用 | 
[2026-10-03 02:23:38] 🟡 ETH  | 观望 WAIT      | V4 硬闸 | $2,679.64 | R:R 0.0:1 | 止损 0.00% | TP1 0.00% TP2 0.00% | 闸门: 15min 数据不可用 | 
[2026-10-03 05:40:54] 🟡 BTC  | 观望 WAIT      | V4 硬闸 | $84,619.90 | R:R 0.0:1 | 止损 0.00% | TP1 0.00% TP2 0.00% | 闸门: 15min 数据不可用 | 
[2026-10-03 05:41:01] 🟡 ETH  | 观望 WAIT      | V4 硬闸 | $2,676.38 | R:R 0.0:1 | 止损 0.00% | TP1 0.00% TP2 0.00% | 闸门: 15min 数据不可用 | 
[2026-10-03 06:41:37] 🟡 BTC  | 观望 WAIT      | V4 硬闸 | $84,640.30 | R:R 0.0:1 | 止损 0.00% | TP1 0.00% TP2 0.00% | 闸门: 15min 数据不可用 | 
[2026-10-03 06:41:44] 🟡 ETH  | 观望 WAIT      | V4 硬闸 | $2,678.97 | R:R 0.0:1 | 止损 0.00% | TP1 0.00% TP2 0.00% | 闸门: 15min 数据不可用 | 
[2026-10-03 07:43:43] 🟡 BTC  | 观望 WAIT      | V4 硬闸 | $84,581.00 | R:R 0.0:1 | 止损 0.00% | TP1 0.00% TP2 0.00% | 闸门: 15min 数据不可用 | 
[2026-10-03 07:43:50] 🟡 ETH  | 观望 WAIT      | V4 硬闸 | $2,680.84 | R:R 0.0:1 | 止损 0.00% | TP1 0.00% TP2 0.00% | 闸门: 15min 数据不可用 | 
[2026-10-03 07:58:39] 🟡 BTC  | 观望 WAIT      | V4 硬闸 | $84,567.20 | R:R 0.0:1 | 止损 0.00% | TP1 0.00% TP2 0.00% | 闸门: 15min 数据不可用 | 
[2026-10-03 07:58:46] 🟡 ETH  | 观望 WAIT      | V4 硬闸 | $2,681.59 | R:R 0.0:1 | 止损 0.00% | TP1 0.00% TP2 0.00% | 闸门: 15min 数据不可用 | 
[2026-10-03 08:25:52] 🟡 BTC  | 观望 WAIT      | V4 硬闸 | $84,560.80 | R:R 0.0:1 | 止损 0.00% | TP1 0.00% TP2 0.00% | 闸门: 15min 数据不可用 | 
[2026-10-03 08:25:59] 🟡 ETH  | 观望 WAIT      | V4 硬闸 | $2,678.20 | R:R 0.0:1 | 止损 0.00% | TP1 0.00% TP2 0.00% | 闸门: 15min 数据不可用 | 
[2026-10-03 10:36:12] 🟡 BTC  | 观望 WAIT      | V4 硬闸 | $84,586.40 | R:R 0.0:1 | 止损 0.00% | TP1 0.00% TP2 0.00% | 闸门: 15min 数据不可用 | 
[2026-10-03 10:36:19] 🟡 ETH  | 观望 WAIT      | V4 硬闸 | $2,682.83 | R:R 0.0:1 | 止损 0.00% | TP1 0.00% TP2 0.00% | 闸门: 15min 数据不可用 | 
[2026-10-03 12:03:02] 🟡 BTC  | 观望 WAIT      | V4 硬闸 | $84,672.70 | R:R 0.0:1 | 止损 0.00% | TP1 0.00% TP2 0.00% | 闸门: 15min 数据不可用 | 
[2026-10-03 12:03:10] 🟡 ETH  | 观望 WAIT      | V4 硬闸 | $2,684.35 | R:R 0.0:1 | 止损 0.00% | TP1 0.00% TP2 0.00% | 闸门: 15min 数据不可用 | 
[2026-10-03 12:45:15] 🟡 BTC  | 观望 WAIT      | V4 硬闸 | $84,804.50 | R:R 0.0:1 | 止损 0.00% | TP1 0.00% TP2 0.00% | 闸门: 15min 数据不可用 | 
[2026-10-03 12:45:22] 🟡 ETH  | 观望 WAIT      | V4 硬闸 | $2,680.94 | R:R 0.0:1 | 止损 0.00% | TP1 0.00% TP2 0.00% | 闸门: 15min 数据不可用 | 
[2026-10-03 12:58:56] 🟡 BTC  | 观望 WAIT      | V4 硬闸 | $84,876.20 | R:R 0.0:1 | 止损 0.00% | TP1 0.00% TP2 0.00% | 闸门: 15min 数据不可用 | 
[2026-10-03 12:59:03] 🟡 ETH  | 观望 WAIT      | V4 硬闸 | $2,682.36 | R:R 0.0:1 | 止损 0.00% | TP1 0.00% TP2 0.00% | 闸门: 15min 数据不可用 | 
[2026-10-03 13:37:14] 🟡 BTC  | 观望 WAIT      | V4 硬闸 | $84,917.60 | R:R 0.0:1 | 止损 0.00% | TP1 0.00% TP2 0.00% | 闸门: 15min 数据不可用 | 
[2026-10-03 13:37:21] 🟡 ETH  | 观望 WAIT      | V4 硬闸 | $2,680.70 | R:R 0.0:1 | 止损 0.00% | TP1 0.00% TP2 0.00% | 闸门: 15min 数据不可用 | 
[2026-10-03 14:50:34] 🟡 BTC  | 观望 WAIT      | V4 硬闸 | $84,829.20 | R:R 0.0:1 | 止损 0.00% | TP1 0.00% TP2 0.00% | 闸门: 15min 数据不可用 | 
[2026-10-03 14:50:41] 🟡 ETH  | 观望 WAIT      | V4 硬闸 | $2,682.77 | R:R 0.0:1 | 止损 0.00% | TP1 0.00% TP2 0.00% | 闸门: 15min 数据不可用 | 
[2026-10-03 16:09:25] 🟢 BTC  | 做多 LONG      | V4 硬闸 | $84,836.48 | R:R 2.0:1 | 止损 0.31% | TP1 0.46% TP2 0.77% | 闸门: 多头排列 | 回调至 15min EMA50 (偏离 0.11%)
[2026-10-03 16:09:31] 🟡 ETH  | 观望 WAIT      | V4 硬闸 | $2,679.92 | R:R 0.0:1 | 止损 0.00% | TP1 0.00% TP2 0.00% | 闸门: 1H 环境不满足: 均线纠缠 (EMA50/200 距 0.0%) | 
[2026-10-03 16:45:40] 🟡 BTC  | 观望 WAIT      | V4 硬闸 | $84,837.50 | R:R 0.0:1 | 止损 0.00% | TP1 0.00% TP2 0.00% | 闸门: 15min 数据不可用 | 
[2026-10-03 16:45:48] 🟡 ETH  | 观望 WAIT      | V4 硬闸 | $2,681.74 | R:R 0.0:1 | 止损 0.00% | TP1 0.00% TP2 0.00% | 闸门: 15min 数据不可用 | 
[2026-10-03 16:56:51] 🟡 BTC  | 观望 WAIT      | V4 硬闸 | $84,844.30 | R:R 0.0:1 | 止损 0.00% | TP1 0.00% TP2 0.00% | 闸门: 15min 数据不可用 | 
[2026-10-03 16:56:58] 🟡 ETH  | 观望 WAIT      | V4 硬闸 | $2,680.93 | R:R 0.0:1 | 止损 0.00% | TP1 0.00% TP2 0.00% | 闸门: 15min 数据不可用 | 
[2026-10-03 17:37:21] 🟡 BTC  | 观望 WAIT      | V4 硬闸 | $84,892.00 | R:R 0.0:1 | 止损 0.00% | TP1 0.00% TP2 0.00% | 闸门: 15min 数据不可用 | 
[2026-10-03 17:37:28] 🟡 ETH  | 观望 WAIT      | V4 硬闸 | $2,683.67 | R:R 0.0:1 | 止损 0.00% | TP1 0.00% TP2 0.00% | 闸门: 15min 数据不可用 | 
[2026-10-03 18:18:51] 🟡 BTC  | 观望 WAIT      | V4 硬闸 | $84,961.10 | R:R 0.0:1 | 止损 0.00% | TP1 0.00% TP2 0.00% | 闸门: 15min 数据不可用 | 
[2026-10-03 18:18:58] 🟡 ETH  | 观望 WAIT      | V4 硬闸 | $2,685.70 | R:R 0.0:1 | 止损 0.00% | TP1 0.00% TP2 0.00% | 闸门: 15min 数据不可用 | 
[2026-10-03 19:12:51] 🟡 BTC  | 观望 WAIT      | V4 硬闸 | $84,852.40 | R:R 0.0:1 | 止损 0.00% | TP1 0.00% TP2 0.00% | 闸门: 15min 数据不可用 | 
[2026-10-03 19:12:59] 🟡 ETH  | 观望 WAIT      | V4 硬闸 | $2,683.52 | R:R 0.0:1 | 止损 0.00% | TP1 0.00% TP2 0.00% | 闸门: 15min 数据不可用 | 
[2026-10-03 19:30:12] 🟡 BTC  | 观望 WAIT      | V4 硬闸 | $84,814.00 | R:R 0.0:1 | 止损 0.00% | TP1 0.00% TP2 0.00% | 闸门: 15min 数据不可用 | 
[2026-10-03 19:30:19] 🟡 ETH  | 观望 WAIT      | V4 硬闸 | $2,681.74 | R:R 0.0:1 | 止损 0.00% | TP1 0.00% TP2 0.00% | 闸门: 15min 数据不可用 | 
[2026-10-03 20:12:13] 🟡 BTC  | 观望 WAIT      | V4 硬闸 | $84,870.70 | R:R 0.0:1 | 止损 0.00% | TP1 0.00% TP2 0.00% | 闸门: 15min 数据不可用 | 
[2026-10-03 20:12:20] 🟡 ETH  | 观望 WAIT      | V4 硬闸 | $2,687.64 | R:R 0.0:1 | 止损 0.00% | TP1 0.00% TP2 0.00% | 闸门: 15min 数据不可用 | 
[2026-10-03 21:22:44] 🟡 BTC  | 观望 WAIT      | V4 硬闸 | $84,695.00 | R:R 0.0:1 | 止损 0.00% | TP1 0.00% TP2 0.00% | 闸门: 15min 数据不可用 | 
[2026-10-03 21:22:51] 🟡 ETH  | 观望 WAIT      | V4 硬闸 | $2,686.83 | R:R 0.0:1 | 止损 0.00% | TP1 0.00% TP2 0.00% | 闸门: 15min 数据不可用 | 
[2026-10-03 22:08:19] 🟡 BTC  | 观望 WAIT      | V4 硬闸 | $84,743.40 | R:R 0.0:1 | 止损 0.00% | TP1 0.00% TP2 0.00% | 闸门: 15min 数据不可用 | 
[2026-10-03 22:08:27] 🟡 ETH  | 观望 WAIT      | V4 硬闸 | $2,686.43 | R:R 0.0:1 | 止损 0.00% | TP1 0.00% TP2 0.00% | 闸门: 15min 数据不可用 | 
[2026-10-03 22:22:12] 🟡 BTC  | 观望 WAIT      | V4 硬闸 | $84,745.90 | R:R 0.0:1 | 止损 0.00% | TP1 0.00% TP2 0.00% | 闸门: 15min 数据不可用 | 
[2026-10-03 22:22:19] 🟡 ETH  | 观望 WAIT      | V4 硬闸 | $2,687.30 | R:R 0.0:1 | 止损 0.00% | TP1 0.00% TP2 0.00% | 闸门: 15min 数据不可用 | 
[2026-10-03 23:06:43] 🟡 BTC  | 观望 WAIT      | V4 硬闸 | $84,753.30 | R:R 0.0:1 | 止损 0.00% | TP1 0.00% TP2 0.00% | 闸门: 15min 数据不可用 | 
[2026-10-03 23:06:50] 🟡 ETH  | 观望 WAIT      | V4 硬闸 | $2,685.20 | R:R 0.0:1 | 止损 0.00% | TP1 0.00% TP2 0.00% | 闸门: 15min 数据不可用 | 
[2026-10-03 23:54:43] 🟡 BTC  | 观望 WAIT      | V4 硬闸 | $84,720.00 | R:R 0.0:1 | 止损 0.00% | TP1 0.00% TP2 0.00% | 闸门: 15min 数据不可用 | 
[2026-10-03 23:54:50] 🟡 ETH  | 观望 WAIT      | V4 硬闸 | $2,686.61 | R:R 0.0:1 | 止损 0.00% | TP1 0.00% TP2 0.00% | 闸门: 15min 数据不可用 | 
[2026-10-04 00:36:29] 🟡 BTC  | 观望 WAIT      | V4 硬闸 | $84,833.60 | R:R 0.0:1 | 止损 0.00% | TP1 0.00% TP2 0.00% | 闸门: 15min 数据不可用 | 
[2026-10-04 00:36:36] 🟡 ETH  | 观望 WAIT      | V4 硬闸 | $2,692.78 | R:R 0.0:1 | 止损 0.00% | TP1 0.00% TP2 0.00% | 闸门: 15min 数据不可用 | 
[2026-10-04 01:42:57] 🟡 BTC  | 观望 WAIT      | V4 硬闸 | $84,770.10 | R:R 0.0:1 | 止损 0.00% | TP1 0.00% TP2 0.00% | 闸门: 15min 数据不可用 | 
[2026-10-04 01:43:04] 🟡 ETH  | 观望 WAIT      | V4 硬闸 | $2,692.05 | R:R 0.0:1 | 止损 0.00% | TP1 0.00% TP2 0.00% | 闸门: 15min 数据不可用 | 
[2026-10-04 01:52:44] 🟡 BTC  | 观望 WAIT      | V4 硬闸 | $84,787.50 | R:R 0.0:1 | 止损 0.00% | TP1 0.00% TP2 0.00% | 闸门: 15min 数据不可用 | 
[2026-10-04 01:52:51] 🟡 ETH  | 观望 WAIT      | V4 硬闸 | $2,693.65 | R:R 0.0:1 | 止损 0.00% | TP1 0.00% TP2 0.00% | 闸门: 15min 数据不可用 | 
[2026-10-04 02:34:51] 🟡 BTC  | 观望 WAIT      | V4 硬闸 | $84,813.50 | R:R 0.0:1 | 止损 0.00% | TP1 0.00% TP2 0.00% | 闸门: 15min 数据不可用 | 
[2026-10-04 02:34:58] 🟡 ETH  | 观望 WAIT      | V4 硬闸 | $2,693.95 | R:R 0.0:1 | 止损 0.00% | TP1 0.00% TP2 0.00% | 闸门: 15min 数据不可用 | 
[2026-10-04 02:53:32] 🟡 BTC  | 观望 WAIT      | V4 硬闸 | $84,778.30 | R:R 0.0:1 | 止损 0.00% | TP1 0.00% TP2 0.00% | 闸门: 15min 数据不可用 | 
[2026-10-04 02:53:39] 🟡 ETH  | 观望 WAIT      | V4 硬闸 | $2,692.16 | R:R 0.0:1 | 止损 0.00% | TP1 0.00% TP2 0.00% | 闸门: 15min 数据不可用 | 
[2026-10-04 06:21:41] 🟡 BTC  | 观望 WAIT      | V4 硬闸 | $84,948.30 | R:R 0.0:1 | 止损 0.00% | TP1 0.00% TP2 0.00% | 闸门: 15min 数据不可用 | 
[2026-10-04 06:21:48] 🟡 ETH  | 观望 WAIT      | V4 硬闸 | $2,695.94 | R:R 0.0:1 | 止损 0.00% | TP1 0.00% TP2 0.00% | 闸门: 15min 数据不可用 | 
[2026-10-04 07:24:28] 🟡 BTC  | 观望 WAIT      | V4 硬闸 | $84,976.80 | R:R 0.0:1 | 止损 0.00% | TP1 0.00% TP2 0.00% | 闸门: 15min 数据不可用 | 
[2026-10-04 07:24:35] 🟡 ETH  | 观望 WAIT      | V4 硬闸 | $2,694.09 | R:R 0.0:1 | 止损 0.00% | TP1 0.00% TP2 0.00% | 闸门: 15min 数据不可用 | 
[2026-10-04 07:44:00] 🟡 BTC  | 观望 WAIT      | V4 硬闸 | $84,963.20 | R:R 0.0:1 | 止损 0.00% | TP1 0.00% TP2 0.00% | 闸门: 15min 数据不可用 | 
[2026-10-04 07:44:07] 🟡 ETH  | 观望 WAIT      | V4 硬闸 | $2,694.81 | R:R 0.0:1 | 止损 0.00% | TP1 0.00% TP2 0.00% | 闸门: 15min 数据不可用 | 
[2026-10-04 08:46:49] 🟡 BTC  | 观望 WAIT      | V4 硬闸 | $85,096.20 | R:R 0.0:1 | 止损 0.00% | TP1 0.00% TP2 0.00% | 闸门: 15min 数据不可用 | 
[2026-10-04 08:46:57] 🟡 ETH  | 观望 WAIT      | V4 硬闸 | $2,699.26 | R:R 0.0:1 | 止损 0.00% | TP1 0.00% TP2 0.00% | 闸门: 15min 数据不可用 | 
[2026-10-04 12:34:26] 🟡 BTC  | 观望 WAIT      | V4 硬闸 | $85,261.30 | R:R 0.0:1 | 止损 0.00% | TP1 0.00% TP2 0.00% | 闸门: 15min 数据不可用 | 
[2026-10-04 12:34:34] 🟡 ETH  | 观望 WAIT      | V4 硬闸 | $2,701.57 | R:R 0.0:1 | 止损 0.00% | TP1 0.00% TP2 0.00% | 闸门: 15min 数据不可用 | 
[2026-10-04 13:19:21] 🟡 BTC  | 观望 WAIT      | V4 硬闸 | $85,173.70 | R:R 0.0:1 | 止损 0.00% | TP1 0.00% TP2 0.00% | 闸门: 15min 数据不可用 | 
[2026-10-04 13:19:28] 🟡 ETH  | 观望 WAIT      | V4 硬闸 | $2,697.00 | R:R 0.0:1 | 止损 0.00% | TP1 0.00% TP2 0.00% | 闸门: 15min 数据不可用 | 
[2026-10-04 13:29:46] 🟡 BTC  | 观望 WAIT      | V4 硬闸 | $85,214.10 | R:R 0.0:1 | 止损 0.00% | TP1 0.00% TP2 0.00% | 闸门: 15min 数据不可用 | 
[2026-10-04 13:29:53] 🟡 ETH  | 观望 WAIT      | V4 硬闸 | $2,698.56 | R:R 0.0:1 | 止损 0.00% | TP1 0.00% TP2 0.00% | 闸门: 15min 数据不可用 | 
[2026-10-04 14:25:59] 🟡 BTC  | 观望 WAIT      | V4 硬闸 | $85,149.70 | R:R 0.0:1 | 止损 0.00% | TP1 0.00% TP2 0.00% | 闸门: 15min 数据不可用 | 
[2026-10-04 14:26:07] 🟡 ETH  | 观望 WAIT      | V4 硬闸 | $2,695.26 | R:R 0.0:1 | 止损 0.00% | TP1 0.00% TP2 0.00% | 闸门: 15min 数据不可用 | 
[2026-10-04 16:58:57] 🟡 BTC  | 观望 WAIT      | V4 硬闸 | $85,366.20 | R:R 0.0:1 | 止损 0.00% | TP1 0.00% TP2 0.00% | 闸门: 15min 数据不可用 | 
[2026-10-04 16:59:04] 🟡 ETH  | 观望 WAIT      | V4 硬闸 | $2,703.28 | R:R 0.0:1 | 止损 0.00% | TP1 0.00% TP2 0.00% | 闸门: 15min 数据不可用 | 
[2026-10-04 17:37:48] 🟡 BTC  | 观望 WAIT      | V4 硬闸 | $85,355.40 | R:R 0.0:1 | 止损 0.00% | TP1 0.00% TP2 0.00% | 闸门: 15min 数据不可用 | 
[2026-10-04 17:37:55] 🟡 ETH  | 观望 WAIT      | V4 硬闸 | $2,702.26 | R:R 0.0:1 | 止损 0.00% | TP1 0.00% TP2 0.00% | 闸门: 15min 数据不可用 | 
[2026-10-04 17:48:31] 🟡 BTC  | 观望 WAIT      | V4 硬闸 | $85,419.40 | R:R 0.0:1 | 止损 0.00% | TP1 0.00% TP2 0.00% | 闸门: 15min 数据不可用 | 
[2026-10-04 17:48:38] 🟡 ETH  | 观望 WAIT      | V4 硬闸 | $2,704.93 | R:R 0.0:1 | 止损 0.00% | TP1 0.00% TP2 0.00% | 闸门: 15min 数据不可用 | 
[2026-10-04 18:14:23] 🟡 BTC  | 观望 WAIT      | V4 硬闸 | $85,302.50 | R:R 0.0:1 | 止损 0.00% | TP1 0.00% TP2 0.00% | 闸门: 15min 数据不可用 | 
[2026-10-04 18:14:29] 🟡 ETH  | 观望 WAIT      | V4 硬闸 | $2,700.99 | R:R 0.0:1 | 止损 0.00% | TP1 0.00% TP2 0.00% | 闸门: 15min 数据不可用 | 
[2026-10-04 20:02:23] 🟡 BTC  | 观望 WAIT      | V4 硬闸 | $85,423.00 | R:R 0.0:1 | 止损 0.00% | TP1 0.00% TP2 0.00% | 闸门: 15min 数据不可用 | 
[2026-10-04 20:02:30] 🟡 ETH  | 观望 WAIT      | V4 硬闸 | $2,701.44 | R:R 0.0:1 | 止损 0.00% | TP1 0.00% TP2 0.00% | 闸门: 15min 数据不可用 | 
[2026-10-04 20:23:16] 🟡 BTC  | 观望 WAIT      | V4 硬闸 | $85,453.60 | R:R 0.0:1 | 止损 0.00% | TP1 0.00% TP2 0.00% | 闸门: 15min 数据不可用 | 
[2026-10-04 20:23:23] 🟡 ETH  | 观望 WAIT      | V4 硬闸 | $2,701.90 | R:R 0.0:1 | 止损 0.00% | TP1 0.00% TP2 0.00% | 闸门: 15min 数据不可用 | 
[2026-10-04 21:23:44] 🟡 BTC  | 观望 WAIT      | V4 硬闸 | $85,794.20 | R:R 0.0:1 | 止损 0.00% | TP1 0.00% TP2 0.00% | 闸门: 15min 数据不可用 | 
[2026-10-04 21:23:51] 🟡 ETH  | 观望 WAIT      | V4 硬闸 | $2,703.19 | R:R 0.0:1 | 止损 0.00% | TP1 0.00% TP2 0.00% | 闸门: 15min 数据不可用 | 
[2026-10-04 21:39:48] 🟡 BTC  | 观望 WAIT      | V4 硬闸 | $85,963.60 | R:R 0.0:1 | 止损 0.00% | TP1 0.00% TP2 0.00% | 闸门: 15min 数据不可用 | 
[2026-10-04 21:39:55] 🟡 ETH  | 观望 WAIT      | V4 硬闸 | $2,705.56 | R:R 0.0:1 | 止损 0.00% | TP1 0.00% TP2 0.00% | 闸门: 15min 数据不可用 | 
[2026-10-04 23:00:20] 🟡 BTC  | 观望 WAIT      | V4 硬闸 | $86,456.30 | R:R 0.0:1 | 止损 0.00% | TP1 0.00% TP2 0.00% | 闸门: 15min 数据不可用 | 
[2026-10-04 23:00:28] 🟡 ETH  | 观望 WAIT      | V4 硬闸 | $2,731.40 | R:R 0.0:1 | 止损 0.00% | TP1 0.00% TP2 0.00% | 闸门: 15min 数据不可用 | 
[2026-10-04 23:19:05] 🟡 BTC  | 观望 WAIT      | V4 硬闸 | $86,530.90 | R:R 0.0:1 | 止损 0.00% | TP1 0.00% TP2 0.00% | 闸门: 15min 数据不可用 | 
[2026-10-04 23:19:12] 🟡 ETH  | 观望 WAIT      | V4 硬闸 | $2,732.70 | R:R 0.0:1 | 止损 0.00% | TP1 0.00% TP2 0.00% | 闸门: 15min 数据不可用 | 
[2026-10-04 23:33:47] 🟡 BTC  | 观望 WAIT      | V4 硬闸 | $86,604.00 | R:R 0.0:1 | 止损 0.00% | TP1 0.00% TP2 0.00% | 闸门: 15min 数据不可用 | 
[2026-10-04 23:33:55] 🟡 ETH  | 观望 WAIT      | V4 硬闸 | $2,730.46 | R:R 0.0:1 | 止损 0.00% | TP1 0.00% TP2 0.00% | 闸门: 15min 数据不可用 | 
[2026-10-05 00:00:30] 🟡 BTC  | 观望 WAIT      | V4 硬闸 | $86,476.90 | R:R 0.0:1 | 止损 0.00% | TP1 0.00% TP2 0.00% | 闸门: 15min 数据不可用 | 
[2026-10-05 00:00:38] 🟡 ETH  | 观望 WAIT      | V4 硬闸 | $2,724.64 | R:R 0.0:1 | 止损 0.00% | TP1 0.00% TP2 0.00% | 闸门: 15min 数据不可用 | 
[2026-10-05 00:10:39] 🟡 BTC  | 观望 WAIT      | V4 硬闸 | $86,437.90 | R:R 0.0:1 | 止损 0.00% | TP1 0.00% TP2 0.00% | 闸门: 15min 数据不可用 | 
[2026-10-05 00:10:46] 🟡 ETH  | 观望 WAIT      | V4 硬闸 | $2,723.88 | R:R 0.0:1 | 止损 0.00% | TP1 0.00% TP2 0.00% | 闸门: 15min 数据不可用 | 
[2026-10-05 01:48:04] 🟡 BTC  | 观望 WAIT      | V4 硬闸 | $86,727.30 | R:R 0.0:1 | 止损 0.00% | TP1 0.00% TP2 0.00% | 闸门: 15min 数据不可用 | 
[2026-10-05 01:48:11] 🟡 ETH  | 观望 WAIT      | V4 硬闸 | $2,726.52 | R:R 0.0:1 | 止损 0.00% | TP1 0.00% TP2 0.00% | 闸门: 15min 数据不可用 | 
[2026-10-05 02:03:20] 🟡 BTC  | 观望 WAIT      | V4 硬闸 | $86,565.10 | R:R 0.0:1 | 止损 0.00% | TP1 0.00% TP2 0.00% | 闸门: 15min 数据不可用 | 
[2026-10-05 02:03:27] 🟡 ETH  | 观望 WAIT      | V4 硬闸 | $2,725.60 | R:R 0.0:1 | 止损 0.00% | TP1 0.00% TP2 0.00% | 闸门: 15min 数据不可用 | 
[2026-10-05 02:12:56] 🟡 BTC  | 观望 WAIT      | V4 硬闸 | $86,644.10 | R:R 0.0:1 | 止损 0.00% | TP1 0.00% TP2 0.00% | 闸门: 15min 数据不可用 | 
[2026-10-05 02:13:04] 🟡 ETH  | 观望 WAIT      | V4 硬闸 | $2,728.99 | R:R 0.0:1 | 止损 0.00% | TP1 0.00% TP2 0.00% | 闸门: 15min 数据不可用 | 
[2026-10-05 02:22:23] 🟡 BTC  | 观望 WAIT      | V4 硬闸 | $86,543.20 | R:R 0.0:1 | 止损 0.00% | TP1 0.00% TP2 0.00% | 闸门: 15min 数据不可用 | 
[2026-10-05 02:22:30] 🟡 ETH  | 观望 WAIT      | V4 硬闸 | $2,733.58 | R:R 0.0:1 | 止损 0.00% | TP1 0.00% TP2 0.00% | 闸门: 15min 数据不可用 | 
[2026-10-05 04:24:19] 🟡 BTC  | 观望 WAIT      | V4 硬闸 | $85,781.20 | R:R 0.0:1 | 止损 0.00% | TP1 0.00% TP2 0.00% | 闸门: 15min 数据不可用 | 
[2026-10-05 04:24:26] 🟡 ETH  | 观望 WAIT      | V4 硬闸 | $2,710.35 | R:R 0.0:1 | 止损 0.00% | TP1 0.00% TP2 0.00% | 闸门: 15min 数据不可用 | 
[2026-10-05 05:43:13] 🟡 BTC  | 观望 WAIT      | V4 硬闸 | $85,659.30 | R:R 0.0:1 | 止损 0.00% | TP1 0.00% TP2 0.00% | 闸门: 15min 数据不可用 | 
[2026-10-05 05:43:20] 🟡 ETH  | 观望 WAIT      | V4 硬闸 | $2,700.79 | R:R 0.0:1 | 止损 0.00% | TP1 0.00% TP2 0.00% | 闸门: 15min 数据不可用 | 
[2026-10-05 07:44:28] 🟡 BTC  | 观望 WAIT      | V4 硬闸 | $86,368.90 | R:R 0.0:1 | 止损 0.00% | TP1 0.00% TP2 0.00% | 闸门: 15min 数据不可用 | 
[2026-10-05 07:44:35] 🟡 ETH  | 观望 WAIT      | V4 硬闸 | $2,726.93 | R:R 0.0:1 | 止损 0.00% | TP1 0.00% TP2 0.00% | 闸门: 15min 数据不可用 | 
[2026-10-05 08:34:02] 🟡 BTC  | 观望 WAIT      | V4 硬闸 | $86,382.10 | R:R 0.0:1 | 止损 0.00% | TP1 0.00% TP2 0.00% | 闸门: 15min 数据不可用 | 
[2026-10-05 08:34:09] 🟡 ETH  | 观望 WAIT      | V4 硬闸 | $2,725.64 | R:R 0.0:1 | 止损 0.00% | TP1 0.00% TP2 0.00% | 闸门: 15min 数据不可用 | 
[2026-10-05 08:51:13] 🟡 BTC  | 观望 WAIT      | V4 硬闸 | $86,191.20 | R:R 0.0:1 | 止损 0.00% | TP1 0.00% TP2 0.00% | 闸门: 15min 数据不可用 | 
[2026-10-05 08:51:20] 🟡 ETH  | 观望 WAIT      | V4 硬闸 | $2,719.78 | R:R 0.0:1 | 止损 0.00% | TP1 0.00% TP2 0.00% | 闸门: 15min 数据不可用 | 
[2026-10-05 09:04:50] 🟡 BTC  | 观望 WAIT      | V4 硬闸 | $86,105.60 | R:R 0.0:1 | 止损 0.00% | TP1 0.00% TP2 0.00% | 闸门: 15min 数据不可用 | 
[2026-10-05 09:04:57] 🟡 ETH  | 观望 WAIT      | V4 硬闸 | $2,719.96 | R:R 0.0:1 | 止损 0.00% | TP1 0.00% TP2 0.00% | 闸门: 15min 数据不可用 | 
[2026-10-05 09:24:30] 🟡 BTC  | 观望 WAIT      | V4 硬闸 | $85,923.80 | R:R 0.0:1 | 止损 0.00% | TP1 0.00% TP2 0.00% | 闸门: 15min 数据不可用 | 
[2026-10-05 09:24:37] 🟡 ETH  | 观望 WAIT      | V4 硬闸 | $2,720.58 | R:R 0.0:1 | 止损 0.00% | TP1 0.00% TP2 0.00% | 闸门: 15min 数据不可用 | 
[2026-10-05 11:39:59] 🟡 BTC  | 观望 WAIT      | V4 硬闸 | $86,051.80 | R:R 0.0:1 | 止损 0.00% | TP1 0.00% TP2 0.00% | 闸门: 15min 数据不可用 | 
[2026-10-05 11:40:07] 🟡 ETH  | 观望 WAIT      | V4 硬闸 | $2,715.82 | R:R 0.0:1 | 止损 0.00% | TP1 0.00% TP2 0.00% | 闸门: 15min 数据不可用 | 
[2026-10-05 12:42:22] 🟡 BTC  | 观望 WAIT      | V4 硬闸 | $85,868.10 | R:R 0.0:1 | 止损 0.00% | TP1 0.00% TP2 0.00% | 闸门: 15min 数据不可用 | 
[2026-10-05 12:42:29] 🟡 ETH  | 观望 WAIT      | V4 硬闸 | $2,709.98 | R:R 0.0:1 | 止损 0.00% | TP1 0.00% TP2 0.00% | 闸门: 15min 数据不可用 | 
[2026-10-05 16:24:38] 🟡 BTC  | 观望 WAIT      | V4 硬闸 | $85,102.00 | R:R 0.0:1 | 止损 0.00% | TP1 0.00% TP2 0.00% | 闸门: 15min 数据不可用 | 
[2026-10-05 16:24:47] 🟡 ETH  | 观望 WAIT      | V4 硬闸 | $2,685.49 | R:R 0.0:1 | 止损 0.00% | TP1 0.00% TP2 0.00% | 闸门: 15min 数据不可用 | 
[2026-10-05 17:23:09] 🟡 BTC  | 观望 WAIT      | V4 硬闸 | $85,299.10 | R:R 0.0:1 | 止损 0.00% | TP1 0.00% TP2 0.00% | 闸门: 15min 数据不可用 | 
[2026-10-05 17:23:16] 🟡 ETH  | 观望 WAIT      | V4 硬闸 | $2,698.96 | R:R 0.0:1 | 止损 0.00% | TP1 0.00% TP2 0.00% | 闸门: 15min 数据不可用 | 
[2026-10-05 18:20:34] 🟡 BTC  | 观望 WAIT      | V4 硬闸 | $85,494.10 | R:R 0.0:1 | 止损 0.00% | TP1 0.00% TP2 0.00% | 闸门: 15min 数据不可用 | 
[2026-10-05 18:20:42] 🟡 ETH  | 观望 WAIT      | V4 硬闸 | $2,709.48 | R:R 0.0:1 | 止损 0.00% | TP1 0.00% TP2 0.00% | 闸门: 15min 数据不可用 | 
[2026-10-05 18:44:42] 🟡 BTC  | 观望 WAIT      | V4 硬闸 | $85,621.90 | R:R 0.0:1 | 止损 0.00% | TP1 0.00% TP2 0.00% | 闸门: 15min 数据不可用 | 
[2026-10-05 18:44:49] 🟡 ETH  | 观望 WAIT      | V4 硬闸 | $2,708.02 | R:R 0.0:1 | 止损 0.00% | TP1 0.00% TP2 0.00% | 闸门: 15min 数据不可用 | 
[2026-10-05 19:49:31] 🟡 BTC  | 观望 WAIT      | V4 硬闸 | $85,694.80 | R:R 0.0:1 | 止损 0.00% | TP1 0.00% TP2 0.00% | 闸门: 15min 数据不可用 | 
[2026-10-05 19:49:38] 🟡 ETH  | 观望 WAIT      | V4 硬闸 | $2,709.16 | R:R 0.0:1 | 止损 0.00% | TP1 0.00% TP2 0.00% | 闸门: 15min 数据不可用 | 
[2026-10-05 20:49:10] 🟡 BTC  | 观望 WAIT      | V4 硬闸 | $85,798.10 | R:R 0.0:1 | 止损 0.00% | TP1 0.00% TP2 0.00% | 闸门: 15min 数据不可用 | 
[2026-10-05 20:49:17] 🟡 ETH  | 观望 WAIT      | V4 硬闸 | $2,713.57 | R:R 0.0:1 | 止损 0.00% | TP1 0.00% TP2 0.00% | 闸门: 15min 数据不可用 | 
[2026-10-05 22:48:34] 🟡 BTC  | 观望 WAIT      | V4 硬闸 | $85,942.70 | R:R 0.0:1 | 止损 0.00% | TP1 0.00% TP2 0.00% | 闸门: 15min 数据不可用 | 
[2026-10-05 22:48:41] 🟡 ETH  | 观望 WAIT      | V4 硬闸 | $2,716.93 | R:R 0.0:1 | 止损 0.00% | TP1 0.00% TP2 0.00% | 闸门: 15min 数据不可用 | 
[2026-10-05 23:15:33] 🟡 BTC  | 观望 WAIT      | V4 硬闸 | $85,880.70 | R:R 0.0:1 | 止损 0.00% | TP1 0.00% TP2 0.00% | 闸门: 15min 数据不可用 | 
[2026-10-05 23:15:40] 🟡 ETH  | 观望 WAIT      | V4 硬闸 | $2,715.05 | R:R 0.0:1 | 止损 0.00% | TP1 0.00% TP2 0.00% | 闸门: 15min 数据不可用 | 
[2026-10-06 00:10:02] 🟡 BTC  | 观望 WAIT      | V4 硬闸 | $85,828.10 | R:R 0.0:1 | 止损 0.00% | TP1 0.00% TP2 0.00% | 闸门: 15min 数据不可用 | 
[2026-10-06 00:10:10] 🟡 ETH  | 观望 WAIT      | V4 硬闸 | $2,714.52 | R:R 0.0:1 | 止损 0.00% | TP1 0.00% TP2 0.00% | 闸门: 15min 数据不可用 | 
[2026-10-06 00:23:19] 🟡 BTC  | 观望 WAIT      | V4 硬闸 | $85,947.30 | R:R 0.0:1 | 止损 0.00% | TP1 0.00% TP2 0.00% | 闸门: 15min 数据不可用 | 
[2026-10-06 00:23:26] 🟡 ETH  | 观望 WAIT      | V4 硬闸 | $2,715.35 | R:R 0.0:1 | 止损 0.00% | TP1 0.00% TP2 0.00% | 闸门: 15min 数据不可用 | 
[2026-10-06 00:57:51] 🟡 BTC  | 观望 WAIT      | V4 硬闸 | $85,853.90 | R:R 0.0:1 | 止损 0.00% | TP1 0.00% TP2 0.00% | 闸门: 15min 数据不可用 | 
[2026-10-06 00:57:58] 🟡 ETH  | 观望 WAIT      | V4 硬闸 | $2,716.34 | R:R 0.0:1 | 止损 0.00% | TP1 0.00% TP2 0.00% | 闸门: 15min 数据不可用 | 
[2026-10-06 01:33:35] 🟡 BTC  | 观望 WAIT      | V4 硬闸 | $85,872.10 | R:R 0.0:1 | 止损 0.00% | TP1 0.00% TP2 0.00% | 闸门: 15min 数据不可用 | 
[2026-10-06 01:33:42] 🟡 ETH  | 观望 WAIT      | V4 硬闸 | $2,713.61 | R:R 0.0:1 | 止损 0.00% | TP1 0.00% TP2 0.00% | 闸门: 15min 数据不可用 | 
[2026-10-06 02:33:04] 🟡 BTC  | 观望 WAIT      | V4 硬闸 | $85,631.30 | R:R 0.0:1 | 止损 0.00% | TP1 0.00% TP2 0.00% | 闸门: 15min 数据不可用 | 
[2026-10-06 02:33:11] 🟡 ETH  | 观望 WAIT      | V4 硬闸 | $2,705.80 | R:R 0.0:1 | 止损 0.00% | TP1 0.00% TP2 0.00% | 闸门: 15min 数据不可用 | 
[2026-10-06 02:59:05] 🟡 BTC  | 观望 WAIT      | V4 硬闸 | $85,499.80 | R:R 0.0:1 | 止损 0.00% | TP1 0.00% TP2 0.00% | 闸门: 15min 数据不可用 | 
[2026-10-06 02:59:12] 🟡 ETH  | 观望 WAIT      | V4 硬闸 | $2,701.16 | R:R 0.0:1 | 止损 0.00% | TP1 0.00% TP2 0.00% | 闸门: 15min 数据不可用 | 
[2026-10-06 06:15:29] 🟡 BTC  | 观望 WAIT      | V4 硬闸 | $85,117.80 | R:R 0.0:1 | 止损 0.00% | TP1 0.00% TP2 0.00% | 闸门: 15min 数据不可用 | 
[2026-10-06 06:15:37] 🟡 ETH  | 观望 WAIT      | V4 硬闸 | $2,691.16 | R:R 0.0:1 | 止损 0.00% | TP1 0.00% TP2 0.00% | 闸门: 15min 数据不可用 | 
[2026-10-06 06:41:13] 🟡 BTC  | 观望 WAIT      | V4 硬闸 | $85,297.80 | R:R 0.0:1 | 止损 0.00% | TP1 0.00% TP2 0.00% | 闸门: 15min 数据不可用 | 
[2026-10-06 06:41:20] 🟡 ETH  | 观望 WAIT      | V4 硬闸 | $2,696.07 | R:R 0.0:1 | 止损 0.00% | TP1 0.00% TP2 0.00% | 闸门: 15min 数据不可用 | 
[2026-10-06 07:04:16] 🟡 BTC  | 观望 WAIT      | V4 硬闸 | $85,282.80 | R:R 0.0:1 | 止损 0.00% | TP1 0.00% TP2 0.00% | 闸门: 15min 数据不可用 | 
[2026-10-06 07:04:23] 🟡 ETH  | 观望 WAIT      | V4 硬闸 | $2,695.95 | R:R 0.0:1 | 止损 0.00% | TP1 0.00% TP2 0.00% | 闸门: 15min 数据不可用 | 
[2026-10-06 08:06:06] 🟡 BTC  | 观望 WAIT      | V4 硬闸 | $85,600.50 | R:R 0.0:1 | 止损 0.00% | TP1 0.00% TP2 0.00% | 闸门: 15min 数据不可用 | 
[2026-10-06 08:06:13] 🟡 ETH  | 观望 WAIT      | V4 硬闸 | $2,708.82 | R:R 0.0:1 | 止损 0.00% | TP1 0.00% TP2 0.00% | 闸门: 15min 数据不可用 | 
[2026-10-06 09:21:00] 🟡 BTC  | 观望 WAIT      | V4 硬闸 | $86,029.10 | R:R 0.0:1 | 止损 0.00% | TP1 0.00% TP2 0.00% | 闸门: 15min 数据不可用 | 
[2026-10-06 09:21:07] 🟡 ETH  | 观望 WAIT      | V4 硬闸 | $2,717.17 | R:R 0.0:1 | 止损 0.00% | TP1 0.00% TP2 0.00% | 闸门: 15min 数据不可用 | 
[2026-10-06 09:44:45] 🟡 BTC  | 观望 WAIT      | V4 硬闸 | $85,883.90 | R:R 0.0:1 | 止损 0.00% | TP1 0.00% TP2 0.00% | 闸门: 15min 数据不可用 | 
[2026-10-06 09:44:52] 🟡 ETH  | 观望 WAIT      | V4 硬闸 | $2,703.09 | R:R 0.0:1 | 止损 0.00% | TP1 0.00% TP2 0.00% | 闸门: 15min 数据不可用 | 
[2026-10-06 10:11:46] 🟡 BTC  | 观望 WAIT      | V4 硬闸 | $86,114.30 | R:R 0.0:1 | 止损 0.00% | TP1 0.00% TP2 0.00% | 闸门: 15min 数据不可用 | 
[2026-10-06 10:11:52] 🟡 ETH  | 观望 WAIT      | V4 硬闸 | $2,714.43 | R:R 0.0:1 | 止损 0.00% | TP1 0.00% TP2 0.00% | 闸门: 15min 数据不可用 | 
[2026-10-06 13:22:34] 🟡 BTC  | 观望 WAIT      | V4 硬闸 | $86,076.40 | R:R 0.0:1 | 止损 0.00% | TP1 0.00% TP2 0.00% | 闸门: 15min 数据不可用 | 
[2026-10-06 13:22:40] 🟡 ETH  | 观望 WAIT      | V4 硬闸 | $2,712.52 | R:R 0.0:1 | 止损 0.00% | TP1 0.00% TP2 0.00% | 闸门: 15min 数据不可用 | 
[2026-10-06 13:39:17] 🟡 BTC  | 观望 WAIT      | V4 硬闸 | $86,132.20 | R:R 0.0:1 | 止损 0.00% | TP1 0.00% TP2 0.00% | 闸门: 15min 数据不可用 | 
[2026-10-06 13:39:24] 🟡 ETH  | 观望 WAIT      | V4 硬闸 | $2,713.86 | R:R 0.0:1 | 止损 0.00% | TP1 0.00% TP2 0.00% | 闸门: 15min 数据不可用 | 
[2026-10-06 14:07:28] 🟡 BTC  | 观望 WAIT      | V4 硬闸 | $86,158.80 | R:R 0.0:1 | 止损 0.00% | TP1 0.00% TP2 0.00% | 闸门: 15min 数据不可用 | 
[2026-10-06 14:07:35] 🟡 ETH  | 观望 WAIT      | V4 硬闸 | $2,711.01 | R:R 0.0:1 | 止损 0.00% | TP1 0.00% TP2 0.00% | 闸门: 15min 数据不可用 | 
[2026-10-06 15:06:31] 🟡 BTC  | 观望 WAIT      | V4 硬闸 | $86,582.10 | R:R 0.0:1 | 止损 0.00% | TP1 0.00% TP2 0.00% | 闸门: 15min 数据不可用 | 
[2026-10-06 15:06:38] 🟡 ETH  | 观望 WAIT      | V4 硬闸 | $2,720.35 | R:R 0.0:1 | 止损 0.00% | TP1 0.00% TP2 0.00% | 闸门: 15min 数据不可用 | 
[2026-10-06 16:02:45] 🟡 BTC  | 观望 WAIT      | V4 硬闸 | $85,779.50 | R:R 0.0:1 | 止损 0.00% | TP1 0.00% TP2 0.00% | 闸门: 15min 数据不可用 | 
[2026-10-06 16:02:52] 🟡 ETH  | 观望 WAIT      | V4 硬闸 | $2,702.91 | R:R 0.0:1 | 止损 0.00% | TP1 0.00% TP2 0.00% | 闸门: 15min 数据不可用 | 
[2026-10-06 16:16:48] 🟡 BTC  | 观望 WAIT      | V4 硬闸 | $85,727.80 | R:R 0.0:1 | 止损 0.00% | TP1 0.00% TP2 0.00% | 闸门: 15min 数据不可用 | 
[2026-10-06 16:16:56] 🟡 ETH  | 观望 WAIT      | V4 硬闸 | $2,704.29 | R:R 0.0:1 | 止损 0.00% | TP1 0.00% TP2 0.00% | 闸门: 15min 数据不可用 | 
[2026-10-06 16:50:02] 🟡 BTC  | 观望 WAIT      | V4 硬闸 | $85,656.40 | R:R 0.0:1 | 止损 0.00% | TP1 0.00% TP2 0.00% | 闸门: 15min 数据不可用 | 
[2026-10-06 16:50:09] 🟡 ETH  | 观望 WAIT      | V4 硬闸 | $2,699.14 | R:R 0.0:1 | 止损 0.00% | TP1 0.00% TP2 0.00% | 闸门: 15min 数据不可用 | 
[2026-10-06 18:57:26] 🟡 BTC  | 观望 WAIT      | V4 硬闸 | $85,497.10 | R:R 0.0:1 | 止损 0.00% | TP1 0.00% TP2 0.00% | 闸门: 15min 数据不可用 | 
[2026-10-06 18:57:33] 🟡 ETH  | 观望 WAIT      | V4 硬闸 | $2,690.42 | R:R 0.0:1 | 止损 0.00% | TP1 0.00% TP2 0.00% | 闸门: 15min 数据不可用 | 
[2026-10-06 19:06:10] 🟡 BTC  | 观望 WAIT      | V4 硬闸 | $85,530.10 | R:R 0.0:1 | 止损 0.00% | TP1 0.00% TP2 0.00% | 闸门: 15min 数据不可用 | 
[2026-10-06 19:06:17] 🟡 ETH  | 观望 WAIT      | V4 硬闸 | $2,690.44 | R:R 0.0:1 | 止损 0.00% | TP1 0.00% TP2 0.00% | 闸门: 15min 数据不可用 | 
[2026-10-06 19:28:05] 🟡 BTC  | 观望 WAIT      | V4 硬闸 | $85,487.30 | R:R 0.0:1 | 止损 0.00% | TP1 0.00% TP2 0.00% | 闸门: 15min 数据不可用 | 
[2026-10-06 19:28:12] 🟡 ETH  | 观望 WAIT      | V4 硬闸 | $2,686.25 | R:R 0.0:1 | 止损 0.00% | TP1 0.00% TP2 0.00% | 闸门: 15min 数据不可用 | 
[2026-10-06 20:15:10] 🟡 BTC  | 观望 WAIT      | V4 硬闸 | $85,620.10 | R:R 0.0:1 | 止损 0.00% | TP1 0.00% TP2 0.00% | 闸门: 15min 数据不可用 | 
[2026-10-06 20:15:17] 🟡 ETH  | 观望 WAIT      | V4 硬闸 | $2,692.24 | R:R 0.0:1 | 止损 0.00% | TP1 0.00% TP2 0.00% | 闸门: 15min 数据不可用 | 
[2026-10-06 20:55:00] 🟡 BTC  | 观望 WAIT      | V4 硬闸 | $85,622.30 | R:R 0.0:1 | 止损 0.00% | TP1 0.00% TP2 0.00% | 闸门: 15min 数据不可用 | 
[2026-10-06 20:55:07] 🟡 ETH  | 观望 WAIT      | V4 硬闸 | $2,698.20 | R:R 0.0:1 | 止损 0.00% | TP1 0.00% TP2 0.00% | 闸门: 15min 数据不可用 | 
[2026-10-06 21:18:48] 🟡 BTC  | 观望 WAIT      | V4 硬闸 | $85,516.30 | R:R 0.0:1 | 止损 0.00% | TP1 0.00% TP2 0.00% | 闸门: 15min 数据不可用 | 
[2026-10-06 21:18:55] 🟡 ETH  | 观望 WAIT      | V4 硬闸 | $2,695.97 | R:R 0.0:1 | 止损 0.00% | TP1 0.00% TP2 0.00% | 闸门: 15min 数据不可用 | 
[2026-10-06 22:52:59] 🟡 BTC  | 观望 WAIT      | V4 硬闸 | $85,564.10 | R:R 0.0:1 | 止损 0.00% | TP1 0.00% TP2 0.00% | 闸门: 15min 数据不可用 | 
[2026-10-06 22:53:06] 🟡 ETH  | 观望 WAIT      | V4 硬闸 | $2,696.70 | R:R 0.0:1 | 止损 0.00% | TP1 0.00% TP2 0.00% | 闸门: 15min 数据不可用 | 
[2026-10-06 23:02:24] 🟡 BTC  | 观望 WAIT      | V4 硬闸 | $85,539.80 | R:R 0.0:1 | 止损 0.00% | TP1 0.00% TP2 0.00% | 闸门: 15min 数据不可用 | 
[2026-10-06 23:02:30] 🟡 ETH  | 观望 WAIT      | V4 硬闸 | $2,697.24 | R:R 0.0:1 | 止损 0.00% | TP1 0.00% TP2 0.00% | 闸门: 15min 数据不可用 | 
[2026-10-06 23:53:24] 🟡 BTC  | 观望 WAIT      | V4 硬闸 | $85,580.80 | R:R 0.0:1 | 止损 0.00% | TP1 0.00% TP2 0.00% | 闸门: 15min 数据不可用 | 
[2026-10-06 23:53:31] 🟡 ETH  | 观望 WAIT      | V4 硬闸 | $2,698.98 | R:R 0.0:1 | 止损 0.00% | TP1 0.00% TP2 0.00% | 闸门: 15min 数据不可用 | 
[2026-10-07 00:17:38] 🟡 BTC  | 观望 WAIT      | V4 硬闸 | $85,546.10 | R:R 0.0:1 | 止损 0.00% | TP1 0.00% TP2 0.00% | 闸门: 15min 数据不可用 | 
[2026-10-07 00:17:45] 🟡 ETH  | 观望 WAIT      | V4 硬闸 | $2,698.14 | R:R 0.0:1 | 止损 0.00% | TP1 0.00% TP2 0.00% | 闸门: 15min 数据不可用 | 
[2026-10-07 00:50:36] 🟡 BTC  | 观望 WAIT      | V4 硬闸 | $85,531.60 | R:R 0.0:1 | 止损 0.00% | TP1 0.00% TP2 0.00% | 闸门: 15min 数据不可用 | 
[2026-10-07 00:50:44] 🟡 ETH  | 观望 WAIT      | V4 硬闸 | $2,696.95 | R:R 0.0:1 | 止损 0.00% | TP1 0.00% TP2 0.00% | 闸门: 15min 数据不可用 | 
[2026-10-07 01:52:17] 🟡 BTC  | 观望 WAIT      | V4 硬闸 | $85,207.30 | R:R 0.0:1 | 止损 0.00% | TP1 0.00% TP2 0.00% | 闸门: 15min 数据不可用 | 
[2026-10-07 01:52:23] 🟡 ETH  | 观望 WAIT      | V4 硬闸 | $2,684.75 | R:R 0.0:1 | 止损 0.00% | TP1 0.00% TP2 0.00% | 闸门: 15min 数据不可用 | 
[2026-10-07 02:18:26] 🟡 BTC  | 观望 WAIT      | V4 硬闸 | $84,029.70 | R:R 0.0:1 | 止损 0.00% | TP1 0.00% TP2 0.00% | 闸门: 15min 数据不可用 | 
[2026-10-07 02:18:34] 🟡 ETH  | 观望 WAIT      | V4 硬闸 | $2,617.03 | R:R 0.0:1 | 止损 0.00% | TP1 0.00% TP2 0.00% | 闸门: 15min 数据不可用 | 
[2026-10-07 04:11:08] 🟡 BTC  | 观望 WAIT      | V4 硬闸 | $84,111.00 | R:R 0.0:1 | 止损 0.00% | TP1 0.00% TP2 0.00% | 闸门: 15min 数据不可用 | 
[2026-10-07 04:11:15] 🟡 ETH  | 观望 WAIT      | V4 硬闸 | $2,610.91 | R:R 0.0:1 | 止损 0.00% | TP1 0.00% TP2 0.00% | 闸门: 15min 数据不可用 | 
[2026-10-07 06:11:47] 🟡 BTC  | 观望 WAIT      | V4 硬闸 | $84,280.20 | R:R 0.0:1 | 止损 0.00% | TP1 0.00% TP2 0.00% | 闸门: 15min 数据不可用 | 
[2026-10-07 06:11:55] 🟡 ETH  | 观望 WAIT      | V4 硬闸 | $2,619.44 | R:R 0.0:1 | 止损 0.00% | TP1 0.00% TP2 0.00% | 闸门: 15min 数据不可用 | 
[2026-10-07 06:39:19] 🟡 BTC  | 观望 WAIT      | V4 硬闸 | $84,238.40 | R:R 0.0:1 | 止损 0.00% | TP1 0.00% TP2 0.00% | 闸门: 15min 数据不可用 | 
[2026-10-07 06:39:26] 🟡 ETH  | 观望 WAIT      | V4 硬闸 | $2,618.83 | R:R 0.0:1 | 止损 0.00% | TP1 0.00% TP2 0.00% | 闸门: 15min 数据不可用 | 
[2026-10-07 07:45:08] 🟡 BTC  | 观望 WAIT      | V4 硬闸 | $84,256.10 | R:R 0.0:1 | 止损 0.00% | TP1 0.00% TP2 0.00% | 闸门: 15min 数据不可用 | 
[2026-10-07 07:45:15] 🟡 ETH  | 观望 WAIT      | V4 硬闸 | $2,620.22 | R:R 0.0:1 | 止损 0.00% | TP1 0.00% TP2 0.00% | 闸门: 15min 数据不可用 | 
[2026-10-07 08:48:10] 🟡 BTC  | 观望 WAIT      | V4 硬闸 | $83,988.20 | R:R 0.0:1 | 止损 0.00% | TP1 0.00% TP2 0.00% | 闸门: 15min 数据不可用 | 
[2026-10-07 08:48:18] 🟡 ETH  | 观望 WAIT      | V4 硬闸 | $2,612.11 | R:R 0.0:1 | 止损 0.00% | TP1 0.00% TP2 0.00% | 闸门: 15min 数据不可用 | 
[2026-10-07 11:06:06] 🟡 BTC  | 观望 WAIT      | V4 硬闸 | $83,764.80 | R:R 0.0:1 | 止损 0.00% | TP1 0.00% TP2 0.00% | 闸门: 15min 数据不可用 | 
[2026-10-07 11:06:13] 🟡 ETH  | 观望 WAIT      | V4 硬闸 | $2,577.77 | R:R 0.0:1 | 止损 0.00% | TP1 0.00% TP2 0.00% | 闸门: 15min 数据不可用 | 
[2026-10-07 13:22:27] 🟡 BTC  | 观望 WAIT      | V4 硬闸 | $83,370.40 | R:R 0.0:1 | 止损 0.00% | TP1 0.00% TP2 0.00% | 闸门: 15min 数据不可用 | 
[2026-10-07 13:22:34] 🟡 ETH  | 观望 WAIT      | V4 硬闸 | $2,559.72 | R:R 0.0:1 | 止损 0.00% | TP1 0.00% TP2 0.00% | 闸门: 15min 数据不可用 | 
[2026-10-07 13:57:13] 🟡 BTC  | 观望 WAIT      | V4 硬闸 | $83,320.10 | R:R 0.0:1 | 止损 0.00% | TP1 0.00% TP2 0.00% | 闸门: 15min 数据不可用 | 
[2026-10-07 13:57:20] 🟡 ETH  | 观望 WAIT      | V4 硬闸 | $2,573.75 | R:R 0.0:1 | 止损 0.00% | TP1 0.00% TP2 0.00% | 闸门: 15min 数据不可用 | 
[2026-10-07 14:46:06] 🟡 BTC  | 观望 WAIT      | V4 硬闸 | $83,003.90 | R:R 0.0:1 | 止损 0.00% | TP1 0.00% TP2 0.00% | 闸门: 15min 数据不可用 | 
[2026-10-07 14:46:13] 🟡 ETH  | 观望 WAIT      | V4 硬闸 | $2,560.22 | R:R 0.0:1 | 止损 0.00% | TP1 0.00% TP2 0.00% | 闸门: 15min 数据不可用 | 
[2026-10-07 15:48:14] 🟡 BTC  | 观望 WAIT      | V4 硬闸 | $83,272.80 | R:R 0.0:1 | 止损 0.00% | TP1 0.00% TP2 0.00% | 闸门: 15min 数据不可用 | 
[2026-10-07 15:48:22] 🟡 ETH  | 观望 WAIT      | V4 硬闸 | $2,563.94 | R:R 0.0:1 | 止损 0.00% | TP1 0.00% TP2 0.00% | 闸门: 15min 数据不可用 | 
[2026-10-07 16:10:03] 🟡 BTC  | 观望 WAIT      | V4 硬闸 | $83,554.80 | R:R 0.0:1 | 止损 0.00% | TP1 0.00% TP2 0.00% | 闸门: 15min 数据不可用 | 
[2026-10-07 16:10:10] 🟡 ETH  | 观望 WAIT      | V4 硬闸 | $2,577.97 | R:R 0.0:1 | 止损 0.00% | TP1 0.00% TP2 0.00% | 闸门: 15min 数据不可用 | 
[2026-10-07 17:48:01] 🟡 BTC  | 观望 WAIT      | V4 硬闸 | $83,107.90 | R:R 0.0:1 | 止损 0.00% | TP1 0.00% TP2 0.00% | 闸门: 15min 数据不可用 | 
[2026-10-07 17:48:09] 🟡 ETH  | 观望 WAIT      | V4 硬闸 | $2,548.27 | R:R 0.0:1 | 止损 0.00% | TP1 0.00% TP2 0.00% | 闸门: 15min 数据不可用 | 
[2026-10-07 19:24:44] 🟡 BTC  | 观望 WAIT      | V4 硬闸 | $83,446.70 | R:R 0.0:1 | 止损 0.00% | TP1 0.00% TP2 0.00% | 闸门: 15min 数据不可用 | 
[2026-10-07 19:24:51] 🟡 ETH  | 观望 WAIT      | V4 硬闸 | $2,565.56 | R:R 0.0:1 | 止损 0.00% | TP1 0.00% TP2 0.00% | 闸门: 15min 数据不可用 | 
[2026-10-07 19:50:13] 🟡 BTC  | 观望 WAIT      | V4 硬闸 | $83,322.40 | R:R 0.0:1 | 止损 0.00% | TP1 0.00% TP2 0.00% | 闸门: 15min 数据不可用 | 
[2026-10-07 19:50:20] 🟡 ETH  | 观望 WAIT      | V4 硬闸 | $2,567.10 | R:R 0.0:1 | 止损 0.00% | TP1 0.00% TP2 0.00% | 闸门: 15min 数据不可用 | 
[2026-10-07 20:13:00] 🟡 BTC  | 观望 WAIT      | V4 硬闸 | $83,509.20 | R:R 0.0:1 | 止损 0.00% | TP1 0.00% TP2 0.00% | 闸门: 15min 数据不可用 | 
[2026-10-07 20:13:09] 🟡 ETH  | 观望 WAIT      | V4 硬闸 | $2,574.04 | R:R 0.0:1 | 止损 0.00% | TP1 0.00% TP2 0.00% | 闸门: 15min 数据不可用 | 
[2026-10-07 20:48:11] 🟡 BTC  | 观望 WAIT      | V4 硬闸 | $83,322.20 | R:R 0.0:1 | 止损 0.00% | TP1 0.00% TP2 0.00% | 闸门: 15min 数据不可用 | 
[2026-10-07 20:48:18] 🟡 ETH  | 观望 WAIT      | V4 硬闸 | $2,571.07 | R:R 0.0:1 | 止损 0.00% | TP1 0.00% TP2 0.00% | 闸门: 15min 数据不可用 | 
[2026-10-07 21:19:09] 🟡 BTC  | 观望 WAIT      | V4 硬闸 | $83,339.80 | R:R 0.0:1 | 止损 0.00% | TP1 0.00% TP2 0.00% | 闸门: 15min 数据不可用 | 
[2026-10-07 21:19:16] 🟡 ETH  | 观望 WAIT      | V4 硬闸 | $2,570.65 | R:R 0.0:1 | 止损 0.00% | TP1 0.00% TP2 0.00% | 闸门: 15min 数据不可用 | 
[2026-10-07 22:18:28] 🟡 BTC  | 观望 WAIT      | V4 硬闸 | $83,161.20 | R:R 0.0:1 | 止损 0.00% | TP1 0.00% TP2 0.00% | 闸门: 15min 数据不可用 | 
[2026-10-07 22:18:35] 🟡 ETH  | 观望 WAIT      | V4 硬闸 | $2,564.23 | R:R 0.0:1 | 止损 0.00% | TP1 0.00% TP2 0.00% | 闸门: 15min 数据不可用 | 
[2026-10-07 23:38:10] 🟡 BTC  | 观望 WAIT      | V4 硬闸 | $83,307.90 | R:R 0.0:1 | 止损 0.00% | TP1 0.00% TP2 0.00% | 闸门: 15min 数据不可用 | 
[2026-10-07 23:38:18] 🟡 ETH  | 观望 WAIT      | V4 硬闸 | $2,574.25 | R:R 0.0:1 | 止损 0.00% | TP1 0.00% TP2 0.00% | 闸门: 15min 数据不可用 | 
[2026-10-07 23:53:47] 🟡 BTC  | 观望 WAIT      | V4 硬闸 | $83,266.90 | R:R 0.0:1 | 止损 0.00% | TP1 0.00% TP2 0.00% | 闸门: 15min 数据不可用 | 
[2026-10-07 23:53:54] 🟡 ETH  | 观望 WAIT      | V4 硬闸 | $2,572.99 | R:R 0.0:1 | 止损 0.00% | TP1 0.00% TP2 0.00% | 闸门: 15min 数据不可用 | 
[2026-10-08 00:12:26] 🟡 BTC  | 观望 WAIT      | V4 硬闸 | $83,187.40 | R:R 0.0:1 | 止损 0.00% | TP1 0.00% TP2 0.00% | 闸门: 15min 数据不可用 | 
[2026-10-08 00:12:33] 🟡 ETH  | 观望 WAIT      | V4 硬闸 | $2,569.77 | R:R 0.0:1 | 止损 0.00% | TP1 0.00% TP2 0.00% | 闸门: 15min 数据不可用 | 
[2026-10-08 00:26:17] 🟡 BTC  | 观望 WAIT      | V4 硬闸 | $83,204.80 | R:R 0.0:1 | 止损 0.00% | TP1 0.00% TP2 0.00% | 闸门: 15min 数据不可用 | 
[2026-10-08 00:26:24] 🟡 ETH  | 观望 WAIT      | V4 硬闸 | $2,570.37 | R:R 0.0:1 | 止损 0.00% | TP1 0.00% TP2 0.00% | 闸门: 15min 数据不可用 | 
[2026-10-08 01:06:25] 🟡 BTC  | 观望 WAIT      | V4 硬闸 | $83,451.70 | R:R 0.0:1 | 止损 0.00% | TP1 0.00% TP2 0.00% | 闸门: 15min 数据不可用 | 
[2026-10-08 01:06:32] 🟡 ETH  | 观望 WAIT      | V4 硬闸 | $2,585.05 | R:R 0.0:1 | 止损 0.00% | TP1 0.00% TP2 0.00% | 闸门: 15min 数据不可用 | 
[2026-10-08 02:04:51] 🟡 BTC  | 观望 WAIT      | V4 硬闸 | $83,088.60 | R:R 0.0:1 | 止损 0.00% | TP1 0.00% TP2 0.00% | 闸门: 15min 数据不可用 | 
[2026-10-08 02:05:00] 🟡 ETH  | 观望 WAIT      | V4 硬闸 | $2,579.52 | R:R 0.0:1 | 止损 0.00% | TP1 0.00% TP2 0.00% | 闸门: 15min 数据不可用 | 
[2026-10-08 02:53:08] 🟡 BTC  | 观望 WAIT      | V4 硬闸 | $83,109.30 | R:R 0.0:1 | 止损 0.00% | TP1 0.00% TP2 0.00% | 闸门: 15min 数据不可用 | 
[2026-10-08 02:53:16] 🟡 ETH  | 观望 WAIT      | V4 硬闸 | $2,578.94 | R:R 0.0:1 | 止损 0.00% | TP1 0.00% TP2 0.00% | 闸门: 15min 数据不可用 | 
[2026-10-08 04:20:52] 🟡 BTC  | 观望 WAIT      | V4 硬闸 | $82,281.30 | R:R 0.0:1 | 止损 0.00% | TP1 0.00% TP2 0.00% | 闸门: 15min 数据不可用 | 
[2026-10-08 04:20:59] 🟡 ETH  | 观望 WAIT      | V4 硬闸 | $2,550.70 | R:R 0.0:1 | 止损 0.00% | TP1 0.00% TP2 0.00% | 闸门: 15min 数据不可用 | 
[2026-10-08 06:03:27] 🟡 BTC  | 观望 WAIT      | V4 硬闸 | $82,660.10 | R:R 0.0:1 | 止损 0.00% | TP1 0.00% TP2 0.00% | 闸门: 15min 数据不可用 | 
[2026-10-08 06:03:34] 🟡 ETH  | 观望 WAIT      | V4 硬闸 | $2,563.03 | R:R 0.0:1 | 止损 0.00% | TP1 0.00% TP2 0.00% | 闸门: 15min 数据不可用 | 
[2026-10-08 06:22:13] 🟡 BTC  | 观望 WAIT      | V4 硬闸 | $82,710.70 | R:R 0.0:1 | 止损 0.00% | TP1 0.00% TP2 0.00% | 闸门: 15min 数据不可用 | 
[2026-10-08 06:22:20] 🟡 ETH  | 观望 WAIT      | V4 硬闸 | $2,562.27 | R:R 0.0:1 | 止损 0.00% | TP1 0.00% TP2 0.00% | 闸门: 15min 数据不可用 | 
[2026-10-08 07:20:55] 🟡 BTC  | 观望 WAIT      | V4 硬闸 | $83,111.40 | R:R 0.0:1 | 止损 0.00% | TP1 0.00% TP2 0.00% | 闸门: 15min 数据不可用 | 
[2026-10-08 07:21:02] 🟡 ETH  | 观望 WAIT      | V4 硬闸 | $2,571.26 | R:R 0.0:1 | 止损 0.00% | TP1 0.00% TP2 0.00% | 闸门: 15min 数据不可用 | 
[2026-10-08 08:53:21] 🟡 BTC  | 观望 WAIT      | V4 硬闸 | $82,789.10 | R:R 0.0:1 | 止损 0.00% | TP1 0.00% TP2 0.00% | 闸门: 15min 数据不可用 | 
[2026-10-08 08:53:29] 🟡 ETH  | 观望 WAIT      | V4 硬闸 | $2,557.79 | R:R 0.0:1 | 止损 0.00% | TP1 0.00% TP2 0.00% | 闸门: 15min 数据不可用 | 
[2026-10-08 09:35:02] 🟡 BTC  | 观望 WAIT      | V4 硬闸 | $83,066.90 | R:R 0.0:1 | 止损 0.00% | TP1 0.00% TP2 0.00% | 闸门: 15min 数据不可用 | 
[2026-10-08 09:35:09] 🟡 ETH  | 观望 WAIT      | V4 硬闸 | $2,567.08 | R:R 0.0:1 | 止损 0.00% | TP1 0.00% TP2 0.00% | 闸门: 15min 数据不可用 | 
[2026-10-08 10:22:58] 🟡 BTC  | 观望 WAIT      | V4 硬闸 | $82,933.10 | R:R 0.0:1 | 止损 0.00% | TP1 0.00% TP2 0.00% | 闸门: 15min 数据不可用 | 
[2026-10-08 10:23:06] 🟡 ETH  | 观望 WAIT      | V4 硬闸 | $2,560.90 | R:R 0.0:1 | 止损 0.00% | TP1 0.00% TP2 0.00% | 闸门: 15min 数据不可用 | 
[2026-10-08 11:29:45] 🟡 BTC  | 观望 WAIT      | V4 硬闸 | $82,494.60 | R:R 0.0:1 | 止损 0.00% | TP1 0.00% TP2 0.00% | 闸门: 15min 数据不可用 | 
[2026-10-08 11:29:52] 🟡 ETH  | 观望 WAIT      | V4 硬闸 | $2,537.47 | R:R 0.0:1 | 止损 0.00% | TP1 0.00% TP2 0.00% | 闸门: 15min 数据不可用 | 
[2026-10-08 13:18:27] 🟡 BTC  | 观望 WAIT      | V4 硬闸 | $82,530.00 | R:R 0.0:1 | 止损 0.00% | TP1 0.00% TP2 0.00% | 闸门: 15min 数据不可用 | 
[2026-10-08 13:18:34] 🟡 ETH  | 观望 WAIT      | V4 硬闸 | $2,538.45 | R:R 0.0:1 | 止损 0.00% | TP1 0.00% TP2 0.00% | 闸门: 15min 数据不可用 | 
[2026-10-08 13:42:56] 🟡 BTC  | 观望 WAIT      | V4 硬闸 | $81,782.50 | R:R 0.0:1 | 止损 0.00% | TP1 0.00% TP2 0.00% | 闸门: 15min 数据不可用 | 
[2026-10-08 13:43:04] 🟡 ETH  | 观望 WAIT      | V4 硬闸 | $2,506.84 | R:R 0.0:1 | 止损 0.00% | TP1 0.00% TP2 0.00% | 闸门: 15min 数据不可用 | 
[2026-10-08 14:44:28] 🟡 BTC  | 观望 WAIT      | V4 硬闸 | $82,491.60 | R:R 0.0:1 | 止损 0.00% | TP1 0.00% TP2 0.00% | 闸门: 15min 数据不可用 | 
[2026-10-08 14:44:35] 🟡 ETH  | 观望 WAIT      | V4 硬闸 | $2,526.64 | R:R 0.0:1 | 止损 0.00% | TP1 0.00% TP2 0.00% | 闸门: 15min 数据不可用 | 
[2026-10-08 16:06:45] 🟡 BTC  | 观望 WAIT      | V4 硬闸 | $80,907.30 | R:R 0.0:1 | 止损 0.00% | TP1 0.00% TP2 0.00% | 闸门: 15min 数据不可用 | 
[2026-10-08 16:06:52] 🟡 ETH  | 观望 WAIT      | V4 硬闸 | $2,420.47 | R:R 0.0:1 | 止损 0.00% | TP1 0.00% TP2 0.00% | 闸门: 15min 数据不可用 | 
[2026-10-08 16:51:58] 🟡 BTC  | 观望 WAIT      | V4 硬闸 | $80,960.80 | R:R 0.0:1 | 止损 0.00% | TP1 0.00% TP2 0.00% | 闸门: 15min 数据不可用 | 
[2026-10-08 16:52:05] 🟡 ETH  | 观望 WAIT      | V4 硬闸 | $2,420.92 | R:R 0.0:1 | 止损 0.00% | TP1 0.00% TP2 0.00% | 闸门: 15min 数据不可用 | 
[2026-10-08 17:27:29] 🟡 BTC  | 观望 WAIT      | V4 硬闸 | $80,425.40 | R:R 0.0:1 | 止损 0.00% | TP1 0.00% TP2 0.00% | 闸门: 15min 数据不可用 | 
[2026-10-08 17:27:35] 🟡 ETH  | 观望 WAIT      | V4 硬闸 | $2,410.56 | R:R 0.0:1 | 止损 0.00% | TP1 0.00% TP2 0.00% | 闸门: 15min 数据不可用 | 
[2026-10-08 17:58:28] 🟡 BTC  | 观望 WAIT      | V4 硬闸 | $80,624.70 | R:R 0.0:1 | 止损 0.00% | TP1 0.00% TP2 0.00% | 闸门: 15min 数据不可用 | 
[2026-10-08 17:58:35] 🟡 ETH  | 观望 WAIT      | V4 硬闸 | $2,414.61 | R:R 0.0:1 | 止损 0.00% | TP1 0.00% TP2 0.00% | 闸门: 15min 数据不可用 | 
[2026-10-08 19:19:09] 🟡 BTC  | 观望 WAIT      | V4 硬闸 | $81,518.80 | R:R 0.0:1 | 止损 0.00% | TP1 0.00% TP2 0.00% | 闸门: 15min 数据不可用 | 
[2026-10-08 19:19:16] 🟡 ETH  | 观望 WAIT      | V4 硬闸 | $2,451.68 | R:R 0.0:1 | 止损 0.00% | TP1 0.00% TP2 0.00% | 闸门: 15min 数据不可用 | 
[2026-10-08 20:13:50] 🟡 BTC  | 观望 WAIT      | V4 硬闸 | $81,824.20 | R:R 0.0:1 | 止损 0.00% | TP1 0.00% TP2 0.00% | 闸门: 15min 数据不可用 | 
[2026-10-08 20:13:57] 🟡 ETH  | 观望 WAIT      | V4 硬闸 | $2,469.60 | R:R 0.0:1 | 止损 0.00% | TP1 0.00% TP2 0.00% | 闸门: 15min 数据不可用 | 
[2026-10-08 21:17:26] 🟡 BTC  | 观望 WAIT      | V4 硬闸 | $81,672.80 | R:R 0.0:1 | 止损 0.00% | TP1 0.00% TP2 0.00% | 闸门: 15min 数据不可用 | 
[2026-10-08 21:17:33] 🟡 ETH  | 观望 WAIT      | V4 硬闸 | $2,471.47 | R:R 0.0:1 | 止损 0.00% | TP1 0.00% TP2 0.00% | 闸门: 15min 数据不可用 | 
[2026-10-08 21:35:36] 🟡 BTC  | 观望 WAIT      | V4 硬闸 | $81,645.90 | R:R 0.0:1 | 止损 0.00% | TP1 0.00% TP2 0.00% | 闸门: 15min 数据不可用 | 
[2026-10-08 21:35:43] 🟡 ETH  | 观望 WAIT      | V4 硬闸 | $2,474.52 | R:R 0.0:1 | 止损 0.00% | TP1 0.00% TP2 0.00% | 闸门: 15min 数据不可用 | 
[2026-10-08 22:21:34] 🟡 BTC  | 观望 WAIT      | V4 硬闸 | $81,764.00 | R:R 0.0:1 | 止损 0.00% | TP1 0.00% TP2 0.00% | 闸门: 15min 数据不可用 | 
[2026-10-08 22:21:41] 🟡 ETH  | 观望 WAIT      | V4 硬闸 | $2,473.65 | R:R 0.0:1 | 止损 0.00% | TP1 0.00% TP2 0.00% | 闸门: 15min 数据不可用 | 
[2026-10-08 23:15:28] 🟡 BTC  | 观望 WAIT      | V4 硬闸 | $81,769.70 | R:R 0.0:1 | 止损 0.00% | TP1 0.00% TP2 0.00% | 闸门: 15min 数据不可用 | 
[2026-10-08 23:15:35] 🟡 ETH  | 观望 WAIT      | V4 硬闸 | $2,474.65 | R:R 0.0:1 | 止损 0.00% | TP1 0.00% TP2 0.00% | 闸门: 15min 数据不可用 | 
[2026-10-08 23:47:09] 🟡 BTC  | 观望 WAIT      | V4 硬闸 | $81,680.50 | R:R 0.0:1 | 止损 0.00% | TP1 0.00% TP2 0.00% | 闸门: 15min 数据不可用 | 
[2026-10-08 23:47:16] 🟡 ETH  | 观望 WAIT      | V4 硬闸 | $2,471.90 | R:R 0.0:1 | 止损 0.00% | TP1 0.00% TP2 0.00% | 闸门: 15min 数据不可用 | 
[2026-10-09 00:27:25] 🟡 BTC  | 观望 WAIT      | V4 硬闸 | $81,662.90 | R:R 0.0:1 | 止损 0.00% | TP1 0.00% TP2 0.00% | 闸门: 15min 数据不可用 | 
[2026-10-09 00:27:32] 🟡 ETH  | 观望 WAIT      | V4 硬闸 | $2,474.98 | R:R 0.0:1 | 止损 0.00% | TP1 0.00% TP2 0.00% | 闸门: 15min 数据不可用 | 
[2026-10-09 01:16:47] 🟡 BTC  | 观望 WAIT      | V4 硬闸 | $81,607.40 | R:R 0.0:1 | 止损 0.00% | TP1 0.00% TP2 0.00% | 闸门: 15min 数据不可用 | 
[2026-10-09 01:16:55] 🟡 ETH  | 观望 WAIT      | V4 硬闸 | $2,471.26 | R:R 0.0:1 | 止损 0.00% | TP1 0.00% TP2 0.00% | 闸门: 15min 数据不可用 | 
[2026-10-09 02:18:45] 🟡 BTC  | 观望 WAIT      | V4 硬闸 | $81,909.90 | R:R 0.0:1 | 止损 0.00% | TP1 0.00% TP2 0.00% | 闸门: 15min 数据不可用 | 
[2026-10-09 02:18:52] 🟡 ETH  | 观望 WAIT      | V4 硬闸 | $2,479.44 | R:R 0.0:1 | 止损 0.00% | TP1 0.00% TP2 0.00% | 闸门: 15min 数据不可用 | 
[2026-10-09 02:58:56] 🟡 BTC  | 观望 WAIT      | V4 硬闸 | $82,114.10 | R:R 0.0:1 | 止损 0.00% | TP1 0.00% TP2 0.00% | 闸门: 15min 数据不可用 | 
[2026-10-09 02:59:03] 🟡 ETH  | 观望 WAIT      | V4 硬闸 | $2,488.99 | R:R 0.0:1 | 止损 0.00% | TP1 0.00% TP2 0.00% | 闸门: 15min 数据不可用 | 
[2026-10-09 03:07:57] 🟡 BTC  | 观望 WAIT      | V4 硬闸 | $82,055.80 | R:R 0.0:1 | 止损 0.00% | TP1 0.00% TP2 0.00% | 闸门: 15min 数据不可用 | 
[2026-10-09 03:08:04] 🟡 ETH  | 观望 WAIT      | V4 硬闸 | $2,486.92 | R:R 0.0:1 | 止损 0.00% | TP1 0.00% TP2 0.00% | 闸门: 15min 数据不可用 | 
[2026-10-09 06:35:10] 🟡 BTC  | 观望 WAIT      | V4 硬闸 | $82,460.20 | R:R 0.0:1 | 止损 0.00% | TP1 0.00% TP2 0.00% | 闸门: 15min 数据不可用 | 
[2026-10-09 06:35:18] 🟡 ETH  | 观望 WAIT      | V4 硬闸 | $2,498.38 | R:R 0.0:1 | 止损 0.00% | TP1 0.00% TP2 0.00% | 闸门: 15min 数据不可用 | 
[2026-10-09 07:29:32] 🟡 BTC  | 观望 WAIT      | V4 硬闸 | $82,449.30 | R:R 0.0:1 | 止损 0.00% | TP1 0.00% TP2 0.00% | 闸门: 15min 数据不可用 | 
[2026-10-09 07:29:39] 🟡 ETH  | 观望 WAIT      | V4 硬闸 | $2,499.02 | R:R 0.0:1 | 止损 0.00% | TP1 0.00% TP2 0.00% | 闸门: 15min 数据不可用 | 
[2026-10-09 09:17:51] 🟡 BTC  | 观望 WAIT      | V4 硬闸 | $82,507.90 | R:R 0.0:1 | 止损 0.00% | TP1 0.00% TP2 0.00% | 闸门: 15min 数据不可用 | 
[2026-10-09 09:17:58] 🟡 ETH  | 观望 WAIT      | V4 硬闸 | $2,502.54 | R:R 0.0:1 | 止损 0.00% | TP1 0.00% TP2 0.00% | 闸门: 15min 数据不可用 | 
[2026-10-09 10:22:39] 🟡 BTC  | 观望 WAIT      | V4 硬闸 | $82,578.90 | R:R 0.0:1 | 止损 0.00% | TP1 0.00% TP2 0.00% | 闸门: 15min 数据不可用 | 
[2026-10-09 10:22:46] 🟡 ETH  | 观望 WAIT      | V4 硬闸 | $2,497.67 | R:R 0.0:1 | 止损 0.00% | TP1 0.00% TP2 0.00% | 闸门: 15min 数据不可用 | 
[2026-10-09 13:44:38] 🟡 BTC  | 观望 WAIT      | V4 硬闸 | $82,528.30 | R:R 0.0:1 | 止损 0.00% | TP1 0.00% TP2 0.00% | 闸门: 15min 数据不可用 | 
[2026-10-09 13:44:46] 🟡 ETH  | 观望 WAIT      | V4 硬闸 | $2,482.53 | R:R 0.0:1 | 止损 0.00% | TP1 0.00% TP2 0.00% | 闸门: 15min 数据不可用 | 
[2026-10-09 14:36:20] 🟡 BTC  | 观望 WAIT      | V4 硬闸 | $83,160.80 | R:R 0.0:1 | 止损 0.00% | TP1 0.00% TP2 0.00% | 闸门: 15min 数据不可用 | 
[2026-10-09 14:36:27] 🟡 ETH  | 观望 WAIT      | V4 硬闸 | $2,496.25 | R:R 0.0:1 | 止损 0.00% | TP1 0.00% TP2 0.00% | 闸门: 15min 数据不可用 | 
[2026-10-09 16:21:48] 🟡 BTC  | 观望 WAIT      | V4 硬闸 | $82,772.10 | R:R 0.0:1 | 止损 0.00% | TP1 0.00% TP2 0.00% | 闸门: 15min 数据不可用 | 
[2026-10-09 16:21:55] 🟡 ETH  | 观望 WAIT      | V4 硬闸 | $2,492.62 | R:R 0.0:1 | 止损 0.00% | TP1 0.00% TP2 0.00% | 闸门: 15min 数据不可用 | 
[2026-10-09 17:04:18] 🟡 BTC  | 观望 WAIT      | V4 硬闸 | $82,654.30 | R:R 0.0:1 | 止损 0.00% | TP1 0.00% TP2 0.00% | 闸门: 15min 数据不可用 | 
[2026-10-09 17:04:25] 🟡 ETH  | 观望 WAIT      | V4 硬闸 | $2,488.05 | R:R 0.0:1 | 止损 0.00% | TP1 0.00% TP2 0.00% | 闸门: 15min 数据不可用 | 
[2026-10-09 19:03:21] 🟡 BTC  | 观望 WAIT      | V4 硬闸 | $82,388.30 | R:R 0.0:1 | 止损 0.00% | TP1 0.00% TP2 0.00% | 闸门: 15min 数据不可用 | 
[2026-10-09 19:03:28] 🟡 ETH  | 观望 WAIT      | V4 硬闸 | $2,482.43 | R:R 0.0:1 | 止损 0.00% | TP1 0.00% TP2 0.00% | 闸门: 15min 数据不可用 | 
[2026-10-09 19:41:37] 🟡 BTC  | 观望 WAIT      | V4 硬闸 | $82,349.90 | R:R 0.0:1 | 止损 0.00% | TP1 0.00% TP2 0.00% | 闸门: 15min 数据不可用 | 
[2026-10-09 19:41:45] 🟡 ETH  | 观望 WAIT      | V4 硬闸 | $2,477.53 | R:R 0.0:1 | 止损 0.00% | TP1 0.00% TP2 0.00% | 闸门: 15min 数据不可用 | 
[2026-10-09 21:02:32] 🟡 BTC  | 观望 WAIT      | V4 硬闸 | $82,437.60 | R:R 0.0:1 | 止损 0.00% | TP1 0.00% TP2 0.00% | 闸门: 15min 数据不可用 | 
[2026-10-09 21:02:38] 🟡 ETH  | 观望 WAIT      | V4 硬闸 | $2,480.53 | R:R 0.0:1 | 止损 0.00% | TP1 0.00% TP2 0.00% | 闸门: 15min 数据不可用 | 
[2026-10-09 21:34:40] 🟡 BTC  | 观望 WAIT      | V4 硬闸 | $82,495.10 | R:R 0.0:1 | 止损 0.00% | TP1 0.00% TP2 0.00% | 闸门: 15min 数据不可用 | 
[2026-10-09 21:34:47] 🟡 ETH  | 观望 WAIT      | V4 硬闸 | $2,481.13 | R:R 0.0:1 | 止损 0.00% | TP1 0.00% TP2 0.00% | 闸门: 15min 数据不可用 | 
[2026-10-09 23:12:29] 🟡 BTC  | 观望 WAIT      | V4 硬闸 | $82,546.90 | R:R 0.0:1 | 止损 0.00% | TP1 0.00% TP2 0.00% | 闸门: 15min 数据不可用 | 
[2026-10-09 23:12:36] 🟡 ETH  | 观望 WAIT      | V4 硬闸 | $2,485.23 | R:R 0.0:1 | 止损 0.00% | TP1 0.00% TP2 0.00% | 闸门: 15min 数据不可用 | 
[2026-10-09 23:32:11] 🟡 BTC  | 观望 WAIT      | V4 硬闸 | $82,547.50 | R:R 0.0:1 | 止损 0.00% | TP1 0.00% TP2 0.00% | 闸门: 15min 数据不可用 | 
[2026-10-09 23:32:18] 🟡 ETH  | 观望 WAIT      | V4 硬闸 | $2,486.33 | R:R 0.0:1 | 止损 0.00% | TP1 0.00% TP2 0.00% | 闸门: 15min 数据不可用 | 
[2026-10-10 00:42:30] 🟡 BTC  | 观望 WAIT      | V4 硬闸 | $82,505.30 | R:R 0.0:1 | 止损 0.00% | TP1 0.00% TP2 0.00% | 闸门: 15min 数据不可用 | 
[2026-10-10 00:42:37] 🟡 ETH  | 观望 WAIT      | V4 硬闸 | $2,487.25 | R:R 0.0:1 | 止损 0.00% | TP1 0.00% TP2 0.00% | 闸门: 15min 数据不可用 | 
[2026-10-10 01:10:13] 🟡 BTC  | 观望 WAIT      | V4 硬闸 | $82,538.70 | R:R 0.0:1 | 止损 0.00% | TP1 0.00% TP2 0.00% | 闸门: 15min 数据不可用 | 
[2026-10-10 01:10:20] 🟡 ETH  | 观望 WAIT      | V4 硬闸 | $2,488.76 | R:R 0.0:1 | 止损 0.00% | TP1 0.00% TP2 0.00% | 闸门: 15min 数据不可用 | 
[2026-10-10 02:23:39] 🟡 BTC  | 观望 WAIT      | V4 硬闸 | $82,581.50 | R:R 0.0:1 | 止损 0.00% | TP1 0.00% TP2 0.00% | 闸门: 15min 数据不可用 | 
[2026-10-10 02:23:47] 🟡 ETH  | 观望 WAIT      | V4 硬闸 | $2,491.53 | R:R 0.0:1 | 止损 0.00% | TP1 0.00% TP2 0.00% | 闸门: 15min 数据不可用 | 
[2026-10-10 02:39:46] 🟡 BTC  | 观望 WAIT      | V4 硬闸 | $82,600.00 | R:R 0.0:1 | 止损 0.00% | TP1 0.00% TP2 0.00% | 闸门: 15min 数据不可用 | 
[2026-10-10 02:39:53] 🟡 ETH  | 观望 WAIT      | V4 硬闸 | $2,492.88 | R:R 0.0:1 | 止损 0.00% | TP1 0.00% TP2 0.00% | 闸门: 15min 数据不可用 | 
[2026-10-10 06:24:08] 🟡 BTC  | 观望 WAIT      | V4 硬闸 | $82,698.40 | R:R 0.0:1 | 止损 0.00% | TP1 0.00% TP2 0.00% | 闸门: 15min 数据不可用 | 
[2026-10-10 06:24:15] 🟡 ETH  | 观望 WAIT      | V4 硬闸 | $2,493.95 | R:R 0.0:1 | 止损 0.00% | TP1 0.00% TP2 0.00% | 闸门: 15min 数据不可用 | 
[2026-10-10 07:00:34] 🟡 BTC  | 观望 WAIT      | V4 硬闸 | $82,681.10 | R:R 0.0:1 | 止损 0.00% | TP1 0.00% TP2 0.00% | 闸门: 15min 数据不可用 | 
[2026-10-10 07:00:41] 🟡 ETH  | 观望 WAIT      | V4 硬闸 | $2,491.99 | R:R 0.0:1 | 止损 0.00% | TP1 0.00% TP2 0.00% | 闸门: 15min 数据不可用 | 
[2026-10-10 07:10:38] 🟡 BTC  | 观望 WAIT      | V4 硬闸 | $82,629.50 | R:R 0.0:1 | 止损 0.00% | TP1 0.00% TP2 0.00% | 闸门: 15min 数据不可用 | 
[2026-10-10 07:10:45] 🟡 ETH  | 观望 WAIT      | V4 硬闸 | $2,490.99 | R:R 0.0:1 | 止损 0.00% | TP1 0.00% TP2 0.00% | 闸门: 15min 数据不可用 | 
[2026-10-10 08:48:01] 🟡 BTC  | 观望 WAIT      | V4 硬闸 | $82,708.40 | R:R 0.0:1 | 止损 0.00% | TP1 0.00% TP2 0.00% | 闸门: 15min 数据不可用 | 
[2026-10-10 08:48:08] 🟡 ETH  | 观望 WAIT      | V4 硬闸 | $2,491.75 | R:R 0.0:1 | 止损 0.00% | TP1 0.00% TP2 0.00% | 闸门: 15min 数据不可用 | 
[2026-10-10 08:57:25] 🟡 BTC  | 观望 WAIT      | V4 硬闸 | $82,770.30 | R:R 0.0:1 | 止损 0.00% | TP1 0.00% TP2 0.00% | 闸门: 15min 数据不可用 | 
[2026-10-10 08:57:32] 🟡 ETH  | 观望 WAIT      | V4 硬闸 | $2,493.14 | R:R 0.0:1 | 止损 0.00% | TP1 0.00% TP2 0.00% | 闸门: 15min 数据不可用 | 
[2026-10-10 09:06:21] 🟡 BTC  | 观望 WAIT      | V4 硬闸 | $82,779.90 | R:R 0.0:1 | 止损 0.00% | TP1 0.00% TP2 0.00% | 闸门: 15min 数据不可用 | 
[2026-10-10 09:06:28] 🟡 ETH  | 观望 WAIT      | V4 硬闸 | $2,493.60 | R:R 0.0:1 | 止损 0.00% | TP1 0.00% TP2 0.00% | 闸门: 15min 数据不可用 | 
[2026-10-10 12:47:48] 🟡 BTC  | 观望 WAIT      | V4 硬闸 | $82,756.90 | R:R 0.0:1 | 止损 0.00% | TP1 0.00% TP2 0.00% | 闸门: 15min 数据不可用 | 
[2026-10-10 12:47:54] 🟡 ETH  | 观望 WAIT      | V4 硬闸 | $2,494.25 | R:R 0.0:1 | 止损 0.00% | TP1 0.00% TP2 0.00% | 闸门: 15min 数据不可用 | 
[2026-10-10 13:19:23] 🟡 BTC  | 观望 WAIT      | V4 硬闸 | $82,768.30 | R:R 0.0:1 | 止损 0.00% | TP1 0.00% TP2 0.00% | 闸门: 15min 数据不可用 | 
[2026-10-10 13:19:30] 🟡 ETH  | 观望 WAIT      | V4 硬闸 | $2,495.78 | R:R 0.0:1 | 止损 0.00% | TP1 0.00% TP2 0.00% | 闸门: 15min 数据不可用 | 
[2026-10-10 13:38:23] 🟡 BTC  | 观望 WAIT      | V4 硬闸 | $82,768.50 | R:R 0.0:1 | 止损 0.00% | TP1 0.00% TP2 0.00% | 闸门: 15min 数据不可用 | 
[2026-10-10 13:38:30] 🟡 ETH  | 观望 WAIT      | V4 硬闸 | $2,496.46 | R:R 0.0:1 | 止损 0.00% | TP1 0.00% TP2 0.00% | 闸门: 15min 数据不可用 | 
[2026-10-10 13:50:50] 🟡 BTC  | 观望 WAIT      | V4 硬闸 | $82,760.10 | R:R 0.0:1 | 止损 0.00% | TP1 0.00% TP2 0.00% | 闸门: 15min 数据不可用 | 
[2026-10-10 13:50:57] 🟡 ETH  | 观望 WAIT      | V4 硬闸 | $2,496.88 | R:R 0.0:1 | 止损 0.00% | TP1 0.00% TP2 0.00% | 闸门: 15min 数据不可用 | 
[2026-10-10 14:49:40] 🟡 BTC  | 观望 WAIT      | V4 硬闸 | $82,893.10 | R:R 0.0:1 | 止损 0.00% | TP1 0.00% TP2 0.00% | 闸门: 15min 数据不可用 | 
[2026-10-10 14:49:47] 🟡 ETH  | 观望 WAIT      | V4 硬闸 | $2,506.11 | R:R 0.0:1 | 止损 0.00% | TP1 0.00% TP2 0.00% | 闸门: 15min 数据不可用 | 
[2026-10-10 15:20:28] 🟡 BTC  | 观望 WAIT      | V4 硬闸 | $82,897.40 | R:R 0.0:1 | 止损 0.00% | TP1 0.00% TP2 0.00% | 闸门: 15min 数据不可用 | 
[2026-10-10 15:20:35] 🟡 ETH  | 观望 WAIT      | V4 硬闸 | $2,506.12 | R:R 0.0:1 | 止损 0.00% | TP1 0.00% TP2 0.00% | 闸门: 15min 数据不可用 | 
[2026-10-10 17:29:45] 🟡 BTC  | 观望 WAIT      | V4 硬闸 | $82,976.10 | R:R 0.0:1 | 止损 0.00% | TP1 0.00% TP2 0.00% | 闸门: 15min 数据不可用 | 
[2026-10-10 17:29:52] 🟡 ETH  | 观望 WAIT      | V4 硬闸 | $2,504.52 | R:R 0.0:1 | 止损 0.00% | TP1 0.00% TP2 0.00% | 闸门: 15min 数据不可用 | 
[2026-10-10 17:53:48] 🟡 BTC  | 观望 WAIT      | V4 硬闸 | $83,067.70 | R:R 0.0:1 | 止损 0.00% | TP1 0.00% TP2 0.00% | 闸门: 15min 数据不可用 | 
[2026-10-10 17:53:56] 🟡 ETH  | 观望 WAIT      | V4 硬闸 | $2,505.22 | R:R 0.0:1 | 止损 0.00% | TP1 0.00% TP2 0.00% | 闸门: 15min 数据不可用 | 
[2026-10-10 18:06:32] 🟡 BTC  | 观望 WAIT      | V4 硬闸 | $83,042.50 | R:R 0.0:1 | 止损 0.00% | TP1 0.00% TP2 0.00% | 闸门: 15min 数据不可用 | 
[2026-10-10 18:06:39] 🟡 ETH  | 观望 WAIT      | V4 硬闸 | $2,507.00 | R:R 0.0:1 | 止损 0.00% | TP1 0.00% TP2 0.00% | 闸门: 15min 数据不可用 | 
[2026-10-10 19:01:05] 🟡 BTC  | 观望 WAIT      | V4 硬闸 | $82,949.10 | R:R 0.0:1 | 止损 0.00% | TP1 0.00% TP2 0.00% | 闸门: 15min 数据不可用 | 
[2026-10-10 19:01:12] 🟡 ETH  | 观望 WAIT      | V4 硬闸 | $2,510.19 | R:R 0.0:1 | 止损 0.00% | TP1 0.00% TP2 0.00% | 闸门: 15min 数据不可用 | 
[2026-10-10 19:23:38] 🟡 BTC  | 观望 WAIT      | V4 硬闸 | $82,950.60 | R:R 0.0:1 | 止损 0.00% | TP1 0.00% TP2 0.00% | 闸门: 15min 数据不可用 | 
[2026-10-10 19:23:45] 🟡 ETH  | 观望 WAIT      | V4 硬闸 | $2,510.58 | R:R 0.0:1 | 止损 0.00% | TP1 0.00% TP2 0.00% | 闸门: 15min 数据不可用 | 
[2026-10-10 20:39:34] 🟡 BTC  | 观望 WAIT      | V4 硬闸 | $82,992.50 | R:R 0.0:1 | 止损 0.00% | TP1 0.00% TP2 0.00% | 闸门: 15min 数据不可用 | 
[2026-10-10 20:39:41] 🟡 ETH  | 观望 WAIT      | V4 硬闸 | $2,505.01 | R:R 0.0:1 | 止损 0.00% | TP1 0.00% TP2 0.00% | 闸门: 15min 数据不可用 | 
[2026-10-10 21:24:36] 🟡 BTC  | 观望 WAIT      | V4 硬闸 | $82,983.30 | R:R 0.0:1 | 止损 0.00% | TP1 0.00% TP2 0.00% | 闸门: 15min 数据不可用 | 
[2026-10-10 21:24:44] 🟡 ETH  | 观望 WAIT      | V4 硬闸 | $2,506.66 | R:R 0.0:1 | 止损 0.00% | TP1 0.00% TP2 0.00% | 闸门: 15min 数据不可用 | 
[2026-10-10 21:37:53] 🟡 BTC  | 观望 WAIT      | V4 硬闸 | $83,005.80 | R:R 0.0:1 | 止损 0.00% | TP1 0.00% TP2 0.00% | 闸门: 15min 数据不可用 | 
[2026-10-10 21:38:00] 🟡 ETH  | 观望 WAIT      | V4 硬闸 | $2,507.92 | R:R 0.0:1 | 止损 0.00% | TP1 0.00% TP2 0.00% | 闸门: 15min 数据不可用 | 
[2026-10-10 22:25:17] 🟡 BTC  | 观望 WAIT      | V4 硬闸 | $82,923.80 | R:R 0.0:1 | 止损 0.00% | TP1 0.00% TP2 0.00% | 闸门: 15min 数据不可用 | 
[2026-10-10 22:25:25] 🟡 ETH  | 观望 WAIT      | V4 硬闸 | $2,505.53 | R:R 0.0:1 | 止损 0.00% | TP1 0.00% TP2 0.00% | 闸门: 15min 数据不可用 | 
[2026-10-10 22:48:35] 🟡 BTC  | 观望 WAIT      | V4 硬闸 | $82,882.10 | R:R 0.0:1 | 止损 0.00% | TP1 0.00% TP2 0.00% | 闸门: 15min 数据不可用 | 
[2026-10-10 22:48:42] 🟡 ETH  | 观望 WAIT      | V4 硬闸 | $2,502.80 | R:R 0.0:1 | 止损 0.00% | TP1 0.00% TP2 0.00% | 闸门: 15min 数据不可用 | 
[2026-10-10 23:50:09] 🟡 BTC  | 观望 WAIT      | V4 硬闸 | $82,936.70 | R:R 0.0:1 | 止损 0.00% | TP1 0.00% TP2 0.00% | 闸门: 15min 数据不可用 | 
[2026-10-10 23:50:17] 🟡 ETH  | 观望 WAIT      | V4 硬闸 | $2,505.73 | R:R 0.0:1 | 止损 0.00% | TP1 0.00% TP2 0.00% | 闸门: 15min 数据不可用 | 
[2026-10-11 00:17:41] 🟡 BTC  | 观望 WAIT      | V4 硬闸 | $82,933.80 | R:R 0.0:1 | 止损 0.00% | TP1 0.00% TP2 0.00% | 闸门: 15min 数据不可用 | 
[2026-10-11 00:17:48] 🟡 ETH  | 观望 WAIT      | V4 硬闸 | $2,505.25 | R:R 0.0:1 | 止损 0.00% | TP1 0.00% TP2 0.00% | 闸门: 15min 数据不可用 | 
[2026-10-11 00:29:12] 🟡 BTC  | 观望 WAIT      | V4 硬闸 | $82,900.10 | R:R 0.0:1 | 止损 0.00% | TP1 0.00% TP2 0.00% | 闸门: 15min 数据不可用 | 
[2026-10-11 00:29:19] 🟡 ETH  | 观望 WAIT      | V4 硬闸 | $2,502.16 | R:R 0.0:1 | 止损 0.00% | TP1 0.00% TP2 0.00% | 闸门: 15min 数据不可用 | 
[2026-10-11 01:04:25] 🟡 BTC  | 观望 WAIT      | V4 硬闸 | $82,878.00 | R:R 0.0:1 | 止损 0.00% | TP1 0.00% TP2 0.00% | 闸门: 15min 数据不可用 | 
[2026-10-11 01:04:32] 🟡 ETH  | 观望 WAIT      | V4 硬闸 | $2,503.24 | R:R 0.0:1 | 止损 0.00% | TP1 0.00% TP2 0.00% | 闸门: 15min 数据不可用 | 
